[      87ms] [INFO] %cDownload the React DevTools for a better development experience: https://reactjs.org/link/react-devtools font-weight:bold @ http://localhost:1420/node_modules/.vite/deps/chunk-TXZYISKW.js?v=92030f2b:21608
[     139ms] [ERROR] Failed to load resource: the server responded with a status of 404 (Not Found) @ http://localhost:1420/api/host.describe:0
[     139ms] [WARNING] WebSocket connection to 'ws://localhost:1420/api/events.mux' failed: WebSocket is closed before the connection is established. @ http://localhost:1420/plugins/@deepseek-ai/dsh-client-connection/client.js?rev=bc3c3fa9d26b:10055
[     139ms] [WARNING] WebSocket connection to 'ws://localhost:1420/api/events.host' failed: WebSocket is closed before the connection is established. @ http://localhost:1420/plugins/@deepseek-ai/dsh-client-connection/client.js?rev=bc3c3fa9d26b:10055
[     157ms] [WARNING] [web-runtime] connection lost, retry #1 @ http://localhost:1420/plugins/@deepseek-ai/dsh-client-connection/client.js?rev=bc3c3fa9d26b:115
[     159ms] [ERROR] Failed to load resource: the server responded with a status of 404 (Not Found) @ http://localhost:1420/plugins/events:0
[     159ms] [ERROR] Failed to load resource: the server responded with a status of 404 (Not Found) @ http://localhost:1420/api/settings.describe:0
[     167ms] Error: single slot "conversation.hero.workspace.directoryFlow" already has a registration at priority 0 (registered by Loader) — register at a different priority to shadow it (lowest renders)
    at SlotCore.register (http://localhost:1420/@fs/Users/acfufu/Codehub/dsh-desktop/frontend/packages/client/ui-slots/src/index.ts:43:29)
    at Proxy._register (http://localhost:1420/plugins/@deepseek-ai/dsh-client-runtime/client.js?rev=5404bd0408a5:251:32)
    at Object.apply (http://localhost:1420/node_modules/.vite/deps/chunk-HJOQ7T7N.js?v=92030f2b:125:38)
    at Fiber.<anonymous> (http://localhost:1420/plugins/@deepseek-ai/dsh-client-runtime/client.js?rev=5404bd0408a5:333:50)
    at http://localhost:1420/node_modules/.vite/deps/chunk-HJOQ7T7N.js?v=92030f2b:1103:37
    at Proxy.register (http://localhost:1420/plugins/@deepseek-ai/dsh-client-runtime/client.js?rev=5404bd0408a5:333:20)
    at Object.apply (http://localhost:1420/node_modules/.vite/deps/chunk-HJOQ7T7N.js?v=92030f2b:125:38)
    at Fiber.<anonymous> (http://localhost:1420/plugins/@deepseek-ai/dsh-client-ui-directory-picker-browse/client.js?rev=184b9a4641ac:1027:21)
    at reconcile (http://localhost:1420/plugins/@deepseek-ai/dsh-client-runtime/client.js?rev=5404bd0408a5:81:33)
    at Fiber.<anonymous> (http://localhost:1420/plugins/@deepseek-ai/dsh-client-runtime/client.js?rev=5404bd0408a5:104:7)
    at http://localhost:1420/node_modules/.vite/deps/chunk-HJOQ7T7N.js?v=92030f2b:1103:37
    at Proxy.inject (http://localhost:1420/plugins/@deepseek-ai/dsh-client-runtime/client.js?rev=5404bd0408a5:57:35)
    at Object.apply (http://localhost:1420/node_modules/.vite/deps/chunk-HJOQ7T7N.js?v=92030f2b:125:38)
    at Fiber.<anonymous> (http://localhost:1420/plugins/@deepseek-ai/dsh-client-ui-directory-picker-browse/client.js?rev=184b9a4641ac:1026:82)
    at http://localhost:1420/node_modules/.vite/deps/chunk-HJOQ7T7N.js?v=92030f2b:1103:37
    at reconcile (http://localhost:1420/plugins/@deepseek-ai/dsh-client-runtime/client.js?rev=5404bd0408a5:81:33)
    at changed (http://localhost:1420/plugins/@deepseek-ai/dsh-client-runtime/client.js?rev=5404bd0408a5:89:8)
    at SlotCore.notifyDeclaration (http://localhost:1420/@fs/Users/acfufu/Codehub/dsh-desktop/frontend/packages/client/ui-slots/src/index.ts:397:53)
    at SlotCore.register (http://localhost:1420/@fs/Users/acfufu/Codehub/dsh-desktop/frontend/packages/client/ui-slots/src/index.ts:118:14)
    at Proxy._register (http://localhost:1420/plugins/@deepseek-ai/dsh-client-runtime/client.js?rev=5404bd0408a5:251:32)
    at Object.apply (http://localhost:1420/node_modules/.vite/deps/chunk-HJOQ7T7N.js?v=92030f2b:125:38)
    at Fiber.<anonymous> (http://localhost:1420/plugins/@deepseek-ai/dsh-client-runtime/client.js?rev=5404bd0408a5:333:50)
    at http://localhost:1420/node_modules/.vite/deps/chunk-HJOQ7T7N.js?v=92030f2b:1103:37
[     170ms] [ERROR] Failed to load resource: the server responded with a status of 404 (Not Found) @ http://localhost:1420/api/settings.describe:0
[     170ms] [ERROR] Failed to load resource: the server responded with a status of 404 (Not Found) @ http://localhost:1420/api/settings.describe:0
[     170ms] [ERROR] Failed to load resource: the server responded with a status of 404 (Not Found) @ http://localhost:1420/api/credentials.describe:0
[     170ms] [ERROR] Failed to load resource: the server responded with a status of 404 (Not Found) @ http://localhost:1420/api/settings.describe:0
[     170ms] [ERROR] Failed to load resource: the server responded with a status of 404 (Not Found) @ http://localhost:1420/api/settings.describe:0
[     170ms] [ERROR] Failed to load resource: the server responded with a status of 404 (Not Found) @ http://localhost:1420/api/settings.describe:0
[     175ms] [ERROR] Failed to load resource: the server responded with a status of 404 (Not Found) @ http://localhost:1420/api/dynamicCordisRunner/syncInspectManifest:0
[     175ms] [ERROR] [cordis-client-runner] syncing inspect providers failed: Error: internal: client api: dynamicCordisRunner/syncInspectManifest failed: transport failure for /api/dynamicCordisRunner/syncInspectManifest: HTTP 404
    at Object.sync (http://localhost:1420/plugins/@deepseek-ai/dsh-cordis-client-runner/client.js?rev=53ff5565d917:3979:30)
    at async http://localhost:1420/plugins/@deepseek-ai/dsh-cordis-client-runner/client.js?rev=53ff5565d917:1023:7 @ http://localhost:1420/plugins/@deepseek-ai/dsh-cordis-client-runner/client.js?rev=53ff5565d917:1024
[     175ms] [ERROR] Failed to load resource: the server responded with a status of 404 (Not Found) @ http://localhost:1420/api/dynamicCordisRunner/inventory:0
[     175ms] [ERROR] [ui-cordis] reading the Cordis inventory failed: Error: internal: client api: dynamicCordisRunner/inventory failed: transport failure for /api/dynamicCordisRunner/inventory: HTTP 404
    at Object.inventory (http://localhost:1420/plugins/@deepseek-ai/dsh-client-ui-cordis/client.js?rev=7349dbb9ec78:1284:30) @ http://localhost:1420/plugins/@deepseek-ai/dsh-client-ui-cordis/client.js?rev=7349dbb9ec78:1288
[     176ms] [ERROR] Failed to load resource: the server responded with a status of 404 (Not Found) @ http://localhost:1420/api/agentPreset.list:0
[     435ms] [ERROR] Failed to load resource: the server responded with a status of 404 (Not Found) @ http://localhost:1420/api/host.describe:0
[     435ms] [WARNING] WebSocket connection to 'ws://localhost:1420/api/events.mux' failed: WebSocket is closed before the connection is established. @ http://localhost:1420/plugins/@deepseek-ai/dsh-client-connection/client.js?rev=bc3c3fa9d26b:10055
[     435ms] [WARNING] WebSocket connection to 'ws://localhost:1420/api/events.host' failed: WebSocket is closed before the connection is established. @ http://localhost:1420/plugins/@deepseek-ai/dsh-client-connection/client.js?rev=bc3c3fa9d26b:10055
[     435ms] [WARNING] [web-runtime] connection lost, retry #2 @ http://localhost:1420/plugins/@deepseek-ai/dsh-client-connection/client.js?rev=bc3c3fa9d26b:115
[    1004ms] [ERROR] Failed to load resource: the server responded with a status of 404 (Not Found) @ http://localhost:1420/api/host.describe:0
[    1004ms] [WARNING] WebSocket connection to 'ws://localhost:1420/api/events.mux' failed: WebSocket is closed before the connection is established. @ http://localhost:1420/plugins/@deepseek-ai/dsh-client-connection/client.js?rev=bc3c3fa9d26b:10055
[    1004ms] [WARNING] WebSocket connection to 'ws://localhost:1420/api/events.host' failed: WebSocket is closed before the connection is established. @ http://localhost:1420/plugins/@deepseek-ai/dsh-client-connection/client.js?rev=bc3c3fa9d26b:10055
[    1004ms] [WARNING] [web-runtime] connection lost, retry #3 @ http://localhost:1420/plugins/@deepseek-ai/dsh-client-connection/client.js?rev=bc3c3fa9d26b:115
[    2773ms] [ERROR] Failed to load resource: the server responded with a status of 404 (Not Found) @ http://localhost:1420/api/host.describe:0
[    2774ms] [WARNING] WebSocket connection to 'ws://localhost:1420/api/events.mux' failed: WebSocket is closed before the connection is established. @ http://localhost:1420/plugins/@deepseek-ai/dsh-client-connection/client.js?rev=bc3c3fa9d26b:10055
[    2774ms] [WARNING] WebSocket connection to 'ws://localhost:1420/api/events.host' failed: WebSocket is closed before the connection is established. @ http://localhost:1420/plugins/@deepseek-ai/dsh-client-connection/client.js?rev=bc3c3fa9d26b:10055
[    2774ms] [WARNING] [web-runtime] connection lost, retry #4 @ http://localhost:1420/plugins/@deepseek-ai/dsh-client-connection/client.js?rev=bc3c3fa9d26b:115
[    6280ms] [ERROR] Failed to load resource: the server responded with a status of 404 (Not Found) @ http://localhost:1420/api/host.describe:0
[    6280ms] [WARNING] WebSocket connection to 'ws://localhost:1420/api/events.mux' failed: WebSocket is closed before the connection is established. @ http://localhost:1420/plugins/@deepseek-ai/dsh-client-connection/client.js?rev=bc3c3fa9d26b:10055
[    6280ms] [WARNING] WebSocket connection to 'ws://localhost:1420/api/events.host' failed: WebSocket is closed before the connection is established. @ http://localhost:1420/plugins/@deepseek-ai/dsh-client-connection/client.js?rev=bc3c3fa9d26b:10055
[    6280ms] [WARNING] [web-runtime] connection lost, retry #5 @ http://localhost:1420/plugins/@deepseek-ai/dsh-client-connection/client.js?rev=bc3c3fa9d26b:115
[   10780ms] [ERROR] Failed to load resource: the server responded with a status of 404 (Not Found) @ http://localhost:1420/api/host.describe:0
[   10780ms] [WARNING] WebSocket connection to 'ws://localhost:1420/api/events.mux' failed: WebSocket is closed before the connection is established. @ http://localhost:1420/plugins/@deepseek-ai/dsh-client-connection/client.js?rev=bc3c3fa9d26b:10055
[   10780ms] [WARNING] WebSocket connection to 'ws://localhost:1420/api/events.host' failed: WebSocket is closed before the connection is established. @ http://localhost:1420/plugins/@deepseek-ai/dsh-client-connection/client.js?rev=bc3c3fa9d26b:10055
[   10780ms] [WARNING] [web-runtime] connection lost, retry #6 @ http://localhost:1420/plugins/@deepseek-ai/dsh-client-connection/client.js?rev=bc3c3fa9d26b:115
[   17101ms] [ERROR] Failed to load resource: the server responded with a status of 404 (Not Found) @ http://localhost:1420/api/host.describe:0
[   17101ms] [WARNING] WebSocket connection to 'ws://localhost:1420/api/events.mux' failed: WebSocket is closed before the connection is established. @ http://localhost:1420/plugins/@deepseek-ai/dsh-client-connection/client.js?rev=bc3c3fa9d26b:10055
[   17101ms] [WARNING] WebSocket connection to 'ws://localhost:1420/api/events.host' failed: WebSocket is closed before the connection is established. @ http://localhost:1420/plugins/@deepseek-ai/dsh-client-connection/client.js?rev=bc3c3fa9d26b:10055
[   17101ms] [WARNING] [web-runtime] connection lost, retry #7 @ http://localhost:1420/plugins/@deepseek-ai/dsh-client-connection/client.js?rev=bc3c3fa9d26b:115
[   22168ms] [ERROR] Failed to load resource: the server responded with a status of 404 (Not Found) @ http://localhost:1420/api/host.describe:0
[   22168ms] [WARNING] WebSocket connection to 'ws://localhost:1420/api/events.mux' failed: WebSocket is closed before the connection is established. @ http://localhost:1420/plugins/@deepseek-ai/dsh-client-connection/client.js?rev=bc3c3fa9d26b:10055
[   22168ms] [WARNING] WebSocket connection to 'ws://localhost:1420/api/events.host' failed: WebSocket is closed before the connection is established. @ http://localhost:1420/plugins/@deepseek-ai/dsh-client-connection/client.js?rev=bc3c3fa9d26b:10055
[   22168ms] [WARNING] [web-runtime] connection lost, retry #8 @ http://localhost:1420/plugins/@deepseek-ai/dsh-client-connection/client.js?rev=bc3c3fa9d26b:115
[   27750ms] [ERROR] Failed to load resource: the server responded with a status of 404 (Not Found) @ http://localhost:1420/api/host.describe:0
[   27751ms] [WARNING] WebSocket connection to 'ws://localhost:1420/api/events.mux' failed: WebSocket is closed before the connection is established. @ http://localhost:1420/plugins/@deepseek-ai/dsh-client-connection/client.js?rev=bc3c3fa9d26b:10055
[   27751ms] [WARNING] WebSocket connection to 'ws://localhost:1420/api/events.host' failed: WebSocket is closed before the connection is established. @ http://localhost:1420/plugins/@deepseek-ai/dsh-client-connection/client.js?rev=bc3c3fa9d26b:10055
[   27751ms] [WARNING] [web-runtime] connection lost, retry #9 @ http://localhost:1420/plugins/@deepseek-ai/dsh-client-connection/client.js?rev=bc3c3fa9d26b:115
[   33414ms] [ERROR] Failed to load resource: the server responded with a status of 404 (Not Found) @ http://localhost:1420/api/host.describe:0
[   33414ms] [WARNING] WebSocket connection to 'ws://localhost:1420/api/events.mux' failed: WebSocket is closed before the connection is established. @ http://localhost:1420/plugins/@deepseek-ai/dsh-client-connection/client.js?rev=bc3c3fa9d26b:10055
[   33414ms] [WARNING] WebSocket connection to 'ws://localhost:1420/api/events.host' failed: WebSocket is closed before the connection is established. @ http://localhost:1420/plugins/@deepseek-ai/dsh-client-connection/client.js?rev=bc3c3fa9d26b:10055
[   33414ms] [WARNING] [web-runtime] connection lost, retry #10 @ http://localhost:1420/plugins/@deepseek-ai/dsh-client-connection/client.js?rev=bc3c3fa9d26b:115
[   38740ms] [ERROR] Failed to load resource: the server responded with a status of 404 (Not Found) @ http://localhost:1420/api/host.describe:0
[   38740ms] [WARNING] WebSocket connection to 'ws://localhost:1420/api/events.mux' failed: WebSocket is closed before the connection is established. @ http://localhost:1420/plugins/@deepseek-ai/dsh-client-connection/client.js?rev=bc3c3fa9d26b:10055
[   38740ms] [WARNING] WebSocket connection to 'ws://localhost:1420/api/events.host' failed: WebSocket is closed before the connection is established. @ http://localhost:1420/plugins/@deepseek-ai/dsh-client-connection/client.js?rev=bc3c3fa9d26b:10055
[   38740ms] [WARNING] [web-runtime] connection lost, retry #11 @ http://localhost:1420/plugins/@deepseek-ai/dsh-client-connection/client.js?rev=bc3c3fa9d26b:115
[   48454ms] [ERROR] Failed to load resource: the server responded with a status of 404 (Not Found) @ http://localhost:1420/api/host.describe:0
[   48455ms] [WARNING] WebSocket connection to 'ws://localhost:1420/api/events.mux' failed: WebSocket is closed before the connection is established. @ http://localhost:1420/plugins/@deepseek-ai/dsh-client-connection/client.js?rev=bc3c3fa9d26b:10055
[   48455ms] [WARNING] WebSocket connection to 'ws://localhost:1420/api/events.host' failed: WebSocket is closed before the connection is established. @ http://localhost:1420/plugins/@deepseek-ai/dsh-client-connection/client.js?rev=bc3c3fa9d26b:10055
[   48455ms] [WARNING] [web-runtime] connection lost, retry #12 @ http://localhost:1420/plugins/@deepseek-ai/dsh-client-connection/client.js?rev=bc3c3fa9d26b:115
[   57952ms] [ERROR] Failed to load resource: the server responded with a status of 404 (Not Found) @ http://localhost:1420/api/host.describe:0
[   57952ms] [WARNING] WebSocket connection to 'ws://localhost:1420/api/events.mux' failed: WebSocket is closed before the connection is established. @ http://localhost:1420/plugins/@deepseek-ai/dsh-client-connection/client.js?rev=bc3c3fa9d26b:10055
[   57952ms] [WARNING] WebSocket connection to 'ws://localhost:1420/api/events.host' failed: WebSocket is closed before the connection is established. @ http://localhost:1420/plugins/@deepseek-ai/dsh-client-connection/client.js?rev=bc3c3fa9d26b:10055
[   57952ms] [WARNING] [web-runtime] connection lost, retry #13 @ http://localhost:1420/plugins/@deepseek-ai/dsh-client-connection/client.js?rev=bc3c3fa9d26b:115
[   63953ms] [ERROR] Failed to load resource: the server responded with a status of 404 (Not Found) @ http://localhost:1420/api/host.describe:0
[   63953ms] [WARNING] WebSocket connection to 'ws://localhost:1420/api/events.mux' failed: WebSocket is closed before the connection is established. @ http://localhost:1420/plugins/@deepseek-ai/dsh-client-connection/client.js?rev=bc3c3fa9d26b:10055
[   63953ms] [WARNING] WebSocket connection to 'ws://localhost:1420/api/events.host' failed: WebSocket is closed before the connection is established. @ http://localhost:1420/plugins/@deepseek-ai/dsh-client-connection/client.js?rev=bc3c3fa9d26b:10055
[   63953ms] [WARNING] [web-runtime] connection lost, retry #14 @ http://localhost:1420/plugins/@deepseek-ai/dsh-client-connection/client.js?rev=bc3c3fa9d26b:115
[   72691ms] [ERROR] Failed to load resource: the server responded with a status of 404 (Not Found) @ http://localhost:1420/api/host.describe:0
[   72692ms] [WARNING] WebSocket connection to 'ws://localhost:1420/api/events.mux' failed: WebSocket is closed before the connection is established. @ http://localhost:1420/plugins/@deepseek-ai/dsh-client-connection/client.js?rev=bc3c3fa9d26b:10055
[   72692ms] [WARNING] WebSocket connection to 'ws://localhost:1420/api/events.host' failed: WebSocket is closed before the connection is established. @ http://localhost:1420/plugins/@deepseek-ai/dsh-client-connection/client.js?rev=bc3c3fa9d26b:10055
[   72692ms] [WARNING] [web-runtime] connection lost, retry #15 @ http://localhost:1420/plugins/@deepseek-ai/dsh-client-connection/client.js?rev=bc3c3fa9d26b:115
[   80440ms] [ERROR] Failed to load resource: the server responded with a status of 404 (Not Found) @ http://localhost:1420/api/host.describe:0
[   80440ms] [WARNING] WebSocket connection to 'ws://localhost:1420/api/events.mux' failed: WebSocket is closed before the connection is established. @ http://localhost:1420/plugins/@deepseek-ai/dsh-client-connection/client.js?rev=bc3c3fa9d26b:10055
[   80440ms] [WARNING] WebSocket connection to 'ws://localhost:1420/api/events.host' failed: WebSocket is closed before the connection is established. @ http://localhost:1420/plugins/@deepseek-ai/dsh-client-connection/client.js?rev=bc3c3fa9d26b:10055
[   80441ms] [WARNING] [web-runtime] connection lost, retry #16 @ http://localhost:1420/plugins/@deepseek-ai/dsh-client-connection/client.js?rev=bc3c3fa9d26b:115
[   87589ms] [ERROR] Failed to load resource: the server responded with a status of 404 (Not Found) @ http://localhost:1420/api/host.describe:0
[   87589ms] [WARNING] WebSocket connection to 'ws://localhost:1420/api/events.mux' failed: WebSocket is closed before the connection is established. @ http://localhost:1420/plugins/@deepseek-ai/dsh-client-connection/client.js?rev=bc3c3fa9d26b:10055
[   87589ms] [WARNING] WebSocket connection to 'ws://localhost:1420/api/events.host' failed: WebSocket is closed before the connection is established. @ http://localhost:1420/plugins/@deepseek-ai/dsh-client-connection/client.js?rev=bc3c3fa9d26b:10055
[   87589ms] [WARNING] [web-runtime] connection lost, retry #17 @ http://localhost:1420/plugins/@deepseek-ai/dsh-client-connection/client.js?rev=bc3c3fa9d26b:115
[   94198ms] [ERROR] Failed to load resource: the server responded with a status of 404 (Not Found) @ http://localhost:1420/api/host.describe:0
[   94198ms] [WARNING] WebSocket connection to 'ws://localhost:1420/api/events.mux' failed: WebSocket is closed before the connection is established. @ http://localhost:1420/plugins/@deepseek-ai/dsh-client-connection/client.js?rev=bc3c3fa9d26b:10055
[   94198ms] [WARNING] WebSocket connection to 'ws://localhost:1420/api/events.host' failed: WebSocket is closed before the connection is established. @ http://localhost:1420/plugins/@deepseek-ai/dsh-client-connection/client.js?rev=bc3c3fa9d26b:10055
[   94198ms] [WARNING] [web-runtime] connection lost, retry #18 @ http://localhost:1420/plugins/@deepseek-ai/dsh-client-connection/client.js?rev=bc3c3fa9d26b:115
[  104198ms] [ERROR] Failed to load resource: the server responded with a status of 404 (Not Found) @ http://localhost:1420/api/host.describe:0
[  104199ms] [WARNING] WebSocket connection to 'ws://localhost:1420/api/events.mux' failed: WebSocket is closed before the connection is established. @ http://localhost:1420/plugins/@deepseek-ai/dsh-client-connection/client.js?rev=bc3c3fa9d26b:10055
[  104199ms] [WARNING] WebSocket connection to 'ws://localhost:1420/api/events.host' failed: WebSocket is closed before the connection is established. @ http://localhost:1420/plugins/@deepseek-ai/dsh-client-connection/client.js?rev=bc3c3fa9d26b:10055
[  104199ms] [WARNING] [web-runtime] connection lost, retry #19 @ http://localhost:1420/plugins/@deepseek-ai/dsh-client-connection/client.js?rev=bc3c3fa9d26b:115
[  107293ms] [LOG] [vite] server connection lost. Polling for restart... @ http://localhost:1420/@vite/client:963
[  107953ms] [INFO] %cDownload the React DevTools for a better development experience: https://reactjs.org/link/react-devtools font-weight:bold @ http://localhost:1420/node_modules/.vite/deps/chunk-TXZYISKW.js?v=92030f2b:21608
[  108061ms] [ERROR] Failed to load resource: the server responded with a status of 404 (Not Found) @ http://localhost:1420/api/host.describe:0
[  108061ms] [WARNING] WebSocket connection to 'ws://localhost:1420/api/events.mux' failed: WebSocket is closed before the connection is established. @ http://localhost:1420/plugins/@deepseek-ai/dsh-client-connection/client.js?rev=bc3c3fa9d26b:10055
[  108061ms] [WARNING] WebSocket connection to 'ws://localhost:1420/api/events.host' failed: WebSocket is closed before the connection is established. @ http://localhost:1420/plugins/@deepseek-ai/dsh-client-connection/client.js?rev=bc3c3fa9d26b:10055
[  108080ms] [WARNING] [web-runtime] connection lost, retry #1 @ http://localhost:1420/plugins/@deepseek-ai/dsh-client-connection/client.js?rev=bc3c3fa9d26b:115
[  108082ms] [ERROR] Failed to load resource: the server responded with a status of 404 (Not Found) @ http://localhost:1420/plugins/events:0
[  108083ms] [ERROR] Failed to load resource: the server responded with a status of 404 (Not Found) @ http://localhost:1420/api/settings.describe:0
[  108087ms] Error: single slot "conversation.hero.workspace.directoryFlow" already has a registration at priority 0 (registered by Loader) — register at a different priority to shadow it (lowest renders)
    at SlotCore.register (http://localhost:1420/@fs/Users/acfufu/Codehub/dsh-desktop/frontend/packages/client/ui-slots/src/index.ts:43:29)
    at Proxy._register (http://localhost:1420/plugins/@deepseek-ai/dsh-client-runtime/client.js?rev=5404bd0408a5:251:32)
    at Object.apply (http://localhost:1420/node_modules/.vite/deps/chunk-HJOQ7T7N.js?v=92030f2b:125:38)
    at Fiber.<anonymous> (http://localhost:1420/plugins/@deepseek-ai/dsh-client-runtime/client.js?rev=5404bd0408a5:333:50)
    at http://localhost:1420/node_modules/.vite/deps/chunk-HJOQ7T7N.js?v=92030f2b:1103:37
    at Proxy.register (http://localhost:1420/plugins/@deepseek-ai/dsh-client-runtime/client.js?rev=5404bd0408a5:333:20)
    at Object.apply (http://localhost:1420/node_modules/.vite/deps/chunk-HJOQ7T7N.js?v=92030f2b:125:38)
    at Fiber.<anonymous> (http://localhost:1420/plugins/@deepseek-ai/dsh-client-ui-directory-picker-browse/client.js?rev=184b9a4641ac:1027:21)
    at reconcile (http://localhost:1420/plugins/@deepseek-ai/dsh-client-runtime/client.js?rev=5404bd0408a5:81:33)
    at Fiber.<anonymous> (http://localhost:1420/plugins/@deepseek-ai/dsh-client-runtime/client.js?rev=5404bd0408a5:104:7)
    at http://localhost:1420/node_modules/.vite/deps/chunk-HJOQ7T7N.js?v=92030f2b:1103:37
    at Proxy.inject (http://localhost:1420/plugins/@deepseek-ai/dsh-client-runtime/client.js?rev=5404bd0408a5:57:35)
    at Object.apply (http://localhost:1420/node_modules/.vite/deps/chunk-HJOQ7T7N.js?v=92030f2b:125:38)
    at Fiber.<anonymous> (http://localhost:1420/plugins/@deepseek-ai/dsh-client-ui-directory-picker-browse/client.js?rev=184b9a4641ac:1026:82)
    at http://localhost:1420/node_modules/.vite/deps/chunk-HJOQ7T7N.js?v=92030f2b:1103:37
    at reconcile (http://localhost:1420/plugins/@deepseek-ai/dsh-client-runtime/client.js?rev=5404bd0408a5:81:33)
    at changed (http://localhost:1420/plugins/@deepseek-ai/dsh-client-runtime/client.js?rev=5404bd0408a5:89:8)
    at SlotCore.notifyDeclaration (http://localhost:1420/@fs/Users/acfufu/Codehub/dsh-desktop/frontend/packages/client/ui-slots/src/index.ts:397:53)
    at SlotCore.register (http://localhost:1420/@fs/Users/acfufu/Codehub/dsh-desktop/frontend/packages/client/ui-slots/src/index.ts:118:14)
    at Proxy._register (http://localhost:1420/plugins/@deepseek-ai/dsh-client-runtime/client.js?rev=5404bd0408a5:251:32)
    at Object.apply (http://localhost:1420/node_modules/.vite/deps/chunk-HJOQ7T7N.js?v=92030f2b:125:38)
    at Fiber.<anonymous> (http://localhost:1420/plugins/@deepseek-ai/dsh-client-runtime/client.js?rev=5404bd0408a5:333:50)
    at http://localhost:1420/node_modules/.vite/deps/chunk-HJOQ7T7N.js?v=92030f2b:1103:37
[  108095ms] [ERROR] Failed to load resource: the server responded with a status of 404 (Not Found) @ http://localhost:1420/api/settings.describe:0
[  108095ms] [ERROR] Failed to load resource: the server responded with a status of 404 (Not Found) @ http://localhost:1420/api/settings.describe:0
[  108095ms] [ERROR] Failed to load resource: the server responded with a status of 404 (Not Found) @ http://localhost:1420/api/credentials.describe:0
[  108095ms] [ERROR] Failed to load resource: the server responded with a status of 404 (Not Found) @ http://localhost:1420/api/settings.describe:0
[  108095ms] [ERROR] Failed to load resource: the server responded with a status of 404 (Not Found) @ http://localhost:1420/api/settings.describe:0
[  108095ms] [ERROR] Failed to load resource: the server responded with a status of 404 (Not Found) @ http://localhost:1420/api/settings.describe:0
[  108101ms] [ERROR] Failed to load resource: the server responded with a status of 404 (Not Found) @ http://localhost:1420/api/dynamicCordisRunner/syncInspectManifest:0
[  108101ms] [ERROR] [cordis-client-runner] syncing inspect providers failed: Error: internal: client api: dynamicCordisRunner/syncInspectManifest failed: transport failure for /api/dynamicCordisRunner/syncInspectManifest: HTTP 404
    at Object.sync (http://localhost:1420/plugins/@deepseek-ai/dsh-cordis-client-runner/client.js?rev=53ff5565d917:3979:30)
    at async http://localhost:1420/plugins/@deepseek-ai/dsh-cordis-client-runner/client.js?rev=53ff5565d917:1023:7 @ http://localhost:1420/plugins/@deepseek-ai/dsh-cordis-client-runner/client.js?rev=53ff5565d917:1024
[  108101ms] [ERROR] Failed to load resource: the server responded with a status of 404 (Not Found) @ http://localhost:1420/api/dynamicCordisRunner/inventory:0
[  108101ms] [ERROR] [ui-cordis] reading the Cordis inventory failed: Error: internal: client api: dynamicCordisRunner/inventory failed: transport failure for /api/dynamicCordisRunner/inventory: HTTP 404
    at Object.inventory (http://localhost:1420/plugins/@deepseek-ai/dsh-client-ui-cordis/client.js?rev=7349dbb9ec78:1284:30) @ http://localhost:1420/plugins/@deepseek-ai/dsh-client-ui-cordis/client.js?rev=7349dbb9ec78:1288
[  108101ms] [ERROR] Failed to load resource: the server responded with a status of 404 (Not Found) @ http://localhost:1420/api/agentPreset.list:0
[  108438ms] [ERROR] Failed to load resource: the server responded with a status of 404 (Not Found) @ http://localhost:1420/api/host.describe:0
[  108438ms] [WARNING] WebSocket connection to 'ws://localhost:1420/api/events.mux' failed: WebSocket is closed before the connection is established. @ http://localhost:1420/plugins/@deepseek-ai/dsh-client-connection/client.js?rev=bc3c3fa9d26b:10055
[  108438ms] [WARNING] WebSocket connection to 'ws://localhost:1420/api/events.host' failed: WebSocket is closed before the connection is established. @ http://localhost:1420/plugins/@deepseek-ai/dsh-client-connection/client.js?rev=bc3c3fa9d26b:10055
[  108438ms] [WARNING] [web-runtime] connection lost, retry #2 @ http://localhost:1420/plugins/@deepseek-ai/dsh-client-connection/client.js?rev=bc3c3fa9d26b:115
[  109336ms] [ERROR] Failed to load resource: the server responded with a status of 404 (Not Found) @ http://localhost:1420/api/host.describe:0
[  109336ms] [WARNING] WebSocket connection to 'ws://localhost:1420/api/events.mux' failed: WebSocket is closed before the connection is established. @ http://localhost:1420/plugins/@deepseek-ai/dsh-client-connection/client.js?rev=bc3c3fa9d26b:10055
[  109336ms] [WARNING] WebSocket connection to 'ws://localhost:1420/api/events.host' failed: WebSocket is closed before the connection is established. @ http://localhost:1420/plugins/@deepseek-ai/dsh-client-connection/client.js?rev=bc3c3fa9d26b:10055
[  109336ms] [WARNING] [web-runtime] connection lost, retry #3 @ http://localhost:1420/plugins/@deepseek-ai/dsh-client-connection/client.js?rev=bc3c3fa9d26b:115
[  111283ms] [ERROR] Failed to load resource: the server responded with a status of 404 (Not Found) @ http://localhost:1420/api/host.describe:0
[  111283ms] [WARNING] WebSocket connection to 'ws://localhost:1420/api/events.mux' failed: WebSocket is closed before the connection is established. @ http://localhost:1420/plugins/@deepseek-ai/dsh-client-connection/client.js?rev=bc3c3fa9d26b:10055
[  111283ms] [WARNING] WebSocket connection to 'ws://localhost:1420/api/events.host' failed: WebSocket is closed before the connection is established. @ http://localhost:1420/plugins/@deepseek-ai/dsh-client-connection/client.js?rev=bc3c3fa9d26b:10055
[  111283ms] [WARNING] [web-runtime] connection lost, retry #4 @ http://localhost:1420/plugins/@deepseek-ai/dsh-client-connection/client.js?rev=bc3c3fa9d26b:115
[  113850ms] [ERROR] Failed to load resource: the server responded with a status of 404 (Not Found) @ http://localhost:1420/api/host.describe:0
[  113850ms] [WARNING] WebSocket connection to 'ws://localhost:1420/api/events.mux' failed: WebSocket is closed before the connection is established. @ http://localhost:1420/plugins/@deepseek-ai/dsh-client-connection/client.js?rev=bc3c3fa9d26b:10055
[  113850ms] [WARNING] WebSocket connection to 'ws://localhost:1420/api/events.host' failed: WebSocket is closed before the connection is established. @ http://localhost:1420/plugins/@deepseek-ai/dsh-client-connection/client.js?rev=bc3c3fa9d26b:10055
[  113850ms] [WARNING] [web-runtime] connection lost, retry #5 @ http://localhost:1420/plugins/@deepseek-ai/dsh-client-connection/client.js?rev=bc3c3fa9d26b:115
[  118322ms] [ERROR] Failed to load resource: the server responded with a status of 404 (Not Found) @ http://localhost:1420/api/host.describe:0
[  118322ms] [WARNING] WebSocket connection to 'ws://localhost:1420/api/events.mux' failed: WebSocket is closed before the connection is established. @ http://localhost:1420/plugins/@deepseek-ai/dsh-client-connection/client.js?rev=bc3c3fa9d26b:10055
[  118322ms] [WARNING] WebSocket connection to 'ws://localhost:1420/api/events.host' failed: WebSocket is closed before the connection is established. @ http://localhost:1420/plugins/@deepseek-ai/dsh-client-connection/client.js?rev=bc3c3fa9d26b:10055
[  118323ms] [WARNING] [web-runtime] connection lost, retry #6 @ http://localhost:1420/plugins/@deepseek-ai/dsh-client-connection/client.js?rev=bc3c3fa9d26b:115
[  124204ms] [ERROR] Failed to load resource: the server responded with a status of 404 (Not Found) @ http://localhost:1420/api/host.describe:0
[  124204ms] [WARNING] WebSocket connection to 'ws://localhost:1420/api/events.mux' failed: WebSocket is closed before the connection is established. @ http://localhost:1420/plugins/@deepseek-ai/dsh-client-connection/client.js?rev=bc3c3fa9d26b:10055
[  124204ms] [WARNING] WebSocket connection to 'ws://localhost:1420/api/events.host' failed: WebSocket is closed before the connection is established. @ http://localhost:1420/plugins/@deepseek-ai/dsh-client-connection/client.js?rev=bc3c3fa9d26b:10055
[  124205ms] [WARNING] [web-runtime] connection lost, retry #7 @ http://localhost:1420/plugins/@deepseek-ai/dsh-client-connection/client.js?rev=bc3c3fa9d26b:115
[  134174ms] [ERROR] Failed to load resource: the server responded with a status of 404 (Not Found) @ http://localhost:1420/api/host.describe:0
[  134175ms] [WARNING] WebSocket connection to 'ws://localhost:1420/api/events.mux' failed: WebSocket is closed before the connection is established. @ http://localhost:1420/plugins/@deepseek-ai/dsh-client-connection/client.js?rev=bc3c3fa9d26b:10055
[  134175ms] [WARNING] WebSocket connection to 'ws://localhost:1420/api/events.host' failed: WebSocket is closed before the connection is established. @ http://localhost:1420/plugins/@deepseek-ai/dsh-client-connection/client.js?rev=bc3c3fa9d26b:10055
[  134175ms] [WARNING] [web-runtime] connection lost, retry #8 @ http://localhost:1420/plugins/@deepseek-ai/dsh-client-connection/client.js?rev=bc3c3fa9d26b:115
[  142249ms] [ERROR] Failed to load resource: the server responded with a status of 404 (Not Found) @ http://localhost:1420/api/host.describe:0
[  142249ms] [WARNING] WebSocket connection to 'ws://localhost:1420/api/events.mux' failed: WebSocket is closed before the connection is established. @ http://localhost:1420/plugins/@deepseek-ai/dsh-client-connection/client.js?rev=bc3c3fa9d26b:10055
[  142249ms] [WARNING] WebSocket connection to 'ws://localhost:1420/api/events.host' failed: WebSocket is closed before the connection is established. @ http://localhost:1420/plugins/@deepseek-ai/dsh-client-connection/client.js?rev=bc3c3fa9d26b:10055
[  142249ms] [WARNING] [web-runtime] connection lost, retry #9 @ http://localhost:1420/plugins/@deepseek-ai/dsh-client-connection/client.js?rev=bc3c3fa9d26b:115
[  147743ms] [ERROR] Failed to load resource: the server responded with a status of 404 (Not Found) @ http://localhost:1420/api/host.describe:0
[  147743ms] [WARNING] WebSocket connection to 'ws://localhost:1420/api/events.mux' failed: WebSocket is closed before the connection is established. @ http://localhost:1420/plugins/@deepseek-ai/dsh-client-connection/client.js?rev=bc3c3fa9d26b:10055
[  147743ms] [WARNING] WebSocket connection to 'ws://localhost:1420/api/events.host' failed: WebSocket is closed before the connection is established. @ http://localhost:1420/plugins/@deepseek-ai/dsh-client-connection/client.js?rev=bc3c3fa9d26b:10055
[  147743ms] [WARNING] [web-runtime] connection lost, retry #10 @ http://localhost:1420/plugins/@deepseek-ai/dsh-client-connection/client.js?rev=bc3c3fa9d26b:115
[  153537ms] [ERROR] Failed to load resource: the server responded with a status of 404 (Not Found) @ http://localhost:1420/api/host.describe:0
[  153537ms] [WARNING] WebSocket connection to 'ws://localhost:1420/api/events.mux' failed: WebSocket is closed before the connection is established. @ http://localhost:1420/plugins/@deepseek-ai/dsh-client-connection/client.js?rev=bc3c3fa9d26b:10055
[  153537ms] [WARNING] WebSocket connection to 'ws://localhost:1420/api/events.host' failed: WebSocket is closed before the connection is established. @ http://localhost:1420/plugins/@deepseek-ai/dsh-client-connection/client.js?rev=bc3c3fa9d26b:10055
[  153537ms] [WARNING] [web-runtime] connection lost, retry #11 @ http://localhost:1420/plugins/@deepseek-ai/dsh-client-connection/client.js?rev=bc3c3fa9d26b:115
[  158724ms] [ERROR] Failed to load resource: the server responded with a status of 404 (Not Found) @ http://localhost:1420/api/host.describe:0
[  158724ms] [WARNING] WebSocket connection to 'ws://localhost:1420/api/events.mux' failed: WebSocket is closed before the connection is established. @ http://localhost:1420/plugins/@deepseek-ai/dsh-client-connection/client.js?rev=bc3c3fa9d26b:10055
[  158724ms] [WARNING] WebSocket connection to 'ws://localhost:1420/api/events.host' failed: WebSocket is closed before the connection is established. @ http://localhost:1420/plugins/@deepseek-ai/dsh-client-connection/client.js?rev=bc3c3fa9d26b:10055
[  158725ms] [WARNING] [web-runtime] connection lost, retry #12 @ http://localhost:1420/plugins/@deepseek-ai/dsh-client-connection/client.js?rev=bc3c3fa9d26b:115
[  164369ms] [ERROR] Failed to load resource: the server responded with a status of 404 (Not Found) @ http://localhost:1420/api/host.describe:0
[  164369ms] [WARNING] WebSocket connection to 'ws://localhost:1420/api/events.mux' failed: WebSocket is closed before the connection is established. @ http://localhost:1420/plugins/@deepseek-ai/dsh-client-connection/client.js?rev=bc3c3fa9d26b:10055
[  164369ms] [WARNING] WebSocket connection to 'ws://localhost:1420/api/events.host' failed: WebSocket is closed before the connection is established. @ http://localhost:1420/plugins/@deepseek-ai/dsh-client-connection/client.js?rev=bc3c3fa9d26b:10055
[  164369ms] [WARNING] [web-runtime] connection lost, retry #13 @ http://localhost:1420/plugins/@deepseek-ai/dsh-client-connection/client.js?rev=bc3c3fa9d26b:115
[  174122ms] [ERROR] Failed to load resource: the server responded with a status of 404 (Not Found) @ http://localhost:1420/api/host.describe:0
[  174122ms] [WARNING] WebSocket connection to 'ws://localhost:1420/api/events.mux' failed: WebSocket is closed before the connection is established. @ http://localhost:1420/plugins/@deepseek-ai/dsh-client-connection/client.js?rev=bc3c3fa9d26b:10055
[  174122ms] [WARNING] WebSocket connection to 'ws://localhost:1420/api/events.host' failed: WebSocket is closed before the connection is established. @ http://localhost:1420/plugins/@deepseek-ai/dsh-client-connection/client.js?rev=bc3c3fa9d26b:10055
[  174123ms] [WARNING] [web-runtime] connection lost, retry #14 @ http://localhost:1420/plugins/@deepseek-ai/dsh-client-connection/client.js?rev=bc3c3fa9d26b:115
[  181415ms] [ERROR] Failed to load resource: the server responded with a status of 404 (Not Found) @ http://localhost:1420/api/host.describe:0
[  181415ms] [WARNING] WebSocket connection to 'ws://localhost:1420/api/events.mux' failed: WebSocket is closed before the connection is established. @ http://localhost:1420/plugins/@deepseek-ai/dsh-client-connection/client.js?rev=bc3c3fa9d26b:10055
[  181415ms] [WARNING] WebSocket connection to 'ws://localhost:1420/api/events.host' failed: WebSocket is closed before the connection is established. @ http://localhost:1420/plugins/@deepseek-ai/dsh-client-connection/client.js?rev=bc3c3fa9d26b:10055
[  181415ms] [WARNING] [web-runtime] connection lost, retry #15 @ http://localhost:1420/plugins/@deepseek-ai/dsh-client-connection/client.js?rev=bc3c3fa9d26b:115
[  190729ms] [ERROR] Failed to load resource: the server responded with a status of 404 (Not Found) @ http://localhost:1420/api/host.describe:0
[  190729ms] [WARNING] WebSocket connection to 'ws://localhost:1420/api/events.mux' failed: WebSocket is closed before the connection is established. @ http://localhost:1420/plugins/@deepseek-ai/dsh-client-connection/client.js?rev=bc3c3fa9d26b:10055
[  190729ms] [WARNING] WebSocket connection to 'ws://localhost:1420/api/events.host' failed: WebSocket is closed before the connection is established. @ http://localhost:1420/plugins/@deepseek-ai/dsh-client-connection/client.js?rev=bc3c3fa9d26b:10055
[  190729ms] [WARNING] [web-runtime] connection lost, retry #16 @ http://localhost:1420/plugins/@deepseek-ai/dsh-client-connection/client.js?rev=bc3c3fa9d26b:115
[  196626ms] [ERROR] Failed to load resource: the server responded with a status of 404 (Not Found) @ http://localhost:1420/api/host.describe:0
[  196626ms] [WARNING] WebSocket connection to 'ws://localhost:1420/api/events.mux' failed: WebSocket is closed before the connection is established. @ http://localhost:1420/plugins/@deepseek-ai/dsh-client-connection/client.js?rev=bc3c3fa9d26b:10055
[  196626ms] [WARNING] WebSocket connection to 'ws://localhost:1420/api/events.host' failed: WebSocket is closed before the connection is established. @ http://localhost:1420/plugins/@deepseek-ai/dsh-client-connection/client.js?rev=bc3c3fa9d26b:10055
[  196626ms] [WARNING] [web-runtime] connection lost, retry #17 @ http://localhost:1420/plugins/@deepseek-ai/dsh-client-connection/client.js?rev=bc3c3fa9d26b:115
[  204170ms] [ERROR] Failed to load resource: the server responded with a status of 404 (Not Found) @ http://localhost:1420/api/host.describe:0
[  204170ms] [WARNING] WebSocket connection to 'ws://localhost:1420/api/events.mux' failed: WebSocket is closed before the connection is established. @ http://localhost:1420/plugins/@deepseek-ai/dsh-client-connection/client.js?rev=bc3c3fa9d26b:10055
[  204170ms] [WARNING] WebSocket connection to 'ws://localhost:1420/api/events.host' failed: WebSocket is closed before the connection is established. @ http://localhost:1420/plugins/@deepseek-ai/dsh-client-connection/client.js?rev=bc3c3fa9d26b:10055
[  204170ms] [WARNING] [web-runtime] connection lost, retry #18 @ http://localhost:1420/plugins/@deepseek-ai/dsh-client-connection/client.js?rev=bc3c3fa9d26b:115
[  211098ms] [ERROR] Failed to load resource: the server responded with a status of 404 (Not Found) @ http://localhost:1420/api/host.describe:0
[  211099ms] [WARNING] WebSocket connection to 'ws://localhost:1420/api/events.mux' failed: WebSocket is closed before the connection is established. @ http://localhost:1420/plugins/@deepseek-ai/dsh-client-connection/client.js?rev=bc3c3fa9d26b:10055
[  211099ms] [WARNING] WebSocket connection to 'ws://localhost:1420/api/events.host' failed: WebSocket is closed before the connection is established. @ http://localhost:1420/plugins/@deepseek-ai/dsh-client-connection/client.js?rev=bc3c3fa9d26b:10055
[  211099ms] [WARNING] [web-runtime] connection lost, retry #19 @ http://localhost:1420/plugins/@deepseek-ai/dsh-client-connection/client.js?rev=bc3c3fa9d26b:115
[  218739ms] [ERROR] Failed to load resource: the server responded with a status of 404 (Not Found) @ http://localhost:1420/api/host.describe:0
[  218739ms] [WARNING] WebSocket connection to 'ws://localhost:1420/api/events.mux' failed: WebSocket is closed before the connection is established. @ http://localhost:1420/plugins/@deepseek-ai/dsh-client-connection/client.js?rev=bc3c3fa9d26b:10055
[  218739ms] [WARNING] WebSocket connection to 'ws://localhost:1420/api/events.host' failed: WebSocket is closed before the connection is established. @ http://localhost:1420/plugins/@deepseek-ai/dsh-client-connection/client.js?rev=bc3c3fa9d26b:10055
[  218739ms] [WARNING] [web-runtime] connection lost, retry #20 @ http://localhost:1420/plugins/@deepseek-ai/dsh-client-connection/client.js?rev=bc3c3fa9d26b:115
[  227748ms] [ERROR] Failed to load resource: the server responded with a status of 404 (Not Found) @ http://localhost:1420/api/host.describe:0
[  227748ms] [WARNING] WebSocket connection to 'ws://localhost:1420/api/events.mux' failed: WebSocket is closed before the connection is established. @ http://localhost:1420/plugins/@deepseek-ai/dsh-client-connection/client.js?rev=bc3c3fa9d26b:10055
[  227748ms] [WARNING] WebSocket connection to 'ws://localhost:1420/api/events.host' failed: WebSocket is closed before the connection is established. @ http://localhost:1420/plugins/@deepseek-ai/dsh-client-connection/client.js?rev=bc3c3fa9d26b:10055
[  227748ms] [WARNING] [web-runtime] connection lost, retry #21 @ http://localhost:1420/plugins/@deepseek-ai/dsh-client-connection/client.js?rev=bc3c3fa9d26b:115
[  236725ms] [ERROR] Failed to load resource: the server responded with a status of 404 (Not Found) @ http://localhost:1420/api/host.describe:0
[  236725ms] [WARNING] WebSocket connection to 'ws://localhost:1420/api/events.mux' failed: WebSocket is closed before the connection is established. @ http://localhost:1420/plugins/@deepseek-ai/dsh-client-connection/client.js?rev=bc3c3fa9d26b:10055
[  236725ms] [WARNING] WebSocket connection to 'ws://localhost:1420/api/events.host' failed: WebSocket is closed before the connection is established. @ http://localhost:1420/plugins/@deepseek-ai/dsh-client-connection/client.js?rev=bc3c3fa9d26b:10055
[  236725ms] [WARNING] [web-runtime] connection lost, retry #22 @ http://localhost:1420/plugins/@deepseek-ai/dsh-client-connection/client.js?rev=bc3c3fa9d26b:115
[  243157ms] [ERROR] Failed to load resource: the server responded with a status of 404 (Not Found) @ http://localhost:1420/api/host.describe:0
[  243158ms] [WARNING] WebSocket connection to 'ws://localhost:1420/api/events.mux' failed: WebSocket is closed before the connection is established. @ http://localhost:1420/plugins/@deepseek-ai/dsh-client-connection/client.js?rev=bc3c3fa9d26b:10055
[  243158ms] [WARNING] WebSocket connection to 'ws://localhost:1420/api/events.host' failed: WebSocket is closed before the connection is established. @ http://localhost:1420/plugins/@deepseek-ai/dsh-client-connection/client.js?rev=bc3c3fa9d26b:10055
[  243158ms] [WARNING] [web-runtime] connection lost, retry #23 @ http://localhost:1420/plugins/@deepseek-ai/dsh-client-connection/client.js?rev=bc3c3fa9d26b:115
[  251802ms] [ERROR] Failed to load resource: the server responded with a status of 404 (Not Found) @ http://localhost:1420/api/host.describe:0
[  251802ms] [WARNING] WebSocket connection to 'ws://localhost:1420/api/events.mux' failed: WebSocket is closed before the connection is established. @ http://localhost:1420/plugins/@deepseek-ai/dsh-client-connection/client.js?rev=bc3c3fa9d26b:10055
[  251802ms] [WARNING] WebSocket connection to 'ws://localhost:1420/api/events.host' failed: WebSocket is closed before the connection is established. @ http://localhost:1420/plugins/@deepseek-ai/dsh-client-connection/client.js?rev=bc3c3fa9d26b:10055
[  251802ms] [WARNING] [web-runtime] connection lost, retry #24 @ http://localhost:1420/plugins/@deepseek-ai/dsh-client-connection/client.js?rev=bc3c3fa9d26b:115
[  258925ms] [ERROR] Failed to load resource: the server responded with a status of 404 (Not Found) @ http://localhost:1420/api/host.describe:0
[  258925ms] [WARNING] WebSocket connection to 'ws://localhost:1420/api/events.mux' failed: WebSocket is closed before the connection is established. @ http://localhost:1420/plugins/@deepseek-ai/dsh-client-connection/client.js?rev=bc3c3fa9d26b:10055
[  258925ms] [WARNING] WebSocket connection to 'ws://localhost:1420/api/events.host' failed: WebSocket is closed before the connection is established. @ http://localhost:1420/plugins/@deepseek-ai/dsh-client-connection/client.js?rev=bc3c3fa9d26b:10055
[  258925ms] [WARNING] [web-runtime] connection lost, retry #25 @ http://localhost:1420/plugins/@deepseek-ai/dsh-client-connection/client.js?rev=bc3c3fa9d26b:115
[  260017ms] [LOG] [vite] server connection lost. Polling for restart... @ http://localhost:1420/@vite/client:963
[  262888ms] [ERROR] WebSocket connection to 'ws://localhost:1420/' failed: Error in connection establishment: net::ERR_CONNECTION_REFUSED @ http://localhost:1420/@vite/client:1034
[  267045ms] [ERROR] WebSocket connection to 'ws://localhost:1420/' failed: Error in connection establishment: net::ERR_CONNECTION_REFUSED @ http://localhost:1420/@vite/client:1034
[  268693ms] [ERROR] Failed to load resource: net::ERR_CONNECTION_REFUSED @ http://localhost:1420/api/host.describe:0
[  268693ms] [WARNING] WebSocket connection to 'ws://localhost:1420/api/events.mux' failed: WebSocket is closed before the connection is established. @ http://localhost:1420/plugins/@deepseek-ai/dsh-client-connection/client.js?rev=bc3c3fa9d26b:10055
[  268693ms] [WARNING] WebSocket connection to 'ws://localhost:1420/api/events.host' failed: WebSocket is closed before the connection is established. @ http://localhost:1420/plugins/@deepseek-ai/dsh-client-connection/client.js?rev=bc3c3fa9d26b:10055
[  268693ms] [WARNING] [web-runtime] connection lost, retry #26 @ http://localhost:1420/plugins/@deepseek-ai/dsh-client-connection/client.js?rev=bc3c3fa9d26b:115
[  270160ms] [ERROR] WebSocket connection to 'ws://localhost:1420/' failed: Error in connection establishment: net::ERR_CONNECTION_REFUSED @ http://localhost:1420/@vite/client:1034
[  276094ms] [ERROR] WebSocket connection to 'ws://localhost:1420/' failed: Error in connection establishment: net::ERR_CONNECTION_REFUSED @ http://localhost:1420/@vite/client:1034
[  277372ms] [ERROR] Failed to load resource: net::ERR_CONNECTION_REFUSED @ http://localhost:1420/api/host.describe:0
[  277372ms] [WARNING] WebSocket connection to 'ws://localhost:1420/api/events.mux' failed: WebSocket is closed before the connection is established. @ http://localhost:1420/plugins/@deepseek-ai/dsh-client-connection/client.js?rev=bc3c3fa9d26b:10055
[  277372ms] [WARNING] WebSocket connection to 'ws://localhost:1420/api/events.host' failed: WebSocket is closed before the connection is established. @ http://localhost:1420/plugins/@deepseek-ai/dsh-client-connection/client.js?rev=bc3c3fa9d26b:10055
[  277372ms] [WARNING] [web-runtime] connection lost, retry #27 @ http://localhost:1420/plugins/@deepseek-ai/dsh-client-connection/client.js?rev=bc3c3fa9d26b:115
[  280098ms] [ERROR] WebSocket connection to 'ws://localhost:1420/' failed: Error in connection establishment: net::ERR_CONNECTION_REFUSED @ http://localhost:1420/@vite/client:1034
[  283145ms] [ERROR] WebSocket connection to 'ws://localhost:1420/' failed: Error in connection establishment: net::ERR_CONNECTION_REFUSED @ http://localhost:1420/@vite/client:1034
[  287262ms] [ERROR] Failed to load resource: net::ERR_CONNECTION_REFUSED @ http://localhost:1420/api/host.describe:0
[  287262ms] [WARNING] WebSocket connection to 'ws://localhost:1420/api/events.mux' failed: WebSocket is closed before the connection is established. @ http://localhost:1420/plugins/@deepseek-ai/dsh-client-connection/client.js?rev=bc3c3fa9d26b:10055
[  287262ms] [WARNING] WebSocket connection to 'ws://localhost:1420/api/events.host' failed: WebSocket is closed before the connection is established. @ http://localhost:1420/plugins/@deepseek-ai/dsh-client-connection/client.js?rev=bc3c3fa9d26b:10055
[  287262ms] [WARNING] [web-runtime] connection lost, retry #28 @ http://localhost:1420/plugins/@deepseek-ai/dsh-client-connection/client.js?rev=bc3c3fa9d26b:115
[  288735ms] [ERROR] WebSocket connection to 'ws://localhost:1420/' failed: Error in connection establishment: net::ERR_CONNECTION_REFUSED @ http://localhost:1420/@vite/client:1034
[  291390ms] [ERROR] WebSocket connection to 'ws://localhost:1420/' failed: Error in connection establishment: net::ERR_CONNECTION_REFUSED @ http://localhost:1420/@vite/client:1034
[  294142ms] [ERROR] Failed to load resource: net::ERR_CONNECTION_REFUSED @ http://localhost:1420/api/host.describe:0
[  294142ms] [WARNING] WebSocket connection to 'ws://localhost:1420/api/events.mux' failed: WebSocket is closed before the connection is established. @ http://localhost:1420/plugins/@deepseek-ai/dsh-client-connection/client.js?rev=bc3c3fa9d26b:10055
[  294142ms] [WARNING] WebSocket connection to 'ws://localhost:1420/api/events.host' failed: WebSocket is closed before the connection is established. @ http://localhost:1420/plugins/@deepseek-ai/dsh-client-connection/client.js?rev=bc3c3fa9d26b:10055
[  294142ms] [WARNING] [web-runtime] connection lost, retry #29 @ http://localhost:1420/plugins/@deepseek-ai/dsh-client-connection/client.js?rev=bc3c3fa9d26b:115
[  296652ms] [ERROR] WebSocket connection to 'ws://localhost:1420/' failed: Error in connection establishment: net::ERR_CONNECTION_REFUSED @ http://localhost:1420/@vite/client:1034
[  298777ms] [ERROR] WebSocket connection to 'ws://localhost:1420/' failed: Error in connection establishment: net::ERR_CONNECTION_REFUSED @ http://localhost:1420/@vite/client:1034
[  302285ms] [ERROR] Failed to load resource: net::ERR_CONNECTION_REFUSED @ http://localhost:1420/api/host.describe:0
[  302285ms] [WARNING] WebSocket connection to 'ws://localhost:1420/api/events.mux' failed: WebSocket is closed before the connection is established. @ http://localhost:1420/plugins/@deepseek-ai/dsh-client-connection/client.js?rev=bc3c3fa9d26b:10055
[  302285ms] [WARNING] WebSocket connection to 'ws://localhost:1420/api/events.host' failed: WebSocket is closed before the connection is established. @ http://localhost:1420/plugins/@deepseek-ai/dsh-client-connection/client.js?rev=bc3c3fa9d26b:10055
[  302286ms] [WARNING] [web-runtime] connection lost, retry #30 @ http://localhost:1420/plugins/@deepseek-ai/dsh-client-connection/client.js?rev=bc3c3fa9d26b:115
[  302792ms] [ERROR] WebSocket connection to 'ws://localhost:1420/' failed: Error in connection establishment: net::ERR_CONNECTION_REFUSED @ http://localhost:1420/@vite/client:1034
[  308421ms] [ERROR] WebSocket connection to 'ws://localhost:1420/' failed: Error in connection establishment: net::ERR_CONNECTION_REFUSED @ http://localhost:1420/@vite/client:1034
[  311635ms] [ERROR] Failed to load resource: net::ERR_CONNECTION_REFUSED @ http://localhost:1420/api/host.describe:0
[  311635ms] [WARNING] WebSocket connection to 'ws://localhost:1420/api/events.mux' failed: WebSocket is closed before the connection is established. @ http://localhost:1420/plugins/@deepseek-ai/dsh-client-connection/client.js?rev=bc3c3fa9d26b:10055
[  311635ms] [WARNING] WebSocket connection to 'ws://localhost:1420/api/events.host' failed: WebSocket is closed before the connection is established. @ http://localhost:1420/plugins/@deepseek-ai/dsh-client-connection/client.js?rev=bc3c3fa9d26b:10055
[  311636ms] [WARNING] [web-runtime] connection lost, retry #31 @ http://localhost:1420/plugins/@deepseek-ai/dsh-client-connection/client.js?rev=bc3c3fa9d26b:115
[  313957ms] [ERROR] WebSocket connection to 'ws://localhost:1420/' failed: Error in connection establishment: net::ERR_CONNECTION_REFUSED @ http://localhost:1420/@vite/client:1034
[  316880ms] [ERROR] WebSocket connection to 'ws://localhost:1420/' failed: Error in connection establishment: net::ERR_CONNECTION_REFUSED @ http://localhost:1420/@vite/client:1034
[  319673ms] [ERROR] Failed to load resource: net::ERR_CONNECTION_REFUSED @ http://localhost:1420/api/host.describe:0
[  319673ms] [WARNING] WebSocket connection to 'ws://localhost:1420/api/events.mux' failed: WebSocket is closed before the connection is established. @ http://localhost:1420/plugins/@deepseek-ai/dsh-client-connection/client.js?rev=bc3c3fa9d26b:10055
[  319673ms] [WARNING] WebSocket connection to 'ws://localhost:1420/api/events.host' failed: WebSocket is closed before the connection is established. @ http://localhost:1420/plugins/@deepseek-ai/dsh-client-connection/client.js?rev=bc3c3fa9d26b:10055
[  319673ms] [WARNING] [web-runtime] connection lost, retry #32 @ http://localhost:1420/plugins/@deepseek-ai/dsh-client-connection/client.js?rev=bc3c3fa9d26b:115
[  320818ms] [ERROR] WebSocket connection to 'ws://localhost:1420/' failed: Error in connection establishment: net::ERR_CONNECTION_REFUSED @ http://localhost:1420/@vite/client:1034
[  324790ms] [ERROR] WebSocket connection to 'ws://localhost:1420/' failed: Error in connection establishment: net::ERR_CONNECTION_REFUSED @ http://localhost:1420/@vite/client:1034
[  328752ms] [ERROR] WebSocket connection to 'ws://localhost:1420/' failed: Error in connection establishment: net::ERR_CONNECTION_REFUSED @ http://localhost:1420/@vite/client:1034
[  329115ms] [ERROR] Failed to load resource: net::ERR_CONNECTION_REFUSED @ http://localhost:1420/api/host.describe:0
[  329115ms] [WARNING] WebSocket connection to 'ws://localhost:1420/api/events.mux' failed: WebSocket is closed before the connection is established. @ http://localhost:1420/plugins/@deepseek-ai/dsh-client-connection/client.js?rev=bc3c3fa9d26b:10055
[  329115ms] [WARNING] WebSocket connection to 'ws://localhost:1420/api/events.host' failed: WebSocket is closed before the connection is established. @ http://localhost:1420/plugins/@deepseek-ai/dsh-client-connection/client.js?rev=bc3c3fa9d26b:10055
[  329115ms] [WARNING] [web-runtime] connection lost, retry #33 @ http://localhost:1420/plugins/@deepseek-ai/dsh-client-connection/client.js?rev=bc3c3fa9d26b:115
[  332459ms] [ERROR] WebSocket connection to 'ws://localhost:1420/' failed: Error in connection establishment: net::ERR_CONNECTION_REFUSED @ http://localhost:1420/@vite/client:1034
[  336180ms] [ERROR] Failed to load resource: net::ERR_CONNECTION_REFUSED @ http://localhost:1420/api/host.describe:0
[  336180ms] [WARNING] WebSocket connection to 'ws://localhost:1420/api/events.mux' failed: WebSocket is closed before the connection is established. @ http://localhost:1420/plugins/@deepseek-ai/dsh-client-connection/client.js?rev=bc3c3fa9d26b:10055
[  336180ms] [WARNING] WebSocket connection to 'ws://localhost:1420/api/events.host' failed: WebSocket is closed before the connection is established. @ http://localhost:1420/plugins/@deepseek-ai/dsh-client-connection/client.js?rev=bc3c3fa9d26b:10055
[  336180ms] [WARNING] [web-runtime] connection lost, retry #34 @ http://localhost:1420/plugins/@deepseek-ai/dsh-client-connection/client.js?rev=bc3c3fa9d26b:115
[  337455ms] [ERROR] WebSocket connection to 'ws://localhost:1420/' failed: Error in connection establishment: net::ERR_CONNECTION_REFUSED @ http://localhost:1420/@vite/client:1034
[  341761ms] [ERROR] WebSocket connection to 'ws://localhost:1420/' failed: Error in connection establishment: net::ERR_CONNECTION_REFUSED @ http://localhost:1420/@vite/client:1034
[  344346ms] [ERROR] WebSocket connection to 'ws://localhost:1420/' failed: Error in connection establishment: net::ERR_CONNECTION_REFUSED @ http://localhost:1420/@vite/client:1034
[  345348ms] [ERROR] WebSocket connection to 'ws://localhost:1420/' failed: Error in connection establishment: net::ERR_CONNECTION_REFUSED @ http://localhost:1420/@vite/client:1034
[  345938ms] [ERROR] WebSocket connection to 'ws://localhost:1420/api/events.mux' failed: Error in connection establishment: net::ERR_CONNECTION_REFUSED @ http://localhost:1420/plugins/@deepseek-ai/dsh-client-connection/client.js?rev=bc3c3fa9d26b:10020
[  345938ms] [ERROR] Failed to load resource: net::ERR_CONNECTION_REFUSED @ http://localhost:1420/api/host.describe:0
[  345938ms] [WARNING] WebSocket connection to 'ws://localhost:1420/api/events.mux' failed: WebSocket is closed before the connection is established. @ http://localhost:1420/plugins/@deepseek-ai/dsh-client-connection/client.js?rev=bc3c3fa9d26b:10055
[  345938ms] [WARNING] WebSocket connection to 'ws://localhost:1420/api/events.host' failed: WebSocket is closed before the connection is established. @ http://localhost:1420/plugins/@deepseek-ai/dsh-client-connection/client.js?rev=bc3c3fa9d26b:10055
[  345938ms] [WARNING] [web-runtime] connection lost, retry #35 @ http://localhost:1420/plugins/@deepseek-ai/dsh-client-connection/client.js?rev=bc3c3fa9d26b:115
[  346350ms] [ERROR] WebSocket connection to 'ws://localhost:1420/' failed: Error in connection establishment: net::ERR_CONNECTION_REFUSED @ http://localhost:1420/@vite/client:1034
[  347354ms] [ERROR] WebSocket connection to 'ws://localhost:1420/' failed: Error in connection establishment: net::ERR_CONNECTION_REFUSED @ http://localhost:1420/@vite/client:1034
[  348359ms] [ERROR] WebSocket connection to 'ws://localhost:1420/' failed: Error in connection establishment: net::ERR_CONNECTION_REFUSED @ http://localhost:1420/@vite/client:1034
[  349363ms] [ERROR] WebSocket connection to 'ws://localhost:1420/' failed: Error in connection establishment: net::ERR_CONNECTION_REFUSED @ http://localhost:1420/@vite/client:1034
[  350384ms] [ERROR] WebSocket connection to 'ws://localhost:1420/' failed: Error in connection establishment: net::ERR_CONNECTION_REFUSED @ http://localhost:1420/@vite/client:1034
[  351413ms] [ERROR] WebSocket connection to 'ws://localhost:1420/' failed: Error in connection establishment: net::ERR_CONNECTION_REFUSED @ http://localhost:1420/@vite/client:1034
[  352448ms] [ERROR] WebSocket connection to 'ws://localhost:1420/' failed: Error in connection establishment: net::ERR_CONNECTION_REFUSED @ http://localhost:1420/@vite/client:1034
[  353041ms] [ERROR] Failed to load resource: net::ERR_CONNECTION_REFUSED @ http://localhost:1420/api/host.describe:0
[  353041ms] [WARNING] WebSocket connection to 'ws://localhost:1420/api/events.mux' failed: WebSocket is closed before the connection is established. @ http://localhost:1420/plugins/@deepseek-ai/dsh-client-connection/client.js?rev=bc3c3fa9d26b:10055
[  353041ms] [WARNING] WebSocket connection to 'ws://localhost:1420/api/events.host' failed: WebSocket is closed before the connection is established. @ http://localhost:1420/plugins/@deepseek-ai/dsh-client-connection/client.js?rev=bc3c3fa9d26b:10055
[  353041ms] [WARNING] [web-runtime] connection lost, retry #36 @ http://localhost:1420/plugins/@deepseek-ai/dsh-client-connection/client.js?rev=bc3c3fa9d26b:115
[  353997ms] [ERROR] WebSocket connection to 'ws://localhost:1420/' failed: Error in connection establishment: net::ERR_CONNECTION_REFUSED @ http://localhost:1420/@vite/client:1034
[  355663ms] [ERROR] WebSocket connection to 'ws://localhost:1420/' failed: Error in connection establishment: net::ERR_CONNECTION_REFUSED @ http://localhost:1420/@vite/client:1034
[  357421ms] [ERROR] WebSocket connection to 'ws://localhost:1420/' failed: Error in connection establishment: net::ERR_CONNECTION_REFUSED @ http://localhost:1420/@vite/client:1034
[  360075ms] [ERROR] WebSocket connection to 'ws://localhost:1420/' failed: Error in connection establishment: net::ERR_CONNECTION_REFUSED @ http://localhost:1420/@vite/client:1034
[  360288ms] [ERROR] Failed to load resource: net::ERR_CONNECTION_REFUSED @ http://localhost:1420/api/host.describe:0
[  360288ms] [WARNING] WebSocket connection to 'ws://localhost:1420/api/events.mux' failed: WebSocket is closed before the connection is established. @ http://localhost:1420/plugins/@deepseek-ai/dsh-client-connection/client.js?rev=bc3c3fa9d26b:10055
[  360288ms] [WARNING] WebSocket connection to 'ws://localhost:1420/api/events.host' failed: WebSocket is closed before the connection is established. @ http://localhost:1420/plugins/@deepseek-ai/dsh-client-connection/client.js?rev=bc3c3fa9d26b:10055
[  360288ms] [WARNING] [web-runtime] connection lost, retry #37 @ http://localhost:1420/plugins/@deepseek-ai/dsh-client-connection/client.js?rev=bc3c3fa9d26b:115
[  362672ms] [ERROR] WebSocket connection to 'ws://localhost:1420/' failed: Error in connection establishment: net::ERR_CONNECTION_REFUSED @ http://localhost:1420/@vite/client:1034
[  367355ms] [ERROR] WebSocket connection to 'ws://localhost:1420/' failed: Error in connection establishment: net::ERR_CONNECTION_REFUSED @ http://localhost:1420/@vite/client:1034
[  368191ms] [ERROR] Failed to load resource: net::ERR_CONNECTION_REFUSED @ http://localhost:1420/api/host.describe:0
[  368191ms] [WARNING] WebSocket connection to 'ws://localhost:1420/api/events.mux' failed: WebSocket is closed before the connection is established. @ http://localhost:1420/plugins/@deepseek-ai/dsh-client-connection/client.js?rev=bc3c3fa9d26b:10055
[  368191ms] [WARNING] WebSocket connection to 'ws://localhost:1420/api/events.host' failed: WebSocket is closed before the connection is established. @ http://localhost:1420/plugins/@deepseek-ai/dsh-client-connection/client.js?rev=bc3c3fa9d26b:10055
[  368191ms] [WARNING] [web-runtime] connection lost, retry #38 @ http://localhost:1420/plugins/@deepseek-ai/dsh-client-connection/client.js?rev=bc3c3fa9d26b:115
[  372209ms] [ERROR] WebSocket connection to 'ws://localhost:1420/' failed: Error in connection establishment: net::ERR_CONNECTION_REFUSED @ http://localhost:1420/@vite/client:1034
[  375418ms] [ERROR] WebSocket connection to 'ws://localhost:1420/' failed: Error in connection establishment: net::ERR_CONNECTION_REFUSED @ http://localhost:1420/@vite/client:1034
[  375576ms] [ERROR] Failed to load resource: net::ERR_CONNECTION_REFUSED @ http://localhost:1420/api/host.describe:0
[  375576ms] [WARNING] WebSocket connection to 'ws://localhost:1420/api/events.mux' failed: WebSocket is closed before the connection is established. @ http://localhost:1420/plugins/@deepseek-ai/dsh-client-connection/client.js?rev=bc3c3fa9d26b:10055
[  375576ms] [WARNING] WebSocket connection to 'ws://localhost:1420/api/events.host' failed: WebSocket is closed before the connection is established. @ http://localhost:1420/plugins/@deepseek-ai/dsh-client-connection/client.js?rev=bc3c3fa9d26b:10055
[  375577ms] [WARNING] [web-runtime] connection lost, retry #39 @ http://localhost:1420/plugins/@deepseek-ai/dsh-client-connection/client.js?rev=bc3c3fa9d26b:115
[  378600ms] [ERROR] WebSocket connection to 'ws://localhost:1420/' failed: Error in connection establishment: net::ERR_CONNECTION_REFUSED @ http://localhost:1420/@vite/client:1034
[  380998ms] [ERROR] WebSocket connection to 'ws://localhost:1420/' failed: Error in connection establishment: net::ERR_CONNECTION_REFUSED @ http://localhost:1420/@vite/client:1034
[  383349ms] [ERROR] Failed to load resource: net::ERR_CONNECTION_REFUSED @ http://localhost:1420/api/host.describe:0
[  383349ms] [WARNING] WebSocket connection to 'ws://localhost:1420/api/events.mux' failed: WebSocket is closed before the connection is established. @ http://localhost:1420/plugins/@deepseek-ai/dsh-client-connection/client.js?rev=bc3c3fa9d26b:10055
[  383349ms] [WARNING] WebSocket connection to 'ws://localhost:1420/api/events.host' failed: WebSocket is closed before the connection is established. @ http://localhost:1420/plugins/@deepseek-ai/dsh-client-connection/client.js?rev=bc3c3fa9d26b:10055
[  383349ms] [WARNING] [web-runtime] connection lost, retry #40 @ http://localhost:1420/plugins/@deepseek-ai/dsh-client-connection/client.js?rev=bc3c3fa9d26b:115
[  384921ms] [ERROR] WebSocket connection to 'ws://localhost:1420/' failed: Error in connection establishment: net::ERR_CONNECTION_REFUSED @ http://localhost:1420/@vite/client:1034
[  388973ms] [ERROR] WebSocket connection to 'ws://localhost:1420/' failed: Error in connection establishment: net::ERR_CONNECTION_REFUSED @ http://localhost:1420/@vite/client:1034
[  390151ms] [ERROR] Failed to load resource: net::ERR_CONNECTION_REFUSED @ http://localhost:1420/api/host.describe:0
[  390151ms] [WARNING] WebSocket connection to 'ws://localhost:1420/api/events.mux' failed: WebSocket is closed before the connection is established. @ http://localhost:1420/plugins/@deepseek-ai/dsh-client-connection/client.js?rev=bc3c3fa9d26b:10055
[  390151ms] [WARNING] WebSocket connection to 'ws://localhost:1420/api/events.host' failed: WebSocket is closed before the connection is established. @ http://localhost:1420/plugins/@deepseek-ai/dsh-client-connection/client.js?rev=bc3c3fa9d26b:10055
[  390151ms] [WARNING] [web-runtime] connection lost, retry #41 @ http://localhost:1420/plugins/@deepseek-ai/dsh-client-connection/client.js?rev=bc3c3fa9d26b:115
[  392060ms] [ERROR] WebSocket connection to 'ws://localhost:1420/' failed: Error in connection establishment: net::ERR_CONNECTION_REFUSED @ http://localhost:1420/@vite/client:1034
[  396084ms] [ERROR] WebSocket connection to 'ws://localhost:1420/' failed: Error in connection establishment: net::ERR_CONNECTION_REFUSED @ http://localhost:1420/@vite/client:1034
[  397598ms] [ERROR] Failed to load resource: net::ERR_CONNECTION_REFUSED @ http://localhost:1420/api/host.describe:0
[  397598ms] [WARNING] WebSocket connection to 'ws://localhost:1420/api/events.mux' failed: WebSocket is closed before the connection is established. @ http://localhost:1420/plugins/@deepseek-ai/dsh-client-connection/client.js?rev=bc3c3fa9d26b:10055
[  397598ms] [WARNING] WebSocket connection to 'ws://localhost:1420/api/events.host' failed: WebSocket is closed before the connection is established. @ http://localhost:1420/plugins/@deepseek-ai/dsh-client-connection/client.js?rev=bc3c3fa9d26b:10055
[  397598ms] [WARNING] [web-runtime] connection lost, retry #42 @ http://localhost:1420/plugins/@deepseek-ai/dsh-client-connection/client.js?rev=bc3c3fa9d26b:115
[  398159ms] [ERROR] WebSocket connection to 'ws://localhost:1420/' failed: Error in connection establishment: net::ERR_CONNECTION_REFUSED @ http://localhost:1420/@vite/client:1034
[  402301ms] [ERROR] WebSocket connection to 'ws://localhost:1420/' failed: Error in connection establishment: net::ERR_CONNECTION_REFUSED @ http://localhost:1420/@vite/client:1034
[  403077ms] [ERROR] Failed to load resource: net::ERR_CONNECTION_REFUSED @ http://localhost:1420/api/host.describe:0
[  403077ms] [WARNING] WebSocket connection to 'ws://localhost:1420/api/events.mux' failed: WebSocket is closed before the connection is established. @ http://localhost:1420/plugins/@deepseek-ai/dsh-client-connection/client.js?rev=bc3c3fa9d26b:10055
[  403077ms] [WARNING] WebSocket connection to 'ws://localhost:1420/api/events.host' failed: WebSocket is closed before the connection is established. @ http://localhost:1420/plugins/@deepseek-ai/dsh-client-connection/client.js?rev=bc3c3fa9d26b:10055
[  403077ms] [WARNING] [web-runtime] connection lost, retry #43 @ http://localhost:1420/plugins/@deepseek-ai/dsh-client-connection/client.js?rev=bc3c3fa9d26b:115
[  405105ms] [ERROR] WebSocket connection to 'ws://localhost:1420/' failed: Error in connection establishment: net::ERR_CONNECTION_REFUSED @ http://localhost:1420/@vite/client:1034
[  409896ms] [ERROR] WebSocket connection to 'ws://localhost:1420/' failed: Error in connection establishment: net::ERR_CONNECTION_REFUSED @ http://localhost:1420/@vite/client:1034
[  412599ms] [ERROR] Failed to load resource: net::ERR_CONNECTION_REFUSED @ http://localhost:1420/api/host.describe:0
[  412599ms] [WARNING] WebSocket connection to 'ws://localhost:1420/api/events.mux' failed: WebSocket is closed before the connection is established. @ http://localhost:1420/plugins/@deepseek-ai/dsh-client-connection/client.js?rev=bc3c3fa9d26b:10055
[  412599ms] [WARNING] WebSocket connection to 'ws://localhost:1420/api/events.host' failed: WebSocket is closed before the connection is established. @ http://localhost:1420/plugins/@deepseek-ai/dsh-client-connection/client.js?rev=bc3c3fa9d26b:10055
[  412599ms] [WARNING] [web-runtime] connection lost, retry #44 @ http://localhost:1420/plugins/@deepseek-ai/dsh-client-connection/client.js?rev=bc3c3fa9d26b:115
[  415266ms] [ERROR] WebSocket connection to 'ws://localhost:1420/' failed: Error in connection establishment: net::ERR_CONNECTION_REFUSED @ http://localhost:1420/@vite/client:1034
[  419781ms] [ERROR] Failed to load resource: net::ERR_CONNECTION_REFUSED @ http://localhost:1420/api/host.describe:0
[  419782ms] [WARNING] WebSocket connection to 'ws://localhost:1420/api/events.mux' failed: WebSocket is closed before the connection is established. @ http://localhost:1420/plugins/@deepseek-ai/dsh-client-connection/client.js?rev=bc3c3fa9d26b:10055
[  419782ms] [WARNING] WebSocket connection to 'ws://localhost:1420/api/events.host' failed: WebSocket is closed before the connection is established. @ http://localhost:1420/plugins/@deepseek-ai/dsh-client-connection/client.js?rev=bc3c3fa9d26b:10055
[  419782ms] [WARNING] [web-runtime] connection lost, retry #45 @ http://localhost:1420/plugins/@deepseek-ai/dsh-client-connection/client.js?rev=bc3c3fa9d26b:115
[  419917ms] [ERROR] WebSocket connection to 'ws://localhost:1420/' failed: Error in connection establishment: net::ERR_CONNECTION_REFUSED @ http://localhost:1420/@vite/client:1034
[  425012ms] [ERROR] WebSocket connection to 'ws://localhost:1420/' failed: Error in connection establishment: net::ERR_CONNECTION_REFUSED @ http://localhost:1420/@vite/client:1034
[  425973ms] [ERROR] Failed to load resource: net::ERR_CONNECTION_REFUSED @ http://localhost:1420/api/host.describe:0
[  425973ms] [WARNING] WebSocket connection to 'ws://localhost:1420/api/events.mux' failed: WebSocket is closed before the connection is established. @ http://localhost:1420/plugins/@deepseek-ai/dsh-client-connection/client.js?rev=bc3c3fa9d26b:10055
[  425974ms] [WARNING] WebSocket connection to 'ws://localhost:1420/api/events.host' failed: WebSocket is closed before the connection is established. @ http://localhost:1420/plugins/@deepseek-ai/dsh-client-connection/client.js?rev=bc3c3fa9d26b:10055
[  425974ms] [WARNING] [web-runtime] connection lost, retry #46 @ http://localhost:1420/plugins/@deepseek-ai/dsh-client-connection/client.js?rev=bc3c3fa9d26b:115
[  427865ms] [ERROR] WebSocket connection to 'ws://localhost:1420/' failed: Error in connection establishment: net::ERR_CONNECTION_REFUSED @ http://localhost:1420/@vite/client:1034
[  432588ms] [ERROR] WebSocket connection to 'ws://localhost:1420/' failed: Error in connection establishment: net::ERR_CONNECTION_REFUSED @ http://localhost:1420/@vite/client:1034
[  433052ms] [ERROR] Failed to load resource: net::ERR_CONNECTION_REFUSED @ http://localhost:1420/api/host.describe:0
[  433052ms] [WARNING] WebSocket connection to 'ws://localhost:1420/api/events.mux' failed: WebSocket is closed before the connection is established. @ http://localhost:1420/plugins/@deepseek-ai/dsh-client-connection/client.js?rev=bc3c3fa9d26b:10055
[  433052ms] [WARNING] WebSocket connection to 'ws://localhost:1420/api/events.host' failed: WebSocket is closed before the connection is established. @ http://localhost:1420/plugins/@deepseek-ai/dsh-client-connection/client.js?rev=bc3c3fa9d26b:10055
[  433053ms] [WARNING] [web-runtime] connection lost, retry #47 @ http://localhost:1420/plugins/@deepseek-ai/dsh-client-connection/client.js?rev=bc3c3fa9d26b:115
[  435919ms] [ERROR] WebSocket connection to 'ws://localhost:1420/' failed: Error in connection establishment: net::ERR_CONNECTION_REFUSED @ http://localhost:1420/@vite/client:1034
[  438512ms] [ERROR] Failed to load resource: net::ERR_CONNECTION_REFUSED @ http://localhost:1420/api/host.describe:0
[  438512ms] [WARNING] WebSocket connection to 'ws://localhost:1420/api/events.mux' failed: WebSocket is closed before the connection is established. @ http://localhost:1420/plugins/@deepseek-ai/dsh-client-connection/client.js?rev=bc3c3fa9d26b:10055
[  438512ms] [WARNING] WebSocket connection to 'ws://localhost:1420/api/events.host' failed: WebSocket is closed before the connection is established. @ http://localhost:1420/plugins/@deepseek-ai/dsh-client-connection/client.js?rev=bc3c3fa9d26b:10055
[  438512ms] [WARNING] [web-runtime] connection lost, retry #48 @ http://localhost:1420/plugins/@deepseek-ai/dsh-client-connection/client.js?rev=bc3c3fa9d26b:115
[  439764ms] [ERROR] WebSocket connection to 'ws://localhost:1420/' failed: Error in connection establishment: net::ERR_CONNECTION_REFUSED @ http://localhost:1420/@vite/client:1034
[  442459ms] [ERROR] WebSocket connection to 'ws://localhost:1420/' failed: Error in connection establishment: net::ERR_CONNECTION_REFUSED @ http://localhost:1420/@vite/client:1034
[  447344ms] [ERROR] WebSocket connection to 'ws://localhost:1420/' failed: Error in connection establishment: net::ERR_CONNECTION_REFUSED @ http://localhost:1420/@vite/client:1034
[  447507ms] [ERROR] Failed to load resource: net::ERR_CONNECTION_REFUSED @ http://localhost:1420/api/host.describe:0
[  447507ms] [WARNING] WebSocket connection to 'ws://localhost:1420/api/events.mux' failed: WebSocket is closed before the connection is established. @ http://localhost:1420/plugins/@deepseek-ai/dsh-client-connection/client.js?rev=bc3c3fa9d26b:10055
[  447507ms] [WARNING] WebSocket connection to 'ws://localhost:1420/api/events.host' failed: WebSocket is closed before the connection is established. @ http://localhost:1420/plugins/@deepseek-ai/dsh-client-connection/client.js?rev=bc3c3fa9d26b:10055
[  447507ms] [WARNING] [web-runtime] connection lost, retry #49 @ http://localhost:1420/plugins/@deepseek-ai/dsh-client-connection/client.js?rev=bc3c3fa9d26b:115
[  452134ms] [ERROR] WebSocket connection to 'ws://localhost:1420/' failed: Error in connection establishment: net::ERR_CONNECTION_REFUSED @ http://localhost:1420/@vite/client:1034
[  455568ms] [ERROR] WebSocket connection to 'ws://localhost:1420/' failed: Error in connection establishment: net::ERR_CONNECTION_REFUSED @ http://localhost:1420/@vite/client:1034
[  456176ms] [ERROR] Failed to load resource: net::ERR_CONNECTION_REFUSED @ http://localhost:1420/api/host.describe:0
[  456176ms] [WARNING] WebSocket connection to 'ws://localhost:1420/api/events.mux' failed: WebSocket is closed before the connection is established. @ http://localhost:1420/plugins/@deepseek-ai/dsh-client-connection/client.js?rev=bc3c3fa9d26b:10055
[  456176ms] [WARNING] WebSocket connection to 'ws://localhost:1420/api/events.host' failed: WebSocket is closed before the connection is established. @ http://localhost:1420/plugins/@deepseek-ai/dsh-client-connection/client.js?rev=bc3c3fa9d26b:10055
[  456176ms] [WARNING] [web-runtime] connection lost, retry #50 @ http://localhost:1420/plugins/@deepseek-ai/dsh-client-connection/client.js?rev=bc3c3fa9d26b:115
[  459702ms] [ERROR] WebSocket connection to 'ws://localhost:1420/' failed: Error in connection establishment: net::ERR_CONNECTION_REFUSED @ http://localhost:1420/@vite/client:1034
[  464775ms] [ERROR] WebSocket connection to 'ws://localhost:1420/' failed: Error in connection establishment: net::ERR_CONNECTION_REFUSED @ http://localhost:1420/@vite/client:1034
[  465103ms] [ERROR] Failed to load resource: net::ERR_CONNECTION_REFUSED @ http://localhost:1420/api/host.describe:0
[  465104ms] [WARNING] WebSocket connection to 'ws://localhost:1420/api/events.mux' failed: WebSocket is closed before the connection is established. @ http://localhost:1420/plugins/@deepseek-ai/dsh-client-connection/client.js?rev=bc3c3fa9d26b:10055
[  465104ms] [WARNING] WebSocket connection to 'ws://localhost:1420/api/events.host' failed: WebSocket is closed before the connection is established. @ http://localhost:1420/plugins/@deepseek-ai/dsh-client-connection/client.js?rev=bc3c3fa9d26b:10055
[  465104ms] [WARNING] [web-runtime] connection lost, retry #51 @ http://localhost:1420/plugins/@deepseek-ai/dsh-client-connection/client.js?rev=bc3c3fa9d26b:115
[  465778ms] [ERROR] WebSocket connection to 'ws://localhost:1420/' failed: Error in connection establishment: net::ERR_CONNECTION_REFUSED @ http://localhost:1420/@vite/client:1034
[  466780ms] [ERROR] WebSocket connection to 'ws://localhost:1420/' failed: Error in connection establishment: net::ERR_CONNECTION_REFUSED @ http://localhost:1420/@vite/client:1034
[  467782ms] [ERROR] WebSocket connection to 'ws://localhost:1420/' failed: Error in connection establishment: net::ERR_CONNECTION_REFUSED @ http://localhost:1420/@vite/client:1034
[  468785ms] [ERROR] WebSocket connection to 'ws://localhost:1420/' failed: Error in connection establishment: net::ERR_CONNECTION_REFUSED @ http://localhost:1420/@vite/client:1034
[  469790ms] [ERROR] WebSocket connection to 'ws://localhost:1420/' failed: Error in connection establishment: net::ERR_CONNECTION_REFUSED @ http://localhost:1420/@vite/client:1034
[  470428ms] [ERROR] Failed to load resource: net::ERR_CONNECTION_REFUSED @ http://localhost:1420/api/host.describe:0
[  470428ms] [WARNING] WebSocket connection to 'ws://localhost:1420/api/events.mux' failed: WebSocket is closed before the connection is established. @ http://localhost:1420/plugins/@deepseek-ai/dsh-client-connection/client.js?rev=bc3c3fa9d26b:10055
[  470428ms] [WARNING] WebSocket connection to 'ws://localhost:1420/api/events.host' failed: WebSocket is closed before the connection is established. @ http://localhost:1420/plugins/@deepseek-ai/dsh-client-connection/client.js?rev=bc3c3fa9d26b:10055
[  470428ms] [WARNING] [web-runtime] connection lost, retry #52 @ http://localhost:1420/plugins/@deepseek-ai/dsh-client-connection/client.js?rev=bc3c3fa9d26b:115
[  470801ms] [ERROR] WebSocket connection to 'ws://localhost:1420/' failed: Error in connection establishment: net::ERR_CONNECTION_REFUSED @ http://localhost:1420/@vite/client:1034
[  471820ms] [ERROR] WebSocket connection to 'ws://localhost:1420/' failed: Error in connection establishment: net::ERR_CONNECTION_REFUSED @ http://localhost:1420/@vite/client:1034
[  472877ms] [ERROR] WebSocket connection to 'ws://localhost:1420/' failed: Error in connection establishment: net::ERR_CONNECTION_REFUSED @ http://localhost:1420/@vite/client:1034
[  473927ms] [ERROR] WebSocket connection to 'ws://localhost:1420/' failed: Error in connection establishment: net::ERR_CONNECTION_REFUSED @ http://localhost:1420/@vite/client:1034
[  475141ms] [ERROR] WebSocket connection to 'ws://localhost:1420/' failed: Error in connection establishment: net::ERR_CONNECTION_REFUSED @ http://localhost:1420/@vite/client:1034
[  476355ms] [ERROR] WebSocket connection to 'ws://localhost:1420/' failed: Error in connection establishment: net::ERR_CONNECTION_REFUSED @ http://localhost:1420/@vite/client:1034
[  478385ms] [ERROR] Failed to load resource: net::ERR_CONNECTION_REFUSED @ http://localhost:1420/api/host.describe:0
[  478385ms] [WARNING] WebSocket connection to 'ws://localhost:1420/api/events.mux' failed: WebSocket is closed before the connection is established. @ http://localhost:1420/plugins/@deepseek-ai/dsh-client-connection/client.js?rev=bc3c3fa9d26b:10055
[  478385ms] [WARNING] WebSocket connection to 'ws://localhost:1420/api/events.host' failed: WebSocket is closed before the connection is established. @ http://localhost:1420/plugins/@deepseek-ai/dsh-client-connection/client.js?rev=bc3c3fa9d26b:10055
[  478385ms] [WARNING] [web-runtime] connection lost, retry #53 @ http://localhost:1420/plugins/@deepseek-ai/dsh-client-connection/client.js?rev=bc3c3fa9d26b:115
[  478469ms] [ERROR] WebSocket connection to 'ws://localhost:1420/' failed: Error in connection establishment: net::ERR_CONNECTION_REFUSED @ http://localhost:1420/@vite/client:1034
[  481217ms] [ERROR] WebSocket connection to 'ws://localhost:1420/' failed: Error in connection establishment: net::ERR_CONNECTION_REFUSED @ http://localhost:1420/@vite/client:1034
[  486717ms] [ERROR] Failed to load resource: net::ERR_CONNECTION_REFUSED @ http://localhost:1420/api/host.describe:0
[  486717ms] [WARNING] WebSocket connection to 'ws://localhost:1420/api/events.mux' failed: WebSocket is closed before the connection is established. @ http://localhost:1420/plugins/@deepseek-ai/dsh-client-connection/client.js?rev=bc3c3fa9d26b:10055
[  486717ms] [WARNING] WebSocket connection to 'ws://localhost:1420/api/events.host' failed: WebSocket is closed before the connection is established. @ http://localhost:1420/plugins/@deepseek-ai/dsh-client-connection/client.js?rev=bc3c3fa9d26b:10055
[  486717ms] [WARNING] [web-runtime] connection lost, retry #54 @ http://localhost:1420/plugins/@deepseek-ai/dsh-client-connection/client.js?rev=bc3c3fa9d26b:115
[  486925ms] [ERROR] WebSocket connection to 'ws://localhost:1420/' failed: Error in connection establishment: net::ERR_CONNECTION_REFUSED @ http://localhost:1420/@vite/client:1034
[  492558ms] [ERROR] WebSocket connection to 'ws://localhost:1420/' failed: Error in connection establishment: net::ERR_CONNECTION_REFUSED @ http://localhost:1420/@vite/client:1034
[  492604ms] [ERROR] Failed to load resource: net::ERR_CONNECTION_REFUSED @ http://localhost:1420/api/host.describe:0
[  492604ms] [WARNING] WebSocket connection to 'ws://localhost:1420/api/events.mux' failed: WebSocket is closed before the connection is established. @ http://localhost:1420/plugins/@deepseek-ai/dsh-client-connection/client.js?rev=bc3c3fa9d26b:10055
[  492604ms] [WARNING] WebSocket connection to 'ws://localhost:1420/api/events.host' failed: WebSocket is closed before the connection is established. @ http://localhost:1420/plugins/@deepseek-ai/dsh-client-connection/client.js?rev=bc3c3fa9d26b:10055
[  492604ms] [WARNING] [web-runtime] connection lost, retry #55 @ http://localhost:1420/plugins/@deepseek-ai/dsh-client-connection/client.js?rev=bc3c3fa9d26b:115
[  497027ms] [ERROR] WebSocket connection to 'ws://localhost:1420/' failed: Error in connection establishment: net::ERR_CONNECTION_REFUSED @ http://localhost:1420/@vite/client:1034
[  500546ms] [ERROR] WebSocket connection to 'ws://localhost:1420/' failed: Error in connection establishment: net::ERR_CONNECTION_REFUSED @ http://localhost:1420/@vite/client:1034
[  502005ms] [ERROR] Failed to load resource: net::ERR_CONNECTION_REFUSED @ http://localhost:1420/api/host.describe:0
[  502005ms] [WARNING] WebSocket connection to 'ws://localhost:1420/api/events.mux' failed: WebSocket is closed before the connection is established. @ http://localhost:1420/plugins/@deepseek-ai/dsh-client-connection/client.js?rev=bc3c3fa9d26b:10055
[  502005ms] [WARNING] WebSocket connection to 'ws://localhost:1420/api/events.host' failed: WebSocket is closed before the connection is established. @ http://localhost:1420/plugins/@deepseek-ai/dsh-client-connection/client.js?rev=bc3c3fa9d26b:10055
[  502005ms] [WARNING] [web-runtime] connection lost, retry #56 @ http://localhost:1420/plugins/@deepseek-ai/dsh-client-connection/client.js?rev=bc3c3fa9d26b:115
[  502667ms] [ERROR] WebSocket connection to 'ws://localhost:1420/' failed: Error in connection establishment: net::ERR_CONNECTION_REFUSED @ http://localhost:1420/@vite/client:1034
[  506177ms] [ERROR] WebSocket connection to 'ws://localhost:1420/' failed: Error in connection establishment: net::ERR_CONNECTION_REFUSED @ http://localhost:1420/@vite/client:1034
[  508421ms] [ERROR] Failed to load resource: net::ERR_CONNECTION_REFUSED @ http://localhost:1420/api/host.describe:0
[  508421ms] [WARNING] WebSocket connection to 'ws://localhost:1420/api/events.mux' failed: WebSocket is closed before the connection is established. @ http://localhost:1420/plugins/@deepseek-ai/dsh-client-connection/client.js?rev=bc3c3fa9d26b:10055
[  508421ms] [WARNING] WebSocket connection to 'ws://localhost:1420/api/events.host' failed: WebSocket is closed before the connection is established. @ http://localhost:1420/plugins/@deepseek-ai/dsh-client-connection/client.js?rev=bc3c3fa9d26b:10055
[  508421ms] [WARNING] [web-runtime] connection lost, retry #57 @ http://localhost:1420/plugins/@deepseek-ai/dsh-client-connection/client.js?rev=bc3c3fa9d26b:115
[  512111ms] [ERROR] WebSocket connection to 'ws://localhost:1420/' failed: Error in connection establishment: net::ERR_CONNECTION_REFUSED @ http://localhost:1420/@vite/client:1034
[  516412ms] [ERROR] Failed to load resource: net::ERR_CONNECTION_REFUSED @ http://localhost:1420/api/host.describe:0
[  516412ms] [WARNING] WebSocket connection to 'ws://localhost:1420/api/events.mux' failed: WebSocket is closed before the connection is established. @ http://localhost:1420/plugins/@deepseek-ai/dsh-client-connection/client.js?rev=bc3c3fa9d26b:10055
[  516412ms] [WARNING] WebSocket connection to 'ws://localhost:1420/api/events.host' failed: WebSocket is closed before the connection is established. @ http://localhost:1420/plugins/@deepseek-ai/dsh-client-connection/client.js?rev=bc3c3fa9d26b:10055
[  516413ms] [WARNING] [web-runtime] connection lost, retry #58 @ http://localhost:1420/plugins/@deepseek-ai/dsh-client-connection/client.js?rev=bc3c3fa9d26b:115
[  517538ms] [ERROR] WebSocket connection to 'ws://localhost:1420/' failed: Error in connection establishment: net::ERR_CONNECTION_REFUSED @ http://localhost:1420/@vite/client:1034
[  523357ms] [ERROR] WebSocket connection to 'ws://localhost:1420/' failed: Error in connection establishment: net::ERR_CONNECTION_REFUSED @ http://localhost:1420/@vite/client:1034
[  525924ms] [ERROR] Failed to load resource: net::ERR_CONNECTION_REFUSED @ http://localhost:1420/api/host.describe:0
[  525924ms] [WARNING] WebSocket connection to 'ws://localhost:1420/api/events.mux' failed: WebSocket is closed before the connection is established. @ http://localhost:1420/plugins/@deepseek-ai/dsh-client-connection/client.js?rev=bc3c3fa9d26b:10055
[  525924ms] [WARNING] WebSocket connection to 'ws://localhost:1420/api/events.host' failed: WebSocket is closed before the connection is established. @ http://localhost:1420/plugins/@deepseek-ai/dsh-client-connection/client.js?rev=bc3c3fa9d26b:10055
[  525924ms] [WARNING] [web-runtime] connection lost, retry #59 @ http://localhost:1420/plugins/@deepseek-ai/dsh-client-connection/client.js?rev=bc3c3fa9d26b:115
[  528425ms] [ERROR] WebSocket connection to 'ws://localhost:1420/' failed: Error in connection establishment: net::ERR_CONNECTION_REFUSED @ http://localhost:1420/@vite/client:1034
[  530439ms] [ERROR] WebSocket connection to 'ws://localhost:1420/' failed: Error in connection establishment: net::ERR_CONNECTION_REFUSED @ http://localhost:1420/@vite/client:1034
[  533477ms] [ERROR] Failed to load resource: net::ERR_CONNECTION_REFUSED @ http://localhost:1420/api/host.describe:0
[  533477ms] [WARNING] WebSocket connection to 'ws://localhost:1420/api/events.mux' failed: WebSocket is closed before the connection is established. @ http://localhost:1420/plugins/@deepseek-ai/dsh-client-connection/client.js?rev=bc3c3fa9d26b:10055
[  533477ms] [WARNING] WebSocket connection to 'ws://localhost:1420/api/events.host' failed: WebSocket is closed before the connection is established. @ http://localhost:1420/plugins/@deepseek-ai/dsh-client-connection/client.js?rev=bc3c3fa9d26b:10055
[  533477ms] [WARNING] [web-runtime] connection lost, retry #60 @ http://localhost:1420/plugins/@deepseek-ai/dsh-client-connection/client.js?rev=bc3c3fa9d26b:115
[  534900ms] [ERROR] WebSocket connection to 'ws://localhost:1420/' failed: Error in connection establishment: net::ERR_CONNECTION_REFUSED @ http://localhost:1420/@vite/client:1034
[  538610ms] [ERROR] WebSocket connection to 'ws://localhost:1420/' failed: Error in connection establishment: net::ERR_CONNECTION_REFUSED @ http://localhost:1420/@vite/client:1034
[  541675ms] [ERROR] Failed to load resource: net::ERR_CONNECTION_REFUSED @ http://localhost:1420/api/host.describe:0
[  541675ms] [WARNING] WebSocket connection to 'ws://localhost:1420/api/events.mux' failed: WebSocket is closed before the connection is established. @ http://localhost:1420/plugins/@deepseek-ai/dsh-client-connection/client.js?rev=bc3c3fa9d26b:10055
[  541675ms] [WARNING] WebSocket connection to 'ws://localhost:1420/api/events.host' failed: WebSocket is closed before the connection is established. @ http://localhost:1420/plugins/@deepseek-ai/dsh-client-connection/client.js?rev=bc3c3fa9d26b:10055
[  541675ms] [WARNING] [web-runtime] connection lost, retry #61 @ http://localhost:1420/plugins/@deepseek-ai/dsh-client-connection/client.js?rev=bc3c3fa9d26b:115
[  542645ms] [ERROR] WebSocket connection to 'ws://localhost:1420/' failed: Error in connection establishment: net::ERR_CONNECTION_REFUSED @ http://localhost:1420/@vite/client:1034
[  546909ms] [ERROR] Failed to load resource: net::ERR_CONNECTION_REFUSED @ http://localhost:1420/api/host.describe:0
[  546909ms] [WARNING] WebSocket connection to 'ws://localhost:1420/api/events.mux' failed: WebSocket is closed before the connection is established. @ http://localhost:1420/plugins/@deepseek-ai/dsh-client-connection/client.js?rev=bc3c3fa9d26b:10055
[  546909ms] [WARNING] WebSocket connection to 'ws://localhost:1420/api/events.host' failed: WebSocket is closed before the connection is established. @ http://localhost:1420/plugins/@deepseek-ai/dsh-client-connection/client.js?rev=bc3c3fa9d26b:10055
[  546909ms] [WARNING] [web-runtime] connection lost, retry #62 @ http://localhost:1420/plugins/@deepseek-ai/dsh-client-connection/client.js?rev=bc3c3fa9d26b:115
[  546939ms] [ERROR] WebSocket connection to 'ws://localhost:1420/' failed: Error in connection establishment: net::ERR_CONNECTION_REFUSED @ http://localhost:1420/@vite/client:1034
[  549780ms] [ERROR] WebSocket connection to 'ws://localhost:1420/' failed: Error in connection establishment: net::ERR_CONNECTION_REFUSED @ http://localhost:1420/@vite/client:1034
[  552343ms] [ERROR] Failed to load resource: net::ERR_CONNECTION_REFUSED @ http://localhost:1420/api/host.describe:0
[  552343ms] [WARNING] WebSocket connection to 'ws://localhost:1420/api/events.mux' failed: WebSocket is closed before the connection is established. @ http://localhost:1420/plugins/@deepseek-ai/dsh-client-connection/client.js?rev=bc3c3fa9d26b:10055
[  552343ms] [WARNING] WebSocket connection to 'ws://localhost:1420/api/events.host' failed: WebSocket is closed before the connection is established. @ http://localhost:1420/plugins/@deepseek-ai/dsh-client-connection/client.js?rev=bc3c3fa9d26b:10055
[  552343ms] [WARNING] [web-runtime] connection lost, retry #63 @ http://localhost:1420/plugins/@deepseek-ai/dsh-client-connection/client.js?rev=bc3c3fa9d26b:115
[  552691ms] [ERROR] WebSocket connection to 'ws://localhost:1420/' failed: Error in connection establishment: net::ERR_CONNECTION_REFUSED @ http://localhost:1420/@vite/client:1034
[  557060ms] [ERROR] WebSocket connection to 'ws://localhost:1420/' failed: Error in connection establishment: net::ERR_CONNECTION_REFUSED @ http://localhost:1420/@vite/client:1034
[  558878ms] [ERROR] Failed to load resource: net::ERR_CONNECTION_REFUSED @ http://localhost:1420/api/host.describe:0
[  558878ms] [WARNING] WebSocket connection to 'ws://localhost:1420/api/events.mux' failed: WebSocket is closed before the connection is established. @ http://localhost:1420/plugins/@deepseek-ai/dsh-client-connection/client.js?rev=bc3c3fa9d26b:10055
[  558878ms] [WARNING] WebSocket connection to 'ws://localhost:1420/api/events.host' failed: WebSocket is closed before the connection is established. @ http://localhost:1420/plugins/@deepseek-ai/dsh-client-connection/client.js?rev=bc3c3fa9d26b:10055
[  558878ms] [WARNING] [web-runtime] connection lost, retry #64 @ http://localhost:1420/plugins/@deepseek-ai/dsh-client-connection/client.js?rev=bc3c3fa9d26b:115
[  561643ms] [ERROR] WebSocket connection to 'ws://localhost:1420/' failed: Error in connection establishment: net::ERR_CONNECTION_REFUSED @ http://localhost:1420/@vite/client:1034
[  564984ms] [ERROR] WebSocket connection to 'ws://localhost:1420/' failed: Error in connection establishment: net::ERR_CONNECTION_REFUSED @ http://localhost:1420/@vite/client:1034
[  566221ms] [ERROR] Failed to load resource: net::ERR_CONNECTION_REFUSED @ http://localhost:1420/api/host.describe:0
[  566221ms] [WARNING] WebSocket connection to 'ws://localhost:1420/api/events.mux' failed: WebSocket is closed before the connection is established. @ http://localhost:1420/plugins/@deepseek-ai/dsh-client-connection/client.js?rev=bc3c3fa9d26b:10055
[  566221ms] [WARNING] WebSocket connection to 'ws://localhost:1420/api/events.host' failed: WebSocket is closed before the connection is established. @ http://localhost:1420/plugins/@deepseek-ai/dsh-client-connection/client.js?rev=bc3c3fa9d26b:10055
[  566221ms] [WARNING] [web-runtime] connection lost, retry #65 @ http://localhost:1420/plugins/@deepseek-ai/dsh-client-connection/client.js?rev=bc3c3fa9d26b:115
[  567467ms] [ERROR] WebSocket connection to 'ws://localhost:1420/' failed: Error in connection establishment: net::ERR_CONNECTION_REFUSED @ http://localhost:1420/@vite/client:1034
[  572200ms] [ERROR] WebSocket connection to 'ws://localhost:1420/' failed: Error in connection establishment: net::ERR_CONNECTION_REFUSED @ http://localhost:1420/@vite/client:1034
[  575232ms] [ERROR] Failed to load resource: net::ERR_CONNECTION_REFUSED @ http://localhost:1420/api/host.describe:0
[  575232ms] [WARNING] WebSocket connection to 'ws://localhost:1420/api/events.mux' failed: WebSocket is closed before the connection is established. @ http://localhost:1420/plugins/@deepseek-ai/dsh-client-connection/client.js?rev=bc3c3fa9d26b:10055
[  575232ms] [WARNING] WebSocket connection to 'ws://localhost:1420/api/events.host' failed: WebSocket is closed before the connection is established. @ http://localhost:1420/plugins/@deepseek-ai/dsh-client-connection/client.js?rev=bc3c3fa9d26b:10055
[  575232ms] [WARNING] [web-runtime] connection lost, retry #66 @ http://localhost:1420/plugins/@deepseek-ai/dsh-client-connection/client.js?rev=bc3c3fa9d26b:115
[  576817ms] [ERROR] WebSocket connection to 'ws://localhost:1420/' failed: Error in connection establishment: net::ERR_CONNECTION_REFUSED @ http://localhost:1420/@vite/client:1034
[  582433ms] [ERROR] WebSocket connection to 'ws://localhost:1420/' failed: Error in connection establishment: net::ERR_CONNECTION_REFUSED @ http://localhost:1420/@vite/client:1034
[  584845ms] [ERROR] WebSocket connection to 'ws://localhost:1420/' failed: Error in connection establishment: net::ERR_CONNECTION_REFUSED @ http://localhost:1420/@vite/client:1034
[  584883ms] [ERROR] Failed to load resource: net::ERR_CONNECTION_REFUSED @ http://localhost:1420/api/host.describe:0
[  584883ms] [WARNING] WebSocket connection to 'ws://localhost:1420/api/events.mux' failed: WebSocket is closed before the connection is established. @ http://localhost:1420/plugins/@deepseek-ai/dsh-client-connection/client.js?rev=bc3c3fa9d26b:10055
[  584883ms] [WARNING] WebSocket connection to 'ws://localhost:1420/api/events.host' failed: WebSocket is closed before the connection is established. @ http://localhost:1420/plugins/@deepseek-ai/dsh-client-connection/client.js?rev=bc3c3fa9d26b:10055
[  584883ms] [WARNING] [web-runtime] connection lost, retry #67 @ http://localhost:1420/plugins/@deepseek-ai/dsh-client-connection/client.js?rev=bc3c3fa9d26b:115
[  585847ms] [ERROR] WebSocket connection to 'ws://localhost:1420/' failed: Error in connection establishment: net::ERR_CONNECTION_REFUSED @ http://localhost:1420/@vite/client:1034
[  586848ms] [ERROR] WebSocket connection to 'ws://localhost:1420/' failed: Error in connection establishment: net::ERR_CONNECTION_REFUSED @ http://localhost:1420/@vite/client:1034
[  587850ms] [ERROR] WebSocket connection to 'ws://localhost:1420/' failed: Error in connection establishment: net::ERR_CONNECTION_REFUSED @ http://localhost:1420/@vite/client:1034
[  588857ms] [ERROR] WebSocket connection to 'ws://localhost:1420/' failed: Error in connection establishment: net::ERR_CONNECTION_REFUSED @ http://localhost:1420/@vite/client:1034
[  589860ms] [ERROR] WebSocket connection to 'ws://localhost:1420/' failed: Error in connection establishment: net::ERR_CONNECTION_REFUSED @ http://localhost:1420/@vite/client:1034
[  590864ms] [ERROR] WebSocket connection to 'ws://localhost:1420/' failed: Error in connection establishment: net::ERR_CONNECTION_REFUSED @ http://localhost:1420/@vite/client:1034
[  591871ms] [ERROR] WebSocket connection to 'ws://localhost:1420/' failed: Error in connection establishment: net::ERR_CONNECTION_REFUSED @ http://localhost:1420/@vite/client:1034
[  592032ms] [ERROR] Failed to load resource: net::ERR_CONNECTION_REFUSED @ http://localhost:1420/api/host.describe:0
[  592032ms] [WARNING] WebSocket connection to 'ws://localhost:1420/api/events.mux' failed: WebSocket is closed before the connection is established. @ http://localhost:1420/plugins/@deepseek-ai/dsh-client-connection/client.js?rev=bc3c3fa9d26b:10055
[  592032ms] [WARNING] WebSocket connection to 'ws://localhost:1420/api/events.host' failed: WebSocket is closed before the connection is established. @ http://localhost:1420/plugins/@deepseek-ai/dsh-client-connection/client.js?rev=bc3c3fa9d26b:10055
[  592032ms] [WARNING] [web-runtime] connection lost, retry #68 @ http://localhost:1420/plugins/@deepseek-ai/dsh-client-connection/client.js?rev=bc3c3fa9d26b:115
[  592936ms] [ERROR] WebSocket connection to 'ws://localhost:1420/' failed: Error in connection establishment: net::ERR_CONNECTION_REFUSED @ http://localhost:1420/@vite/client:1034
[  594059ms] [ERROR] WebSocket connection to 'ws://localhost:1420/' failed: Error in connection establishment: net::ERR_CONNECTION_REFUSED @ http://localhost:1420/@vite/client:1034
[  595226ms] [ERROR] WebSocket connection to 'ws://localhost:1420/' failed: Error in connection establishment: net::ERR_CONNECTION_REFUSED @ http://localhost:1420/@vite/client:1034
[  596700ms] [ERROR] WebSocket connection to 'ws://localhost:1420/' failed: Error in connection establishment: net::ERR_CONNECTION_REFUSED @ http://localhost:1420/@vite/client:1034
[  598796ms] [ERROR] WebSocket connection to 'ws://localhost:1420/' failed: Error in connection establishment: net::ERR_CONNECTION_REFUSED @ http://localhost:1420/@vite/client:1034
[  600393ms] [ERROR] WebSocket connection to 'ws://localhost:1420/' failed: Error in connection establishment: net::ERR_CONNECTION_REFUSED @ http://localhost:1420/@vite/client:1034
[  600582ms] [ERROR] Failed to load resource: net::ERR_CONNECTION_REFUSED @ http://localhost:1420/api/host.describe:0
[  600582ms] [WARNING] WebSocket connection to 'ws://localhost:1420/api/events.mux' failed: WebSocket is closed before the connection is established. @ http://localhost:1420/plugins/@deepseek-ai/dsh-client-connection/client.js?rev=bc3c3fa9d26b:10055
[  600582ms] [WARNING] WebSocket connection to 'ws://localhost:1420/api/events.host' failed: WebSocket is closed before the connection is established. @ http://localhost:1420/plugins/@deepseek-ai/dsh-client-connection/client.js?rev=bc3c3fa9d26b:10055
[  600582ms] [WARNING] [web-runtime] connection lost, retry #69 @ http://localhost:1420/plugins/@deepseek-ai/dsh-client-connection/client.js?rev=bc3c3fa9d26b:115
[  605806ms] [ERROR] Failed to load resource: net::ERR_CONNECTION_REFUSED @ http://localhost:1420/api/host.describe:0
[  605806ms] [WARNING] WebSocket connection to 'ws://localhost:1420/api/events.mux' failed: WebSocket is closed before the connection is established. @ http://localhost:1420/plugins/@deepseek-ai/dsh-client-connection/client.js?rev=bc3c3fa9d26b:10055
[  605806ms] [WARNING] WebSocket connection to 'ws://localhost:1420/api/events.host' failed: WebSocket is closed before the connection is established. @ http://localhost:1420/plugins/@deepseek-ai/dsh-client-connection/client.js?rev=bc3c3fa9d26b:10055
[  605806ms] [WARNING] [web-runtime] connection lost, retry #70 @ http://localhost:1420/plugins/@deepseek-ai/dsh-client-connection/client.js?rev=bc3c3fa9d26b:115
[  606003ms] [ERROR] WebSocket connection to 'ws://localhost:1420/' failed: Error in connection establishment: net::ERR_CONNECTION_REFUSED @ http://localhost:1420/@vite/client:1034
[  608490ms] [ERROR] WebSocket connection to 'ws://localhost:1420/' failed: Error in connection establishment: net::ERR_CONNECTION_REFUSED @ http://localhost:1420/@vite/client:1034
[  611638ms] [ERROR] WebSocket connection to 'ws://localhost:1420/' failed: Error in connection establishment: net::ERR_CONNECTION_REFUSED @ http://localhost:1420/@vite/client:1034
[  613894ms] [ERROR] Failed to load resource: net::ERR_CONNECTION_REFUSED @ http://localhost:1420/api/host.describe:0
[  613894ms] [WARNING] WebSocket connection to 'ws://localhost:1420/api/events.mux' failed: WebSocket is closed before the connection is established. @ http://localhost:1420/plugins/@deepseek-ai/dsh-client-connection/client.js?rev=bc3c3fa9d26b:10055
[  613894ms] [WARNING] WebSocket connection to 'ws://localhost:1420/api/events.host' failed: WebSocket is closed before the connection is established. @ http://localhost:1420/plugins/@deepseek-ai/dsh-client-connection/client.js?rev=bc3c3fa9d26b:10055
[  613894ms] [WARNING] [web-runtime] connection lost, retry #71 @ http://localhost:1420/plugins/@deepseek-ai/dsh-client-connection/client.js?rev=bc3c3fa9d26b:115
[  614468ms] [ERROR] WebSocket connection to 'ws://localhost:1420/' failed: Error in connection establishment: net::ERR_CONNECTION_REFUSED @ http://localhost:1420/@vite/client:1034
[  619314ms] [ERROR] WebSocket connection to 'ws://localhost:1420/' failed: Error in connection establishment: net::ERR_CONNECTION_REFUSED @ http://localhost:1420/@vite/client:1034
[  619640ms] [ERROR] Failed to load resource: net::ERR_CONNECTION_REFUSED @ http://localhost:1420/api/host.describe:0
[  619641ms] [WARNING] WebSocket connection to 'ws://localhost:1420/api/events.mux' failed: WebSocket is closed before the connection is established. @ http://localhost:1420/plugins/@deepseek-ai/dsh-client-connection/client.js?rev=bc3c3fa9d26b:10055
[  619641ms] [WARNING] WebSocket connection to 'ws://localhost:1420/api/events.host' failed: WebSocket is closed before the connection is established. @ http://localhost:1420/plugins/@deepseek-ai/dsh-client-connection/client.js?rev=bc3c3fa9d26b:10055
[  619641ms] [WARNING] [web-runtime] connection lost, retry #72 @ http://localhost:1420/plugins/@deepseek-ai/dsh-client-connection/client.js?rev=bc3c3fa9d26b:115
[  624470ms] [ERROR] WebSocket connection to 'ws://localhost:1420/' failed: Error in connection establishment: net::ERR_CONNECTION_REFUSED @ http://localhost:1420/@vite/client:1034
[  625034ms] [ERROR] Failed to load resource: net::ERR_CONNECTION_REFUSED @ http://localhost:1420/api/host.describe:0
[  625034ms] [WARNING] WebSocket connection to 'ws://localhost:1420/api/events.mux' failed: WebSocket is closed before the connection is established. @ http://localhost:1420/plugins/@deepseek-ai/dsh-client-connection/client.js?rev=bc3c3fa9d26b:10055
[  625034ms] [WARNING] WebSocket connection to 'ws://localhost:1420/api/events.host' failed: WebSocket is closed before the connection is established. @ http://localhost:1420/plugins/@deepseek-ai/dsh-client-connection/client.js?rev=bc3c3fa9d26b:10055
[  625034ms] [WARNING] [web-runtime] connection lost, retry #73 @ http://localhost:1420/plugins/@deepseek-ai/dsh-client-connection/client.js?rev=bc3c3fa9d26b:115
[  627474ms] [ERROR] WebSocket connection to 'ws://localhost:1420/' failed: Error in connection establishment: net::ERR_CONNECTION_REFUSED @ http://localhost:1420/@vite/client:1034
[  632190ms] [ERROR] Failed to load resource: net::ERR_CONNECTION_REFUSED @ http://localhost:1420/api/host.describe:0
[  632190ms] [WARNING] WebSocket connection to 'ws://localhost:1420/api/events.mux' failed: WebSocket is closed before the connection is established. @ http://localhost:1420/plugins/@deepseek-ai/dsh-client-connection/client.js?rev=bc3c3fa9d26b:10055
[  632190ms] [WARNING] WebSocket connection to 'ws://localhost:1420/api/events.host' failed: WebSocket is closed before the connection is established. @ http://localhost:1420/plugins/@deepseek-ai/dsh-client-connection/client.js?rev=bc3c3fa9d26b:10055
[  632190ms] [WARNING] [web-runtime] connection lost, retry #74 @ http://localhost:1420/plugins/@deepseek-ai/dsh-client-connection/client.js?rev=bc3c3fa9d26b:115
[  632554ms] [ERROR] WebSocket connection to 'ws://localhost:1420/' failed: Error in connection establishment: net::ERR_CONNECTION_REFUSED @ http://localhost:1420/@vite/client:1034
[  638141ms] [ERROR] WebSocket connection to 'ws://localhost:1420/' failed: Error in connection establishment: net::ERR_CONNECTION_REFUSED @ http://localhost:1420/@vite/client:1034
[  638804ms] [ERROR] Failed to load resource: net::ERR_CONNECTION_REFUSED @ http://localhost:1420/api/host.describe:0
[  638804ms] [WARNING] WebSocket connection to 'ws://localhost:1420/api/events.mux' failed: WebSocket is closed before the connection is established. @ http://localhost:1420/plugins/@deepseek-ai/dsh-client-connection/client.js?rev=bc3c3fa9d26b:10055
[  638804ms] [WARNING] WebSocket connection to 'ws://localhost:1420/api/events.host' failed: WebSocket is closed before the connection is established. @ http://localhost:1420/plugins/@deepseek-ai/dsh-client-connection/client.js?rev=bc3c3fa9d26b:10055
[  638804ms] [WARNING] [web-runtime] connection lost, retry #75 @ http://localhost:1420/plugins/@deepseek-ai/dsh-client-connection/client.js?rev=bc3c3fa9d26b:115
[  641260ms] [ERROR] WebSocket connection to 'ws://localhost:1420/' failed: Error in connection establishment: net::ERR_CONNECTION_REFUSED @ http://localhost:1420/@vite/client:1034
[  645540ms] [ERROR] Failed to load resource: net::ERR_CONNECTION_REFUSED @ http://localhost:1420/api/host.describe:0
[  645540ms] [WARNING] WebSocket connection to 'ws://localhost:1420/api/events.mux' failed: WebSocket is closed before the connection is established. @ http://localhost:1420/plugins/@deepseek-ai/dsh-client-connection/client.js?rev=bc3c3fa9d26b:10055
[  645540ms] [WARNING] WebSocket connection to 'ws://localhost:1420/api/events.host' failed: WebSocket is closed before the connection is established. @ http://localhost:1420/plugins/@deepseek-ai/dsh-client-connection/client.js?rev=bc3c3fa9d26b:10055
[  645540ms] [WARNING] [web-runtime] connection lost, retry #76 @ http://localhost:1420/plugins/@deepseek-ai/dsh-client-connection/client.js?rev=bc3c3fa9d26b:115
[  646762ms] [ERROR] WebSocket connection to 'ws://localhost:1420/' failed: Error in connection establishment: net::ERR_CONNECTION_REFUSED @ http://localhost:1420/@vite/client:1034
[  649683ms] [ERROR] WebSocket connection to 'ws://localhost:1420/' failed: Error in connection establishment: net::ERR_CONNECTION_REFUSED @ http://localhost:1420/@vite/client:1034
[  653568ms] [ERROR] Failed to load resource: net::ERR_CONNECTION_REFUSED @ http://localhost:1420/api/host.describe:0
[  653568ms] [WARNING] WebSocket connection to 'ws://localhost:1420/api/events.mux' failed: WebSocket is closed before the connection is established. @ http://localhost:1420/plugins/@deepseek-ai/dsh-client-connection/client.js?rev=bc3c3fa9d26b:10055
[  653568ms] [WARNING] WebSocket connection to 'ws://localhost:1420/api/events.host' failed: WebSocket is closed before the connection is established. @ http://localhost:1420/plugins/@deepseek-ai/dsh-client-connection/client.js?rev=bc3c3fa9d26b:10055
[  653568ms] [WARNING] [web-runtime] connection lost, retry #77 @ http://localhost:1420/plugins/@deepseek-ai/dsh-client-connection/client.js?rev=bc3c3fa9d26b:115
[  654955ms] [ERROR] WebSocket connection to 'ws://localhost:1420/' failed: Error in connection establishment: net::ERR_CONNECTION_REFUSED @ http://localhost:1420/@vite/client:1034
[  657377ms] [ERROR] WebSocket connection to 'ws://localhost:1420/' failed: Error in connection establishment: net::ERR_CONNECTION_REFUSED @ http://localhost:1420/@vite/client:1034
[  661046ms] [ERROR] WebSocket connection to 'ws://localhost:1420/' failed: Error in connection establishment: net::ERR_CONNECTION_REFUSED @ http://localhost:1420/@vite/client:1034
[  662432ms] [ERROR] Failed to load resource: net::ERR_CONNECTION_REFUSED @ http://localhost:1420/api/host.describe:0
[  662432ms] [WARNING] WebSocket connection to 'ws://localhost:1420/api/events.mux' failed: WebSocket is closed before the connection is established. @ http://localhost:1420/plugins/@deepseek-ai/dsh-client-connection/client.js?rev=bc3c3fa9d26b:10055
[  662432ms] [WARNING] WebSocket connection to 'ws://localhost:1420/api/events.host' failed: WebSocket is closed before the connection is established. @ http://localhost:1420/plugins/@deepseek-ai/dsh-client-connection/client.js?rev=bc3c3fa9d26b:10055
[  662432ms] [WARNING] [web-runtime] connection lost, retry #78 @ http://localhost:1420/plugins/@deepseek-ai/dsh-client-connection/client.js?rev=bc3c3fa9d26b:115
[  664213ms] [ERROR] WebSocket connection to 'ws://localhost:1420/' failed: Error in connection establishment: net::ERR_CONNECTION_REFUSED @ http://localhost:1420/@vite/client:1034
[  666563ms] [ERROR] WebSocket connection to 'ws://localhost:1420/' failed: Error in connection establishment: net::ERR_CONNECTION_REFUSED @ http://localhost:1420/@vite/client:1034
[  670496ms] [ERROR] WebSocket connection to 'ws://localhost:1420/' failed: Error in connection establishment: net::ERR_CONNECTION_REFUSED @ http://localhost:1420/@vite/client:1034
[  671669ms] [ERROR] Failed to load resource: net::ERR_CONNECTION_REFUSED @ http://localhost:1420/api/host.describe:0
[  671669ms] [WARNING] WebSocket connection to 'ws://localhost:1420/api/events.mux' failed: WebSocket is closed before the connection is established. @ http://localhost:1420/plugins/@deepseek-ai/dsh-client-connection/client.js?rev=bc3c3fa9d26b:10055
[  671669ms] [WARNING] WebSocket connection to 'ws://localhost:1420/api/events.host' failed: WebSocket is closed before the connection is established. @ http://localhost:1420/plugins/@deepseek-ai/dsh-client-connection/client.js?rev=bc3c3fa9d26b:10055
[  671669ms] [WARNING] [web-runtime] connection lost, retry #79 @ http://localhost:1420/plugins/@deepseek-ai/dsh-client-connection/client.js?rev=bc3c3fa9d26b:115
[  672710ms] [ERROR] WebSocket connection to 'ws://localhost:1420/' failed: Error in connection establishment: net::ERR_CONNECTION_REFUSED @ http://localhost:1420/@vite/client:1034
[  678028ms] [ERROR] WebSocket connection to 'ws://localhost:1420/' failed: Error in connection establishment: net::ERR_CONNECTION_REFUSED @ http://localhost:1420/@vite/client:1034
[  679768ms] [ERROR] Failed to load resource: net::ERR_CONNECTION_REFUSED @ http://localhost:1420/api/host.describe:0
[  679768ms] [WARNING] WebSocket connection to 'ws://localhost:1420/api/events.mux' failed: WebSocket is closed before the connection is established. @ http://localhost:1420/plugins/@deepseek-ai/dsh-client-connection/client.js?rev=bc3c3fa9d26b:10055
[  679768ms] [WARNING] WebSocket connection to 'ws://localhost:1420/api/events.host' failed: WebSocket is closed before the connection is established. @ http://localhost:1420/plugins/@deepseek-ai/dsh-client-connection/client.js?rev=bc3c3fa9d26b:10055
[  679768ms] [WARNING] [web-runtime] connection lost, retry #80 @ http://localhost:1420/plugins/@deepseek-ai/dsh-client-connection/client.js?rev=bc3c3fa9d26b:115
[  682953ms] [ERROR] WebSocket connection to 'ws://localhost:1420/' failed: Error in connection establishment: net::ERR_CONNECTION_REFUSED @ http://localhost:1420/@vite/client:1034
[  685952ms] [ERROR] Failed to load resource: net::ERR_CONNECTION_REFUSED @ http://localhost:1420/api/host.describe:0
[  685952ms] [WARNING] WebSocket connection to 'ws://localhost:1420/api/events.mux' failed: WebSocket is closed before the connection is established. @ http://localhost:1420/plugins/@deepseek-ai/dsh-client-connection/client.js?rev=bc3c3fa9d26b:10055
[  685952ms] [WARNING] WebSocket connection to 'ws://localhost:1420/api/events.host' failed: WebSocket is closed before the connection is established. @ http://localhost:1420/plugins/@deepseek-ai/dsh-client-connection/client.js?rev=bc3c3fa9d26b:10055
[  685952ms] [WARNING] [web-runtime] connection lost, retry #81 @ http://localhost:1420/plugins/@deepseek-ai/dsh-client-connection/client.js?rev=bc3c3fa9d26b:115
[  687589ms] [ERROR] WebSocket connection to 'ws://localhost:1420/' failed: Error in connection establishment: net::ERR_CONNECTION_REFUSED @ http://localhost:1420/@vite/client:1034
[  691126ms] [ERROR] WebSocket connection to 'ws://localhost:1420/' failed: Error in connection establishment: net::ERR_CONNECTION_REFUSED @ http://localhost:1420/@vite/client:1034
[  693201ms] [ERROR] Failed to load resource: net::ERR_CONNECTION_REFUSED @ http://localhost:1420/api/host.describe:0
[  693201ms] [WARNING] WebSocket connection to 'ws://localhost:1420/api/events.mux' failed: WebSocket is closed before the connection is established. @ http://localhost:1420/plugins/@deepseek-ai/dsh-client-connection/client.js?rev=bc3c3fa9d26b:10055
[  693201ms] [WARNING] WebSocket connection to 'ws://localhost:1420/api/events.host' failed: WebSocket is closed before the connection is established. @ http://localhost:1420/plugins/@deepseek-ai/dsh-client-connection/client.js?rev=bc3c3fa9d26b:10055
[  693201ms] [WARNING] [web-runtime] connection lost, retry #82 @ http://localhost:1420/plugins/@deepseek-ai/dsh-client-connection/client.js?rev=bc3c3fa9d26b:115
[  696474ms] [ERROR] WebSocket connection to 'ws://localhost:1420/' failed: Error in connection establishment: net::ERR_CONNECTION_REFUSED @ http://localhost:1420/@vite/client:1034
[  698592ms] [ERROR] Failed to load resource: net::ERR_CONNECTION_REFUSED @ http://localhost:1420/api/host.describe:0
[  698592ms] [WARNING] WebSocket connection to 'ws://localhost:1420/api/events.mux' failed: WebSocket is closed before the connection is established. @ http://localhost:1420/plugins/@deepseek-ai/dsh-client-connection/client.js?rev=bc3c3fa9d26b:10055
[  698592ms] [WARNING] WebSocket connection to 'ws://localhost:1420/api/events.host' failed: WebSocket is closed before the connection is established. @ http://localhost:1420/plugins/@deepseek-ai/dsh-client-connection/client.js?rev=bc3c3fa9d26b:10055
[  698592ms] [WARNING] [web-runtime] connection lost, retry #83 @ http://localhost:1420/plugins/@deepseek-ai/dsh-client-connection/client.js?rev=bc3c3fa9d26b:115
[  699753ms] [ERROR] WebSocket connection to 'ws://localhost:1420/' failed: Error in connection establishment: net::ERR_CONNECTION_REFUSED @ http://localhost:1420/@vite/client:1034
[  703623ms] [ERROR] WebSocket connection to 'ws://localhost:1420/' failed: Error in connection establishment: net::ERR_CONNECTION_REFUSED @ http://localhost:1420/@vite/client:1034
[  705127ms] [ERROR] Failed to load resource: net::ERR_CONNECTION_REFUSED @ http://localhost:1420/api/host.describe:0
[  705127ms] [WARNING] WebSocket connection to 'ws://localhost:1420/api/events.mux' failed: WebSocket is closed before the connection is established. @ http://localhost:1420/plugins/@deepseek-ai/dsh-client-connection/client.js?rev=bc3c3fa9d26b:10055
[  705127ms] [WARNING] WebSocket connection to 'ws://localhost:1420/api/events.host' failed: WebSocket is closed before the connection is established. @ http://localhost:1420/plugins/@deepseek-ai/dsh-client-connection/client.js?rev=bc3c3fa9d26b:10055
[  705127ms] [WARNING] [web-runtime] connection lost, retry #84 @ http://localhost:1420/plugins/@deepseek-ai/dsh-client-connection/client.js?rev=bc3c3fa9d26b:115
[  706921ms] [ERROR] WebSocket connection to 'ws://localhost:1420/' failed: Error in connection establishment: net::ERR_CONNECTION_REFUSED @ http://localhost:1420/@vite/client:1034
[  709037ms] [ERROR] WebSocket connection to 'ws://localhost:1420/' failed: Error in connection establishment: net::ERR_CONNECTION_REFUSED @ http://localhost:1420/@vite/client:1034
[  710326ms] [ERROR] Failed to load resource: net::ERR_CONNECTION_REFUSED @ http://localhost:1420/api/host.describe:0
[  710326ms] [WARNING] WebSocket connection to 'ws://localhost:1420/api/events.mux' failed: WebSocket is closed before the connection is established. @ http://localhost:1420/plugins/@deepseek-ai/dsh-client-connection/client.js?rev=bc3c3fa9d26b:10055
[  710326ms] [WARNING] WebSocket connection to 'ws://localhost:1420/api/events.host' failed: WebSocket is closed before the connection is established. @ http://localhost:1420/plugins/@deepseek-ai/dsh-client-connection/client.js?rev=bc3c3fa9d26b:10055
[  710326ms] [WARNING] [web-runtime] connection lost, retry #85 @ http://localhost:1420/plugins/@deepseek-ai/dsh-client-connection/client.js?rev=bc3c3fa9d26b:115
[  712736ms] [ERROR] WebSocket connection to 'ws://localhost:1420/' failed: Error in connection establishment: net::ERR_CONNECTION_REFUSED @ http://localhost:1420/@vite/client:1034
[  715942ms] [ERROR] WebSocket connection to 'ws://localhost:1420/' failed: Error in connection establishment: net::ERR_CONNECTION_REFUSED @ http://localhost:1420/@vite/client:1034
[  716750ms] [ERROR] Failed to load resource: net::ERR_CONNECTION_REFUSED @ http://localhost:1420/api/host.describe:0
[  716750ms] [WARNING] WebSocket connection to 'ws://localhost:1420/api/events.mux' failed: WebSocket is closed before the connection is established. @ http://localhost:1420/plugins/@deepseek-ai/dsh-client-connection/client.js?rev=bc3c3fa9d26b:10055
[  716750ms] [WARNING] WebSocket connection to 'ws://localhost:1420/api/events.host' failed: WebSocket is closed before the connection is established. @ http://localhost:1420/plugins/@deepseek-ai/dsh-client-connection/client.js?rev=bc3c3fa9d26b:10055
[  716750ms] [WARNING] [web-runtime] connection lost, retry #86 @ http://localhost:1420/plugins/@deepseek-ai/dsh-client-connection/client.js?rev=bc3c3fa9d26b:115
[  718369ms] [ERROR] WebSocket connection to 'ws://localhost:1420/' failed: Error in connection establishment: net::ERR_CONNECTION_REFUSED @ http://localhost:1420/@vite/client:1034
[  724309ms] [ERROR] WebSocket connection to 'ws://localhost:1420/' failed: Error in connection establishment: net::ERR_CONNECTION_REFUSED @ http://localhost:1420/@vite/client:1034
[  725630ms] [ERROR] Failed to load resource: net::ERR_CONNECTION_REFUSED @ http://localhost:1420/api/host.describe:0
[  725630ms] [WARNING] WebSocket connection to 'ws://localhost:1420/api/events.mux' failed: WebSocket is closed before the connection is established. @ http://localhost:1420/plugins/@deepseek-ai/dsh-client-connection/client.js?rev=bc3c3fa9d26b:10055
[  725630ms] [WARNING] WebSocket connection to 'ws://localhost:1420/api/events.host' failed: WebSocket is closed before the connection is established. @ http://localhost:1420/plugins/@deepseek-ai/dsh-client-connection/client.js?rev=bc3c3fa9d26b:10055
[  725630ms] [WARNING] [web-runtime] connection lost, retry #87 @ http://localhost:1420/plugins/@deepseek-ai/dsh-client-connection/client.js?rev=bc3c3fa9d26b:115
[  729496ms] [ERROR] WebSocket connection to 'ws://localhost:1420/' failed: Error in connection establishment: net::ERR_CONNECTION_REFUSED @ http://localhost:1420/@vite/client:1034
[  733499ms] [ERROR] Failed to load resource: net::ERR_CONNECTION_REFUSED @ http://localhost:1420/api/host.describe:0
[  733499ms] [WARNING] WebSocket connection to 'ws://localhost:1420/api/events.mux' failed: WebSocket is closed before the connection is established. @ http://localhost:1420/plugins/@deepseek-ai/dsh-client-connection/client.js?rev=bc3c3fa9d26b:10055
[  733499ms] [WARNING] WebSocket connection to 'ws://localhost:1420/api/events.host' failed: WebSocket is closed before the connection is established. @ http://localhost:1420/plugins/@deepseek-ai/dsh-client-connection/client.js?rev=bc3c3fa9d26b:10055
[  733499ms] [WARNING] [web-runtime] connection lost, retry #88 @ http://localhost:1420/plugins/@deepseek-ai/dsh-client-connection/client.js?rev=bc3c3fa9d26b:115
[  734326ms] [ERROR] WebSocket connection to 'ws://localhost:1420/' failed: Error in connection establishment: net::ERR_CONNECTION_REFUSED @ http://localhost:1420/@vite/client:1034
[  739155ms] [ERROR] WebSocket connection to 'ws://localhost:1420/' failed: Error in connection establishment: net::ERR_CONNECTION_REFUSED @ http://localhost:1420/@vite/client:1034
[  739900ms] [ERROR] Failed to load resource: net::ERR_CONNECTION_REFUSED @ http://localhost:1420/api/host.describe:0
[  739900ms] [WARNING] WebSocket connection to 'ws://localhost:1420/api/events.mux' failed: WebSocket is closed before the connection is established. @ http://localhost:1420/plugins/@deepseek-ai/dsh-client-connection/client.js?rev=bc3c3fa9d26b:10055
[  739900ms] [WARNING] WebSocket connection to 'ws://localhost:1420/api/events.host' failed: WebSocket is closed before the connection is established. @ http://localhost:1420/plugins/@deepseek-ai/dsh-client-connection/client.js?rev=bc3c3fa9d26b:10055
[  739900ms] [WARNING] [web-runtime] connection lost, retry #89 @ http://localhost:1420/plugins/@deepseek-ai/dsh-client-connection/client.js?rev=bc3c3fa9d26b:115
[  743542ms] [ERROR] WebSocket connection to 'ws://localhost:1420/' failed: Error in connection establishment: net::ERR_CONNECTION_REFUSED @ http://localhost:1420/@vite/client:1034
[  745296ms] [ERROR] Failed to load resource: net::ERR_CONNECTION_REFUSED @ http://localhost:1420/api/host.describe:0
[  745296ms] [WARNING] WebSocket connection to 'ws://localhost:1420/api/events.mux' failed: WebSocket is closed before the connection is established. @ http://localhost:1420/plugins/@deepseek-ai/dsh-client-connection/client.js?rev=bc3c3fa9d26b:10055
[  745296ms] [WARNING] WebSocket connection to 'ws://localhost:1420/api/events.host' failed: WebSocket is closed before the connection is established. @ http://localhost:1420/plugins/@deepseek-ai/dsh-client-connection/client.js?rev=bc3c3fa9d26b:10055
[  745296ms] [WARNING] [web-runtime] connection lost, retry #90 @ http://localhost:1420/plugins/@deepseek-ai/dsh-client-connection/client.js?rev=bc3c3fa9d26b:115
[  746912ms] [ERROR] WebSocket connection to 'ws://localhost:1420/' failed: Error in connection establishment: net::ERR_CONNECTION_REFUSED @ http://localhost:1420/@vite/client:1034
[  752578ms] [ERROR] WebSocket connection to 'ws://localhost:1420/' failed: Error in connection establishment: net::ERR_CONNECTION_REFUSED @ http://localhost:1420/@vite/client:1034
[  755075ms] [ERROR] Failed to load resource: net::ERR_CONNECTION_REFUSED @ http://localhost:1420/api/host.describe:0
[  755075ms] [WARNING] WebSocket connection to 'ws://localhost:1420/api/events.mux' failed: WebSocket is closed before the connection is established. @ http://localhost:1420/plugins/@deepseek-ai/dsh-client-connection/client.js?rev=bc3c3fa9d26b:10055
[  755075ms] [WARNING] WebSocket connection to 'ws://localhost:1420/api/events.host' failed: WebSocket is closed before the connection is established. @ http://localhost:1420/plugins/@deepseek-ai/dsh-client-connection/client.js?rev=bc3c3fa9d26b:10055
[  755075ms] [WARNING] [web-runtime] connection lost, retry #91 @ http://localhost:1420/plugins/@deepseek-ai/dsh-client-connection/client.js?rev=bc3c3fa9d26b:115
[  755220ms] [ERROR] WebSocket connection to 'ws://localhost:1420/' failed: Error in connection establishment: net::ERR_CONNECTION_REFUSED @ http://localhost:1420/@vite/client:1034
[  760272ms] [ERROR] WebSocket connection to 'ws://localhost:1420/' failed: Error in connection establishment: net::ERR_CONNECTION_REFUSED @ http://localhost:1420/@vite/client:1034
[  760375ms] [ERROR] Failed to load resource: net::ERR_CONNECTION_REFUSED @ http://localhost:1420/api/host.describe:0
[  760375ms] [WARNING] WebSocket connection to 'ws://localhost:1420/api/events.mux' failed: WebSocket is closed before the connection is established. @ http://localhost:1420/plugins/@deepseek-ai/dsh-client-connection/client.js?rev=bc3c3fa9d26b:10055
[  760375ms] [WARNING] WebSocket connection to 'ws://localhost:1420/api/events.host' failed: WebSocket is closed before the connection is established. @ http://localhost:1420/plugins/@deepseek-ai/dsh-client-connection/client.js?rev=bc3c3fa9d26b:10055
[  760375ms] [WARNING] [web-runtime] connection lost, retry #92 @ http://localhost:1420/plugins/@deepseek-ai/dsh-client-connection/client.js?rev=bc3c3fa9d26b:115
[  765252ms] [ERROR] WebSocket connection to 'ws://localhost:1420/' failed: Error in connection establishment: net::ERR_CONNECTION_REFUSED @ http://localhost:1420/@vite/client:1034
[  765446ms] [ERROR] Failed to load resource: net::ERR_CONNECTION_REFUSED @ http://localhost:1420/api/host.describe:0
[  765446ms] [WARNING] WebSocket connection to 'ws://localhost:1420/api/events.mux' failed: WebSocket is closed before the connection is established. @ http://localhost:1420/plugins/@deepseek-ai/dsh-client-connection/client.js?rev=bc3c3fa9d26b:10055
[  765446ms] [WARNING] WebSocket connection to 'ws://localhost:1420/api/events.host' failed: WebSocket is closed before the connection is established. @ http://localhost:1420/plugins/@deepseek-ai/dsh-client-connection/client.js?rev=bc3c3fa9d26b:10055
[  765446ms] [WARNING] [web-runtime] connection lost, retry #93 @ http://localhost:1420/plugins/@deepseek-ai/dsh-client-connection/client.js?rev=bc3c3fa9d26b:115
[  770357ms] [ERROR] WebSocket connection to 'ws://localhost:1420/' failed: Error in connection establishment: net::ERR_CONNECTION_REFUSED @ http://localhost:1420/@vite/client:1034
[  770802ms] [ERROR] Failed to load resource: net::ERR_CONNECTION_REFUSED @ http://localhost:1420/api/host.describe:0
[  770802ms] [WARNING] WebSocket connection to 'ws://localhost:1420/api/events.mux' failed: WebSocket is closed before the connection is established. @ http://localhost:1420/plugins/@deepseek-ai/dsh-client-connection/client.js?rev=bc3c3fa9d26b:10055
[  770802ms] [WARNING] WebSocket connection to 'ws://localhost:1420/api/events.host' failed: WebSocket is closed before the connection is established. @ http://localhost:1420/plugins/@deepseek-ai/dsh-client-connection/client.js?rev=bc3c3fa9d26b:10055
[  770802ms] [WARNING] [web-runtime] connection lost, retry #94 @ http://localhost:1420/plugins/@deepseek-ai/dsh-client-connection/client.js?rev=bc3c3fa9d26b:115
[  776266ms] [ERROR] WebSocket connection to 'ws://localhost:1420/' failed: Error in connection establishment: net::ERR_CONNECTION_REFUSED @ http://localhost:1420/@vite/client:1034
[  780608ms] [ERROR] Failed to load resource: net::ERR_CONNECTION_REFUSED @ http://localhost:1420/api/host.describe:0
[  780608ms] [WARNING] WebSocket connection to 'ws://localhost:1420/api/events.mux' failed: WebSocket is closed before the connection is established. @ http://localhost:1420/plugins/@deepseek-ai/dsh-client-connection/client.js?rev=bc3c3fa9d26b:10055
[  780608ms] [WARNING] WebSocket connection to 'ws://localhost:1420/api/events.host' failed: WebSocket is closed before the connection is established. @ http://localhost:1420/plugins/@deepseek-ai/dsh-client-connection/client.js?rev=bc3c3fa9d26b:10055
[  780608ms] [WARNING] [web-runtime] connection lost, retry #95 @ http://localhost:1420/plugins/@deepseek-ai/dsh-client-connection/client.js?rev=bc3c3fa9d26b:115
[  781357ms] [ERROR] WebSocket connection to 'ws://localhost:1420/' failed: Error in connection establishment: net::ERR_CONNECTION_REFUSED @ http://localhost:1420/@vite/client:1034
[  785967ms] [ERROR] Failed to load resource: net::ERR_CONNECTION_REFUSED @ http://localhost:1420/api/host.describe:0
[  785968ms] [WARNING] WebSocket connection to 'ws://localhost:1420/api/events.mux' failed: WebSocket is closed before the connection is established. @ http://localhost:1420/plugins/@deepseek-ai/dsh-client-connection/client.js?rev=bc3c3fa9d26b:10055
[  785968ms] [WARNING] WebSocket connection to 'ws://localhost:1420/api/events.host' failed: WebSocket is closed before the connection is established. @ http://localhost:1420/plugins/@deepseek-ai/dsh-client-connection/client.js?rev=bc3c3fa9d26b:10055
[  785968ms] [WARNING] [web-runtime] connection lost, retry #96 @ http://localhost:1420/plugins/@deepseek-ai/dsh-client-connection/client.js?rev=bc3c3fa9d26b:115
[  786266ms] [ERROR] WebSocket connection to 'ws://localhost:1420/' failed: Error in connection establishment: net::ERR_CONNECTION_REFUSED @ http://localhost:1420/@vite/client:1034
[  789333ms] [ERROR] WebSocket connection to 'ws://localhost:1420/' failed: Error in connection establishment: net::ERR_CONNECTION_REFUSED @ http://localhost:1420/@vite/client:1034
[  792521ms] [ERROR] Failed to load resource: net::ERR_CONNECTION_REFUSED @ http://localhost:1420/api/host.describe:0
[  792521ms] [WARNING] WebSocket connection to 'ws://localhost:1420/api/events.mux' failed: WebSocket is closed before the connection is established. @ http://localhost:1420/plugins/@deepseek-ai/dsh-client-connection/client.js?rev=bc3c3fa9d26b:10055
[  792521ms] [WARNING] WebSocket connection to 'ws://localhost:1420/api/events.host' failed: WebSocket is closed before the connection is established. @ http://localhost:1420/plugins/@deepseek-ai/dsh-client-connection/client.js?rev=bc3c3fa9d26b:10055
[  792521ms] [WARNING] [web-runtime] connection lost, retry #97 @ http://localhost:1420/plugins/@deepseek-ai/dsh-client-connection/client.js?rev=bc3c3fa9d26b:115
[  792982ms] [ERROR] WebSocket connection to 'ws://localhost:1420/' failed: Error in connection establishment: net::ERR_CONNECTION_REFUSED @ http://localhost:1420/@vite/client:1034
[  796624ms] [ERROR] WebSocket connection to 'ws://localhost:1420/' failed: Error in connection establishment: net::ERR_CONNECTION_REFUSED @ http://localhost:1420/@vite/client:1034
[  799316ms] [ERROR] WebSocket connection to 'ws://localhost:1420/' failed: Error in connection establishment: net::ERR_CONNECTION_REFUSED @ http://localhost:1420/@vite/client:1034
[  802170ms] [ERROR] Failed to load resource: net::ERR_CONNECTION_REFUSED @ http://localhost:1420/api/host.describe:0
[  802170ms] [WARNING] WebSocket connection to 'ws://localhost:1420/api/events.mux' failed: WebSocket is closed before the connection is established. @ http://localhost:1420/plugins/@deepseek-ai/dsh-client-connection/client.js?rev=bc3c3fa9d26b:10055
[  802170ms] [WARNING] WebSocket connection to 'ws://localhost:1420/api/events.host' failed: WebSocket is closed before the connection is established. @ http://localhost:1420/plugins/@deepseek-ai/dsh-client-connection/client.js?rev=bc3c3fa9d26b:10055
[  802170ms] [WARNING] [web-runtime] connection lost, retry #98 @ http://localhost:1420/plugins/@deepseek-ai/dsh-client-connection/client.js?rev=bc3c3fa9d26b:115
[  804632ms] [ERROR] WebSocket connection to 'ws://localhost:1420/' failed: Error in connection establishment: net::ERR_CONNECTION_REFUSED @ http://localhost:1420/@vite/client:1034
[  808940ms] [ERROR] WebSocket connection to 'ws://localhost:1420/' failed: Error in connection establishment: net::ERR_CONNECTION_REFUSED @ http://localhost:1420/@vite/client:1034
[  809374ms] [ERROR] Failed to load resource: net::ERR_CONNECTION_REFUSED @ http://localhost:1420/api/host.describe:0
[  809375ms] [WARNING] WebSocket connection to 'ws://localhost:1420/api/events.mux' failed: WebSocket is closed before the connection is established. @ http://localhost:1420/plugins/@deepseek-ai/dsh-client-connection/client.js?rev=bc3c3fa9d26b:10055
[  809375ms] [WARNING] WebSocket connection to 'ws://localhost:1420/api/events.host' failed: WebSocket is closed before the connection is established. @ http://localhost:1420/plugins/@deepseek-ai/dsh-client-connection/client.js?rev=bc3c3fa9d26b:10055
[  809375ms] [WARNING] [web-runtime] connection lost, retry #99 @ http://localhost:1420/plugins/@deepseek-ai/dsh-client-connection/client.js?rev=bc3c3fa9d26b:115
[  812821ms] [ERROR] WebSocket connection to 'ws://localhost:1420/' failed: Error in connection establishment: net::ERR_CONNECTION_REFUSED @ http://localhost:1420/@vite/client:1034
[  816038ms] [ERROR] Failed to load resource: net::ERR_CONNECTION_REFUSED @ http://localhost:1420/api/host.describe:0
[  816038ms] [WARNING] WebSocket connection to 'ws://localhost:1420/api/events.mux' failed: WebSocket is closed before the connection is established. @ http://localhost:1420/plugins/@deepseek-ai/dsh-client-connection/client.js?rev=bc3c3fa9d26b:10055
[  816038ms] [WARNING] WebSocket connection to 'ws://localhost:1420/api/events.host' failed: WebSocket is closed before the connection is established. @ http://localhost:1420/plugins/@deepseek-ai/dsh-client-connection/client.js?rev=bc3c3fa9d26b:10055
[  816038ms] [WARNING] [web-runtime] connection lost, retry #100 @ http://localhost:1420/plugins/@deepseek-ai/dsh-client-connection/client.js?rev=bc3c3fa9d26b:115
[  818638ms] [ERROR] WebSocket connection to 'ws://localhost:1420/' failed: Error in connection establishment: net::ERR_CONNECTION_REFUSED @ http://localhost:1420/@vite/client:1034
[  821257ms] [ERROR] WebSocket connection to 'ws://localhost:1420/' failed: Error in connection establishment: net::ERR_CONNECTION_REFUSED @ http://localhost:1420/@vite/client:1034
[  825558ms] [ERROR] Failed to load resource: net::ERR_CONNECTION_REFUSED @ http://localhost:1420/api/host.describe:0
[  825558ms] [WARNING] WebSocket connection to 'ws://localhost:1420/api/events.mux' failed: WebSocket is closed before the connection is established. @ http://localhost:1420/plugins/@deepseek-ai/dsh-client-connection/client.js?rev=bc3c3fa9d26b:10055
[  825558ms] [WARNING] WebSocket connection to 'ws://localhost:1420/api/events.host' failed: WebSocket is closed before the connection is established. @ http://localhost:1420/plugins/@deepseek-ai/dsh-client-connection/client.js?rev=bc3c3fa9d26b:10055
[  825558ms] [WARNING] [web-runtime] connection lost, retry #101 @ http://localhost:1420/plugins/@deepseek-ai/dsh-client-connection/client.js?rev=bc3c3fa9d26b:115
[  826935ms] [ERROR] WebSocket connection to 'ws://localhost:1420/' failed: Error in connection establishment: net::ERR_CONNECTION_REFUSED @ http://localhost:1420/@vite/client:1034
[  831023ms] [ERROR] Failed to load resource: net::ERR_CONNECTION_REFUSED @ http://localhost:1420/api/host.describe:0
[  831023ms] [WARNING] WebSocket connection to 'ws://localhost:1420/api/events.mux' failed: WebSocket is closed before the connection is established. @ http://localhost:1420/plugins/@deepseek-ai/dsh-client-connection/client.js?rev=bc3c3fa9d26b:10055
[  831023ms] [WARNING] WebSocket connection to 'ws://localhost:1420/api/events.host' failed: WebSocket is closed before the connection is established. @ http://localhost:1420/plugins/@deepseek-ai/dsh-client-connection/client.js?rev=bc3c3fa9d26b:10055
[  831023ms] [WARNING] [web-runtime] connection lost, retry #102 @ http://localhost:1420/plugins/@deepseek-ai/dsh-client-connection/client.js?rev=bc3c3fa9d26b:115
[  832344ms] [ERROR] WebSocket connection to 'ws://localhost:1420/' failed: Error in connection establishment: net::ERR_CONNECTION_REFUSED @ http://localhost:1420/@vite/client:1034
[  837076ms] [ERROR] WebSocket connection to 'ws://localhost:1420/' failed: Error in connection establishment: net::ERR_CONNECTION_REFUSED @ http://localhost:1420/@vite/client:1034
[  839154ms] [ERROR] WebSocket connection to 'ws://localhost:1420/' failed: Error in connection establishment: net::ERR_CONNECTION_REFUSED @ http://localhost:1420/@vite/client:1034
[  839255ms] [ERROR] Failed to load resource: net::ERR_CONNECTION_REFUSED @ http://localhost:1420/api/host.describe:0
[  839255ms] [WARNING] WebSocket connection to 'ws://localhost:1420/api/events.mux' failed: WebSocket is closed before the connection is established. @ http://localhost:1420/plugins/@deepseek-ai/dsh-client-connection/client.js?rev=bc3c3fa9d26b:10055
[  839255ms] [WARNING] WebSocket connection to 'ws://localhost:1420/api/events.host' failed: WebSocket is closed before the connection is established. @ http://localhost:1420/plugins/@deepseek-ai/dsh-client-connection/client.js?rev=bc3c3fa9d26b:10055
[  839255ms] [WARNING] [web-runtime] connection lost, retry #103 @ http://localhost:1420/plugins/@deepseek-ai/dsh-client-connection/client.js?rev=bc3c3fa9d26b:115
[  843799ms] [ERROR] WebSocket connection to 'ws://localhost:1420/' failed: Error in connection establishment: net::ERR_CONNECTION_REFUSED @ http://localhost:1420/@vite/client:1034
[  845941ms] [ERROR] WebSocket connection to 'ws://localhost:1420/' failed: Error in connection establishment: net::ERR_CONNECTION_REFUSED @ http://localhost:1420/@vite/client:1034
[  846012ms] [ERROR] Failed to load resource: net::ERR_CONNECTION_REFUSED @ http://localhost:1420/api/host.describe:0
[  846012ms] [WARNING] WebSocket connection to 'ws://localhost:1420/api/events.mux' failed: WebSocket is closed before the connection is established. @ http://localhost:1420/plugins/@deepseek-ai/dsh-client-connection/client.js?rev=bc3c3fa9d26b:10055
[  846012ms] [WARNING] WebSocket connection to 'ws://localhost:1420/api/events.host' failed: WebSocket is closed before the connection is established. @ http://localhost:1420/plugins/@deepseek-ai/dsh-client-connection/client.js?rev=bc3c3fa9d26b:10055
[  846012ms] [WARNING] [web-runtime] connection lost, retry #104 @ http://localhost:1420/plugins/@deepseek-ai/dsh-client-connection/client.js?rev=bc3c3fa9d26b:115
[  850585ms] [ERROR] WebSocket connection to 'ws://localhost:1420/' failed: Error in connection establishment: net::ERR_CONNECTION_REFUSED @ http://localhost:1420/@vite/client:1034
[  854183ms] [ERROR] WebSocket connection to 'ws://localhost:1420/' failed: Error in connection establishment: net::ERR_CONNECTION_REFUSED @ http://localhost:1420/@vite/client:1034
[  855853ms] [ERROR] Failed to load resource: net::ERR_CONNECTION_REFUSED @ http://localhost:1420/api/host.describe:0
[  855853ms] [WARNING] WebSocket connection to 'ws://localhost:1420/api/events.mux' failed: WebSocket is closed before the connection is established. @ http://localhost:1420/plugins/@deepseek-ai/dsh-client-connection/client.js?rev=bc3c3fa9d26b:10055
[  855853ms] [WARNING] WebSocket connection to 'ws://localhost:1420/api/events.host' failed: WebSocket is closed before the connection is established. @ http://localhost:1420/plugins/@deepseek-ai/dsh-client-connection/client.js?rev=bc3c3fa9d26b:10055
[  855853ms] [WARNING] [web-runtime] connection lost, retry #105 @ http://localhost:1420/plugins/@deepseek-ai/dsh-client-connection/client.js?rev=bc3c3fa9d26b:115
[  858011ms] [ERROR] WebSocket connection to 'ws://localhost:1420/' failed: Error in connection establishment: net::ERR_CONNECTION_REFUSED @ http://localhost:1420/@vite/client:1034
[  861835ms] [ERROR] WebSocket connection to 'ws://localhost:1420/' failed: Error in connection establishment: net::ERR_CONNECTION_REFUSED @ http://localhost:1420/@vite/client:1034
[  865226ms] [ERROR] Failed to load resource: net::ERR_CONNECTION_REFUSED @ http://localhost:1420/api/host.describe:0
[  865226ms] [WARNING] WebSocket connection to 'ws://localhost:1420/api/events.mux' failed: WebSocket is closed before the connection is established. @ http://localhost:1420/plugins/@deepseek-ai/dsh-client-connection/client.js?rev=bc3c3fa9d26b:10055
[  865226ms] [WARNING] WebSocket connection to 'ws://localhost:1420/api/events.host' failed: WebSocket is closed before the connection is established. @ http://localhost:1420/plugins/@deepseek-ai/dsh-client-connection/client.js?rev=bc3c3fa9d26b:10055
[  865226ms] [WARNING] [web-runtime] connection lost, retry #106 @ http://localhost:1420/plugins/@deepseek-ai/dsh-client-connection/client.js?rev=bc3c3fa9d26b:115
[  867552ms] [ERROR] WebSocket connection to 'ws://localhost:1420/' failed: Error in connection establishment: net::ERR_CONNECTION_REFUSED @ http://localhost:1420/@vite/client:1034
[  872051ms] [ERROR] Failed to load resource: net::ERR_CONNECTION_REFUSED @ http://localhost:1420/api/host.describe:0
[  872052ms] [WARNING] WebSocket connection to 'ws://localhost:1420/api/events.mux' failed: WebSocket is closed before the connection is established. @ http://localhost:1420/plugins/@deepseek-ai/dsh-client-connection/client.js?rev=bc3c3fa9d26b:10055
[  872052ms] [WARNING] WebSocket connection to 'ws://localhost:1420/api/events.host' failed: WebSocket is closed before the connection is established. @ http://localhost:1420/plugins/@deepseek-ai/dsh-client-connection/client.js?rev=bc3c3fa9d26b:10055
[  872052ms] [WARNING] [web-runtime] connection lost, retry #107 @ http://localhost:1420/plugins/@deepseek-ai/dsh-client-connection/client.js?rev=bc3c3fa9d26b:115
[  873512ms] [ERROR] WebSocket connection to 'ws://localhost:1420/' failed: Error in connection establishment: net::ERR_CONNECTION_REFUSED @ http://localhost:1420/@vite/client:1034
[  877505ms] [ERROR] Failed to load resource: net::ERR_CONNECTION_REFUSED @ http://localhost:1420/api/host.describe:0
[  877505ms] [WARNING] WebSocket connection to 'ws://localhost:1420/api/events.mux' failed: WebSocket is closed before the connection is established. @ http://localhost:1420/plugins/@deepseek-ai/dsh-client-connection/client.js?rev=bc3c3fa9d26b:10055
[  877505ms] [WARNING] WebSocket connection to 'ws://localhost:1420/api/events.host' failed: WebSocket is closed before the connection is established. @ http://localhost:1420/plugins/@deepseek-ai/dsh-client-connection/client.js?rev=bc3c3fa9d26b:10055
[  877505ms] [WARNING] [web-runtime] connection lost, retry #108 @ http://localhost:1420/plugins/@deepseek-ai/dsh-client-connection/client.js?rev=bc3c3fa9d26b:115
[  877894ms] [ERROR] WebSocket connection to 'ws://localhost:1420/' failed: Error in connection establishment: net::ERR_CONNECTION_REFUSED @ http://localhost:1420/@vite/client:1034
[  881658ms] [ERROR] WebSocket connection to 'ws://localhost:1420/' failed: Error in connection establishment: net::ERR_CONNECTION_REFUSED @ http://localhost:1420/@vite/client:1034
[  883807ms] [ERROR] Failed to load resource: net::ERR_CONNECTION_REFUSED @ http://localhost:1420/api/host.describe:0
[  883807ms] [WARNING] WebSocket connection to 'ws://localhost:1420/api/events.mux' failed: WebSocket is closed before the connection is established. @ http://localhost:1420/plugins/@deepseek-ai/dsh-client-connection/client.js?rev=bc3c3fa9d26b:10055
[  883807ms] [WARNING] WebSocket connection to 'ws://localhost:1420/api/events.host' failed: WebSocket is closed before the connection is established. @ http://localhost:1420/plugins/@deepseek-ai/dsh-client-connection/client.js?rev=bc3c3fa9d26b:10055
[  883807ms] [WARNING] [web-runtime] connection lost, retry #109 @ http://localhost:1420/plugins/@deepseek-ai/dsh-client-connection/client.js?rev=bc3c3fa9d26b:115
[  884841ms] [ERROR] WebSocket connection to 'ws://localhost:1420/' failed: Error in connection establishment: net::ERR_CONNECTION_REFUSED @ http://localhost:1420/@vite/client:1034
[  887541ms] [ERROR] WebSocket connection to 'ws://localhost:1420/' failed: Error in connection establishment: net::ERR_CONNECTION_REFUSED @ http://localhost:1420/@vite/client:1034
[  889558ms] [ERROR] WebSocket connection to 'ws://localhost:1420/' failed: Error in connection establishment: net::ERR_CONNECTION_REFUSED @ http://localhost:1420/@vite/client:1034
[  893707ms] [ERROR] Failed to load resource: net::ERR_CONNECTION_REFUSED @ http://localhost:1420/api/host.describe:0
[  893707ms] [WARNING] WebSocket connection to 'ws://localhost:1420/api/events.mux' failed: WebSocket is closed before the connection is established. @ http://localhost:1420/plugins/@deepseek-ai/dsh-client-connection/client.js?rev=bc3c3fa9d26b:10055
[  893707ms] [WARNING] WebSocket connection to 'ws://localhost:1420/api/events.host' failed: WebSocket is closed before the connection is established. @ http://localhost:1420/plugins/@deepseek-ai/dsh-client-connection/client.js?rev=bc3c3fa9d26b:10055
[  893707ms] [WARNING] [web-runtime] connection lost, retry #110 @ http://localhost:1420/plugins/@deepseek-ai/dsh-client-connection/client.js?rev=bc3c3fa9d26b:115
[  895185ms] [ERROR] WebSocket connection to 'ws://localhost:1420/' failed: Error in connection establishment: net::ERR_CONNECTION_REFUSED @ http://localhost:1420/@vite/client:1034
[  899967ms] [ERROR] Failed to load resource: net::ERR_CONNECTION_REFUSED @ http://localhost:1420/api/host.describe:0
[  899967ms] [WARNING] WebSocket connection to 'ws://localhost:1420/api/events.mux' failed: WebSocket is closed before the connection is established. @ http://localhost:1420/plugins/@deepseek-ai/dsh-client-connection/client.js?rev=bc3c3fa9d26b:10055
[  899967ms] [WARNING] WebSocket connection to 'ws://localhost:1420/api/events.host' failed: WebSocket is closed before the connection is established. @ http://localhost:1420/plugins/@deepseek-ai/dsh-client-connection/client.js?rev=bc3c3fa9d26b:10055
[  899967ms] [WARNING] [web-runtime] connection lost, retry #111 @ http://localhost:1420/plugins/@deepseek-ai/dsh-client-connection/client.js?rev=bc3c3fa9d26b:115
[  900059ms] [ERROR] WebSocket connection to 'ws://localhost:1420/' failed: Error in connection establishment: net::ERR_CONNECTION_REFUSED @ http://localhost:1420/@vite/client:1034
[  902728ms] [ERROR] WebSocket connection to 'ws://localhost:1420/' failed: Error in connection establishment: net::ERR_CONNECTION_REFUSED @ http://localhost:1420/@vite/client:1034
[  906915ms] [ERROR] Failed to load resource: net::ERR_CONNECTION_REFUSED @ http://localhost:1420/api/host.describe:0
[  906915ms] [WARNING] WebSocket connection to 'ws://localhost:1420/api/events.mux' failed: WebSocket is closed before the connection is established. @ http://localhost:1420/plugins/@deepseek-ai/dsh-client-connection/client.js?rev=bc3c3fa9d26b:10055
[  906915ms] [WARNING] WebSocket connection to 'ws://localhost:1420/api/events.host' failed: WebSocket is closed before the connection is established. @ http://localhost:1420/plugins/@deepseek-ai/dsh-client-connection/client.js?rev=bc3c3fa9d26b:10055
[  906915ms] [WARNING] [web-runtime] connection lost, retry #112 @ http://localhost:1420/plugins/@deepseek-ai/dsh-client-connection/client.js?rev=bc3c3fa9d26b:115
[  907322ms] [ERROR] WebSocket connection to 'ws://localhost:1420/' failed: Error in connection establishment: net::ERR_CONNECTION_REFUSED @ http://localhost:1420/@vite/client:1034
[  911887ms] [ERROR] WebSocket connection to 'ws://localhost:1420/' failed: Error in connection establishment: net::ERR_CONNECTION_REFUSED @ http://localhost:1420/@vite/client:1034
[  916654ms] [ERROR] Failed to load resource: net::ERR_CONNECTION_REFUSED @ http://localhost:1420/api/host.describe:0
[  916654ms] [WARNING] WebSocket connection to 'ws://localhost:1420/api/events.mux' failed: WebSocket is closed before the connection is established. @ http://localhost:1420/plugins/@deepseek-ai/dsh-client-connection/client.js?rev=bc3c3fa9d26b:10055
[  916654ms] [WARNING] WebSocket connection to 'ws://localhost:1420/api/events.host' failed: WebSocket is closed before the connection is established. @ http://localhost:1420/plugins/@deepseek-ai/dsh-client-connection/client.js?rev=bc3c3fa9d26b:10055
[  916654ms] [WARNING] [web-runtime] connection lost, retry #113 @ http://localhost:1420/plugins/@deepseek-ai/dsh-client-connection/client.js?rev=bc3c3fa9d26b:115
[  917081ms] [ERROR] WebSocket connection to 'ws://localhost:1420/' failed: Error in connection establishment: net::ERR_CONNECTION_REFUSED @ http://localhost:1420/@vite/client:1034
[  922185ms] [ERROR] WebSocket connection to 'ws://localhost:1420/' failed: Error in connection establishment: net::ERR_CONNECTION_REFUSED @ http://localhost:1420/@vite/client:1034
[  924128ms] [ERROR] Failed to load resource: net::ERR_CONNECTION_REFUSED @ http://localhost:1420/api/host.describe:0
[  924128ms] [WARNING] WebSocket connection to 'ws://localhost:1420/api/events.mux' failed: WebSocket is closed before the connection is established. @ http://localhost:1420/plugins/@deepseek-ai/dsh-client-connection/client.js?rev=bc3c3fa9d26b:10055
[  924128ms] [WARNING] WebSocket connection to 'ws://localhost:1420/api/events.host' failed: WebSocket is closed before the connection is established. @ http://localhost:1420/plugins/@deepseek-ai/dsh-client-connection/client.js?rev=bc3c3fa9d26b:10055
[  924128ms] [WARNING] [web-runtime] connection lost, retry #114 @ http://localhost:1420/plugins/@deepseek-ai/dsh-client-connection/client.js?rev=bc3c3fa9d26b:115
[  927560ms] [ERROR] WebSocket connection to 'ws://localhost:1420/' failed: Error in connection establishment: net::ERR_CONNECTION_REFUSED @ http://localhost:1420/@vite/client:1034
[  929376ms] [ERROR] Failed to load resource: net::ERR_CONNECTION_REFUSED @ http://localhost:1420/api/host.describe:0
[  929376ms] [WARNING] WebSocket connection to 'ws://localhost:1420/api/events.mux' failed: WebSocket is closed before the connection is established. @ http://localhost:1420/plugins/@deepseek-ai/dsh-client-connection/client.js?rev=bc3c3fa9d26b:10055
[  929376ms] [WARNING] WebSocket connection to 'ws://localhost:1420/api/events.host' failed: WebSocket is closed before the connection is established. @ http://localhost:1420/plugins/@deepseek-ai/dsh-client-connection/client.js?rev=bc3c3fa9d26b:10055
[  929376ms] [WARNING] [web-runtime] connection lost, retry #115 @ http://localhost:1420/plugins/@deepseek-ai/dsh-client-connection/client.js?rev=bc3c3fa9d26b:115
[  932918ms] [ERROR] WebSocket connection to 'ws://localhost:1420/' failed: Error in connection establishment: net::ERR_CONNECTION_REFUSED @ http://localhost:1420/@vite/client:1034
[  934927ms] [ERROR] Failed to load resource: net::ERR_CONNECTION_REFUSED @ http://localhost:1420/api/host.describe:0
[  934927ms] [WARNING] WebSocket connection to 'ws://localhost:1420/api/events.mux' failed: WebSocket is closed before the connection is established. @ http://localhost:1420/plugins/@deepseek-ai/dsh-client-connection/client.js?rev=bc3c3fa9d26b:10055
[  934927ms] [WARNING] WebSocket connection to 'ws://localhost:1420/api/events.host' failed: WebSocket is closed before the connection is established. @ http://localhost:1420/plugins/@deepseek-ai/dsh-client-connection/client.js?rev=bc3c3fa9d26b:10055
[  934927ms] [WARNING] [web-runtime] connection lost, retry #116 @ http://localhost:1420/plugins/@deepseek-ai/dsh-client-connection/client.js?rev=bc3c3fa9d26b:115
[  936452ms] [ERROR] WebSocket connection to 'ws://localhost:1420/' failed: Error in connection establishment: net::ERR_CONNECTION_REFUSED @ http://localhost:1420/@vite/client:1034
[  940175ms] [ERROR] WebSocket connection to 'ws://localhost:1420/' failed: Error in connection establishment: net::ERR_CONNECTION_REFUSED @ http://localhost:1420/@vite/client:1034
[  941805ms] [ERROR] Failed to load resource: net::ERR_CONNECTION_REFUSED @ http://localhost:1420/api/host.describe:0
[  941805ms] [WARNING] WebSocket connection to 'ws://localhost:1420/api/events.mux' failed: WebSocket is closed before the connection is established. @ http://localhost:1420/plugins/@deepseek-ai/dsh-client-connection/client.js?rev=bc3c3fa9d26b:10055
[  941805ms] [WARNING] WebSocket connection to 'ws://localhost:1420/api/events.host' failed: WebSocket is closed before the connection is established. @ http://localhost:1420/plugins/@deepseek-ai/dsh-client-connection/client.js?rev=bc3c3fa9d26b:10055
[  941805ms] [WARNING] [web-runtime] connection lost, retry #117 @ http://localhost:1420/plugins/@deepseek-ai/dsh-client-connection/client.js?rev=bc3c3fa9d26b:115
[  944866ms] [ERROR] WebSocket connection to 'ws://localhost:1420/' failed: Error in connection establishment: net::ERR_CONNECTION_REFUSED @ http://localhost:1420/@vite/client:1034
[  945868ms] [ERROR] WebSocket connection to 'ws://localhost:1420/' failed: Error in connection establishment: net::ERR_CONNECTION_REFUSED @ http://localhost:1420/@vite/client:1034
[  946869ms] [ERROR] WebSocket connection to 'ws://localhost:1420/' failed: Error in connection establishment: net::ERR_CONNECTION_REFUSED @ http://localhost:1420/@vite/client:1034
[  947872ms] [ERROR] WebSocket connection to 'ws://localhost:1420/' failed: Error in connection establishment: net::ERR_CONNECTION_REFUSED @ http://localhost:1420/@vite/client:1034
[  948030ms] [ERROR] WebSocket connection to 'ws://localhost:1420/api/events.host' failed: Error in connection establishment: net::ERR_CONNECTION_REFUSED @ http://localhost:1420/plugins/@deepseek-ai/dsh-client-connection/client.js?rev=bc3c3fa9d26b:10020
[  948030ms] [ERROR] Failed to load resource: net::ERR_CONNECTION_REFUSED @ http://localhost:1420/api/host.describe:0
[  948030ms] [WARNING] WebSocket connection to 'ws://localhost:1420/api/events.mux' failed: WebSocket is closed before the connection is established. @ http://localhost:1420/plugins/@deepseek-ai/dsh-client-connection/client.js?rev=bc3c3fa9d26b:10055
[  948030ms] [WARNING] WebSocket connection to 'ws://localhost:1420/api/events.host' failed: WebSocket is closed before the connection is established. @ http://localhost:1420/plugins/@deepseek-ai/dsh-client-connection/client.js?rev=bc3c3fa9d26b:10055
[  948030ms] [WARNING] [web-runtime] connection lost, retry #118 @ http://localhost:1420/plugins/@deepseek-ai/dsh-client-connection/client.js?rev=bc3c3fa9d26b:115
[  948879ms] [ERROR] WebSocket connection to 'ws://localhost:1420/' failed: Error in connection establishment: net::ERR_CONNECTION_REFUSED @ http://localhost:1420/@vite/client:1034
[  949891ms] [ERROR] WebSocket connection to 'ws://localhost:1420/' failed: Error in connection establishment: net::ERR_CONNECTION_REFUSED @ http://localhost:1420/@vite/client:1034
[  950898ms] [ERROR] WebSocket connection to 'ws://localhost:1420/' failed: Error in connection establishment: net::ERR_CONNECTION_REFUSED @ http://localhost:1420/@vite/client:1034
[  951936ms] [ERROR] WebSocket connection to 'ws://localhost:1420/' failed: Error in connection establishment: net::ERR_CONNECTION_REFUSED @ http://localhost:1420/@vite/client:1034
[  953007ms] [ERROR] WebSocket connection to 'ws://localhost:1420/' failed: Error in connection establishment: net::ERR_CONNECTION_REFUSED @ http://localhost:1420/@vite/client:1034
[  954082ms] [ERROR] WebSocket connection to 'ws://localhost:1420/' failed: Error in connection establishment: net::ERR_CONNECTION_REFUSED @ http://localhost:1420/@vite/client:1034
[  954318ms] [ERROR] Failed to load resource: net::ERR_CONNECTION_REFUSED @ http://localhost:1420/api/host.describe:0
[  954318ms] [WARNING] WebSocket connection to 'ws://localhost:1420/api/events.mux' failed: WebSocket is closed before the connection is established. @ http://localhost:1420/plugins/@deepseek-ai/dsh-client-connection/client.js?rev=bc3c3fa9d26b:10055
[  954318ms] [WARNING] WebSocket connection to 'ws://localhost:1420/api/events.host' failed: WebSocket is closed before the connection is established. @ http://localhost:1420/plugins/@deepseek-ai/dsh-client-connection/client.js?rev=bc3c3fa9d26b:10055
[  954319ms] [WARNING] [web-runtime] connection lost, retry #119 @ http://localhost:1420/plugins/@deepseek-ai/dsh-client-connection/client.js?rev=bc3c3fa9d26b:115
[  956299ms] [ERROR] WebSocket connection to 'ws://localhost:1420/' failed: Error in connection establishment: net::ERR_CONNECTION_REFUSED @ http://localhost:1420/@vite/client:1034
[  959032ms] [ERROR] WebSocket connection to 'ws://localhost:1420/' failed: Error in connection establishment: net::ERR_CONNECTION_REFUSED @ http://localhost:1420/@vite/client:1034
[  961635ms] [ERROR] Failed to load resource: net::ERR_CONNECTION_REFUSED @ http://localhost:1420/api/host.describe:0
[  961635ms] [WARNING] WebSocket connection to 'ws://localhost:1420/api/events.mux' failed: WebSocket is closed before the connection is established. @ http://localhost:1420/plugins/@deepseek-ai/dsh-client-connection/client.js?rev=bc3c3fa9d26b:10055
[  961635ms] [WARNING] WebSocket connection to 'ws://localhost:1420/api/events.host' failed: WebSocket is closed before the connection is established. @ http://localhost:1420/plugins/@deepseek-ai/dsh-client-connection/client.js?rev=bc3c3fa9d26b:10055
[  961635ms] [WARNING] [web-runtime] connection lost, retry #120 @ http://localhost:1420/plugins/@deepseek-ai/dsh-client-connection/client.js?rev=bc3c3fa9d26b:115
[  962662ms] [ERROR] WebSocket connection to 'ws://localhost:1420/' failed: Error in connection establishment: net::ERR_CONNECTION_REFUSED @ http://localhost:1420/@vite/client:1034
[  966952ms] [ERROR] Failed to load resource: net::ERR_CONNECTION_REFUSED @ http://localhost:1420/api/host.describe:0
[  966952ms] [WARNING] WebSocket connection to 'ws://localhost:1420/api/events.mux' failed: WebSocket is closed before the connection is established. @ http://localhost:1420/plugins/@deepseek-ai/dsh-client-connection/client.js?rev=bc3c3fa9d26b:10055
[  966952ms] [WARNING] WebSocket connection to 'ws://localhost:1420/api/events.host' failed: WebSocket is closed before the connection is established. @ http://localhost:1420/plugins/@deepseek-ai/dsh-client-connection/client.js?rev=bc3c3fa9d26b:10055
[  966952ms] [WARNING] [web-runtime] connection lost, retry #121 @ http://localhost:1420/plugins/@deepseek-ai/dsh-client-connection/client.js?rev=bc3c3fa9d26b:115
[  967363ms] [ERROR] WebSocket connection to 'ws://localhost:1420/' failed: Error in connection establishment: net::ERR_CONNECTION_REFUSED @ http://localhost:1420/@vite/client:1034
[  969561ms] [ERROR] WebSocket connection to 'ws://localhost:1420/' failed: Error in connection establishment: net::ERR_CONNECTION_REFUSED @ http://localhost:1420/@vite/client:1034
[  973054ms] [ERROR] WebSocket connection to 'ws://localhost:1420/' failed: Error in connection establishment: net::ERR_CONNECTION_REFUSED @ http://localhost:1420/@vite/client:1034
[  974315ms] [ERROR] Failed to load resource: net::ERR_CONNECTION_REFUSED @ http://localhost:1420/api/host.describe:0
[  974315ms] [WARNING] WebSocket connection to 'ws://localhost:1420/api/events.mux' failed: WebSocket is closed before the connection is established. @ http://localhost:1420/plugins/@deepseek-ai/dsh-client-connection/client.js?rev=bc3c3fa9d26b:10055
[  974315ms] [WARNING] WebSocket connection to 'ws://localhost:1420/api/events.host' failed: WebSocket is closed before the connection is established. @ http://localhost:1420/plugins/@deepseek-ai/dsh-client-connection/client.js?rev=bc3c3fa9d26b:10055
[  974315ms] [WARNING] [web-runtime] connection lost, retry #122 @ http://localhost:1420/plugins/@deepseek-ai/dsh-client-connection/client.js?rev=bc3c3fa9d26b:115
[  977563ms] [ERROR] WebSocket connection to 'ws://localhost:1420/' failed: Error in connection establishment: net::ERR_CONNECTION_REFUSED @ http://localhost:1420/@vite/client:1034
[  982094ms] [ERROR] Failed to load resource: net::ERR_CONNECTION_REFUSED @ http://localhost:1420/api/host.describe:0
[  982094ms] [WARNING] WebSocket connection to 'ws://localhost:1420/api/events.mux' failed: WebSocket is closed before the connection is established. @ http://localhost:1420/plugins/@deepseek-ai/dsh-client-connection/client.js?rev=bc3c3fa9d26b:10055
[  982094ms] [WARNING] WebSocket connection to 'ws://localhost:1420/api/events.host' failed: WebSocket is closed before the connection is established. @ http://localhost:1420/plugins/@deepseek-ai/dsh-client-connection/client.js?rev=bc3c3fa9d26b:10055
[  982094ms] [WARNING] [web-runtime] connection lost, retry #123 @ http://localhost:1420/plugins/@deepseek-ai/dsh-client-connection/client.js?rev=bc3c3fa9d26b:115
[  983139ms] [ERROR] WebSocket connection to 'ws://localhost:1420/' failed: Error in connection establishment: net::ERR_CONNECTION_REFUSED @ http://localhost:1420/@vite/client:1034
[  986309ms] [ERROR] WebSocket connection to 'ws://localhost:1420/' failed: Error in connection establishment: net::ERR_CONNECTION_REFUSED @ http://localhost:1420/@vite/client:1034
[  988339ms] [ERROR] WebSocket connection to 'ws://localhost:1420/' failed: Error in connection establishment: net::ERR_CONNECTION_REFUSED @ http://localhost:1420/@vite/client:1034
[  991371ms] [ERROR] Failed to load resource: net::ERR_CONNECTION_REFUSED @ http://localhost:1420/api/host.describe:0
[  991371ms] [WARNING] WebSocket connection to 'ws://localhost:1420/api/events.mux' failed: WebSocket is closed before the connection is established. @ http://localhost:1420/plugins/@deepseek-ai/dsh-client-connection/client.js?rev=bc3c3fa9d26b:10055
[  991371ms] [WARNING] WebSocket connection to 'ws://localhost:1420/api/events.host' failed: WebSocket is closed before the connection is established. @ http://localhost:1420/plugins/@deepseek-ai/dsh-client-connection/client.js?rev=bc3c3fa9d26b:10055
[  991371ms] [WARNING] [web-runtime] connection lost, retry #124 @ http://localhost:1420/plugins/@deepseek-ai/dsh-client-connection/client.js?rev=bc3c3fa9d26b:115
[  991387ms] [ERROR] WebSocket connection to 'ws://localhost:1420/' failed: Error in connection establishment: net::ERR_CONNECTION_REFUSED @ http://localhost:1420/@vite/client:1034
[  996368ms] [ERROR] WebSocket connection to 'ws://localhost:1420/' failed: Error in connection establishment: net::ERR_CONNECTION_REFUSED @ http://localhost:1420/@vite/client:1034
[  998862ms] [ERROR] Failed to load resource: net::ERR_CONNECTION_REFUSED @ http://localhost:1420/api/host.describe:0
[  998862ms] [WARNING] WebSocket connection to 'ws://localhost:1420/api/events.mux' failed: WebSocket is closed before the connection is established. @ http://localhost:1420/plugins/@deepseek-ai/dsh-client-connection/client.js?rev=bc3c3fa9d26b:10055
[  998862ms] [WARNING] WebSocket connection to 'ws://localhost:1420/api/events.host' failed: WebSocket is closed before the connection is established. @ http://localhost:1420/plugins/@deepseek-ai/dsh-client-connection/client.js?rev=bc3c3fa9d26b:10055
[  998862ms] [WARNING] [web-runtime] connection lost, retry #125 @ http://localhost:1420/plugins/@deepseek-ai/dsh-client-connection/client.js?rev=bc3c3fa9d26b:115
[  999315ms] [ERROR] WebSocket connection to 'ws://localhost:1420/' failed: Error in connection establishment: net::ERR_CONNECTION_REFUSED @ http://localhost:1420/@vite/client:1034
[ 1003346ms] [ERROR] WebSocket connection to 'ws://localhost:1420/' failed: Error in connection establishment: net::ERR_CONNECTION_REFUSED @ http://localhost:1420/@vite/client:1034
[ 1007514ms] [ERROR] Failed to load resource: net::ERR_CONNECTION_REFUSED @ http://localhost:1420/api/host.describe:0
[ 1007514ms] [WARNING] WebSocket connection to 'ws://localhost:1420/api/events.mux' failed: WebSocket is closed before the connection is established. @ http://localhost:1420/plugins/@deepseek-ai/dsh-client-connection/client.js?rev=bc3c3fa9d26b:10055
[ 1007514ms] [WARNING] WebSocket connection to 'ws://localhost:1420/api/events.host' failed: WebSocket is closed before the connection is established. @ http://localhost:1420/plugins/@deepseek-ai/dsh-client-connection/client.js?rev=bc3c3fa9d26b:10055
[ 1007514ms] [WARNING] [web-runtime] connection lost, retry #126 @ http://localhost:1420/plugins/@deepseek-ai/dsh-client-connection/client.js?rev=bc3c3fa9d26b:115
[ 1008093ms] [ERROR] WebSocket connection to 'ws://localhost:1420/' failed: Error in connection establishment: net::ERR_CONNECTION_REFUSED @ http://localhost:1420/@vite/client:1034
[ 1011394ms] [ERROR] WebSocket connection to 'ws://localhost:1420/' failed: Error in connection establishment: net::ERR_CONNECTION_REFUSED @ http://localhost:1420/@vite/client:1034
[ 1013557ms] [ERROR] Failed to load resource: net::ERR_CONNECTION_REFUSED @ http://localhost:1420/api/host.describe:0
[ 1013557ms] [WARNING] WebSocket connection to 'ws://localhost:1420/api/events.mux' failed: WebSocket is closed before the connection is established. @ http://localhost:1420/plugins/@deepseek-ai/dsh-client-connection/client.js?rev=bc3c3fa9d26b:10055
[ 1013557ms] [WARNING] WebSocket connection to 'ws://localhost:1420/api/events.host' failed: WebSocket is closed before the connection is established. @ http://localhost:1420/plugins/@deepseek-ai/dsh-client-connection/client.js?rev=bc3c3fa9d26b:10055
[ 1013557ms] [WARNING] [web-runtime] connection lost, retry #127 @ http://localhost:1420/plugins/@deepseek-ai/dsh-client-connection/client.js?rev=bc3c3fa9d26b:115
[ 1013806ms] [ERROR] WebSocket connection to 'ws://localhost:1420/' failed: Error in connection establishment: net::ERR_CONNECTION_REFUSED @ http://localhost:1420/@vite/client:1034
[ 1018682ms] [ERROR] WebSocket connection to 'ws://localhost:1420/' failed: Error in connection establishment: net::ERR_CONNECTION_REFUSED @ http://localhost:1420/@vite/client:1034
[ 1022962ms] [ERROR] Failed to load resource: net::ERR_CONNECTION_REFUSED @ http://localhost:1420/api/host.describe:0
[ 1022962ms] [WARNING] WebSocket connection to 'ws://localhost:1420/api/events.mux' failed: WebSocket is closed before the connection is established. @ http://localhost:1420/plugins/@deepseek-ai/dsh-client-connection/client.js?rev=bc3c3fa9d26b:10055
[ 1022962ms] [WARNING] WebSocket connection to 'ws://localhost:1420/api/events.host' failed: WebSocket is closed before the connection is established. @ http://localhost:1420/plugins/@deepseek-ai/dsh-client-connection/client.js?rev=bc3c3fa9d26b:10055
[ 1022962ms] [WARNING] [web-runtime] connection lost, retry #128 @ http://localhost:1420/plugins/@deepseek-ai/dsh-client-connection/client.js?rev=bc3c3fa9d26b:115
[ 1023777ms] [ERROR] WebSocket connection to 'ws://localhost:1420/' failed: Error in connection establishment: net::ERR_CONNECTION_REFUSED @ http://localhost:1420/@vite/client:1034
[ 1029068ms] [ERROR] WebSocket connection to 'ws://localhost:1420/' failed: Error in connection establishment: net::ERR_CONNECTION_REFUSED @ http://localhost:1420/@vite/client:1034
[ 1032120ms] [ERROR] Failed to load resource: net::ERR_CONNECTION_REFUSED @ http://localhost:1420/api/host.describe:0
[ 1032120ms] [WARNING] WebSocket connection to 'ws://localhost:1420/api/events.mux' failed: WebSocket is closed before the connection is established. @ http://localhost:1420/plugins/@deepseek-ai/dsh-client-connection/client.js?rev=bc3c3fa9d26b:10055
[ 1032120ms] [WARNING] WebSocket connection to 'ws://localhost:1420/api/events.host' failed: WebSocket is closed before the connection is established. @ http://localhost:1420/plugins/@deepseek-ai/dsh-client-connection/client.js?rev=bc3c3fa9d26b:10055
[ 1032121ms] [WARNING] [web-runtime] connection lost, retry #129 @ http://localhost:1420/plugins/@deepseek-ai/dsh-client-connection/client.js?rev=bc3c3fa9d26b:115
[ 1032919ms] [ERROR] WebSocket connection to 'ws://localhost:1420/' failed: Error in connection establishment: net::ERR_CONNECTION_REFUSED @ http://localhost:1420/@vite/client:1034
[ 1036454ms] [ERROR] WebSocket connection to 'ws://localhost:1420/' failed: Error in connection establishment: net::ERR_CONNECTION_REFUSED @ http://localhost:1420/@vite/client:1034
[ 1038647ms] [ERROR] WebSocket connection to 'ws://localhost:1420/' failed: Error in connection establishment: net::ERR_CONNECTION_REFUSED @ http://localhost:1420/@vite/client:1034
[ 1041261ms] [ERROR] Failed to load resource: net::ERR_CONNECTION_REFUSED @ http://localhost:1420/api/host.describe:0
[ 1041261ms] [WARNING] WebSocket connection to 'ws://localhost:1420/api/events.mux' failed: WebSocket is closed before the connection is established. @ http://localhost:1420/plugins/@deepseek-ai/dsh-client-connection/client.js?rev=bc3c3fa9d26b:10055
[ 1041261ms] [WARNING] WebSocket connection to 'ws://localhost:1420/api/events.host' failed: WebSocket is closed before the connection is established. @ http://localhost:1420/plugins/@deepseek-ai/dsh-client-connection/client.js?rev=bc3c3fa9d26b:10055
[ 1041261ms] [WARNING] [web-runtime] connection lost, retry #130 @ http://localhost:1420/plugins/@deepseek-ai/dsh-client-connection/client.js?rev=bc3c3fa9d26b:115
[ 1044358ms] [ERROR] WebSocket connection to 'ws://localhost:1420/' failed: Error in connection establishment: net::ERR_CONNECTION_REFUSED @ http://localhost:1420/@vite/client:1034
[ 1047328ms] [ERROR] WebSocket connection to 'ws://localhost:1420/' failed: Error in connection establishment: net::ERR_CONNECTION_REFUSED @ http://localhost:1420/@vite/client:1034
[ 1048769ms] [ERROR] Failed to load resource: net::ERR_CONNECTION_REFUSED @ http://localhost:1420/api/host.describe:0
[ 1048769ms] [WARNING] WebSocket connection to 'ws://localhost:1420/api/events.mux' failed: WebSocket is closed before the connection is established. @ http://localhost:1420/plugins/@deepseek-ai/dsh-client-connection/client.js?rev=bc3c3fa9d26b:10055
[ 1048769ms] [WARNING] WebSocket connection to 'ws://localhost:1420/api/events.host' failed: WebSocket is closed before the connection is established. @ http://localhost:1420/plugins/@deepseek-ai/dsh-client-connection/client.js?rev=bc3c3fa9d26b:10055
[ 1048769ms] [WARNING] [web-runtime] connection lost, retry #131 @ http://localhost:1420/plugins/@deepseek-ai/dsh-client-connection/client.js?rev=bc3c3fa9d26b:115
[ 1052292ms] [ERROR] WebSocket connection to 'ws://localhost:1420/' failed: Error in connection establishment: net::ERR_CONNECTION_REFUSED @ http://localhost:1420/@vite/client:1034
[ 1056473ms] [ERROR] WebSocket connection to 'ws://localhost:1420/' failed: Error in connection establishment: net::ERR_CONNECTION_REFUSED @ http://localhost:1420/@vite/client:1034
[ 1057599ms] [ERROR] Failed to load resource: net::ERR_CONNECTION_REFUSED @ http://localhost:1420/api/host.describe:0
[ 1057599ms] [WARNING] WebSocket connection to 'ws://localhost:1420/api/events.mux' failed: WebSocket is closed before the connection is established. @ http://localhost:1420/plugins/@deepseek-ai/dsh-client-connection/client.js?rev=bc3c3fa9d26b:10055
[ 1057599ms] [WARNING] WebSocket connection to 'ws://localhost:1420/api/events.host' failed: WebSocket is closed before the connection is established. @ http://localhost:1420/plugins/@deepseek-ai/dsh-client-connection/client.js?rev=bc3c3fa9d26b:10055
[ 1057600ms] [WARNING] [web-runtime] connection lost, retry #132 @ http://localhost:1420/plugins/@deepseek-ai/dsh-client-connection/client.js?rev=bc3c3fa9d26b:115
[ 1061215ms] [ERROR] WebSocket connection to 'ws://localhost:1420/' failed: Error in connection establishment: net::ERR_CONNECTION_REFUSED @ http://localhost:1420/@vite/client:1034
[ 1065756ms] [ERROR] Failed to load resource: net::ERR_CONNECTION_REFUSED @ http://localhost:1420/api/host.describe:0
[ 1065756ms] [WARNING] WebSocket connection to 'ws://localhost:1420/api/events.mux' failed: WebSocket is closed before the connection is established. @ http://localhost:1420/plugins/@deepseek-ai/dsh-client-connection/client.js?rev=bc3c3fa9d26b:10055
[ 1065756ms] [WARNING] WebSocket connection to 'ws://localhost:1420/api/events.host' failed: WebSocket is closed before the connection is established. @ http://localhost:1420/plugins/@deepseek-ai/dsh-client-connection/client.js?rev=bc3c3fa9d26b:10055
[ 1065756ms] [WARNING] [web-runtime] connection lost, retry #133 @ http://localhost:1420/plugins/@deepseek-ai/dsh-client-connection/client.js?rev=bc3c3fa9d26b:115
[ 1067065ms] [ERROR] WebSocket connection to 'ws://localhost:1420/' failed: Error in connection establishment: net::ERR_CONNECTION_REFUSED @ http://localhost:1420/@vite/client:1034
[ 1069306ms] [ERROR] WebSocket connection to 'ws://localhost:1420/' failed: Error in connection establishment: net::ERR_CONNECTION_REFUSED @ http://localhost:1420/@vite/client:1034
[ 1074301ms] [ERROR] WebSocket connection to 'ws://localhost:1420/' failed: Error in connection establishment: net::ERR_CONNECTION_REFUSED @ http://localhost:1420/@vite/client:1034
[ 1075508ms] [ERROR] Failed to load resource: net::ERR_CONNECTION_REFUSED @ http://localhost:1420/api/host.describe:0
[ 1075508ms] [WARNING] WebSocket connection to 'ws://localhost:1420/api/events.mux' failed: WebSocket is closed before the connection is established. @ http://localhost:1420/plugins/@deepseek-ai/dsh-client-connection/client.js?rev=bc3c3fa9d26b:10055
[ 1075508ms] [WARNING] WebSocket connection to 'ws://localhost:1420/api/events.host' failed: WebSocket is closed before the connection is established. @ http://localhost:1420/plugins/@deepseek-ai/dsh-client-connection/client.js?rev=bc3c3fa9d26b:10055
[ 1075509ms] [WARNING] [web-runtime] connection lost, retry #134 @ http://localhost:1420/plugins/@deepseek-ai/dsh-client-connection/client.js?rev=bc3c3fa9d26b:115
[ 1077456ms] [ERROR] WebSocket connection to 'ws://localhost:1420/' failed: Error in connection establishment: net::ERR_CONNECTION_REFUSED @ http://localhost:1420/@vite/client:1034
[ 1079692ms] [ERROR] WebSocket connection to 'ws://localhost:1420/' failed: Error in connection establishment: net::ERR_CONNECTION_REFUSED @ http://localhost:1420/@vite/client:1034
[ 1082460ms] [ERROR] WebSocket connection to 'ws://localhost:1420/' failed: Error in connection establishment: net::ERR_CONNECTION_REFUSED @ http://localhost:1420/@vite/client:1034
[ 1083785ms] [ERROR] Failed to load resource: net::ERR_CONNECTION_REFUSED @ http://localhost:1420/api/host.describe:0
[ 1083785ms] [WARNING] WebSocket connection to 'ws://localhost:1420/api/events.mux' failed: WebSocket is closed before the connection is established. @ http://localhost:1420/plugins/@deepseek-ai/dsh-client-connection/client.js?rev=bc3c3fa9d26b:10055
[ 1083785ms] [WARNING] WebSocket connection to 'ws://localhost:1420/api/events.host' failed: WebSocket is closed before the connection is established. @ http://localhost:1420/plugins/@deepseek-ai/dsh-client-connection/client.js?rev=bc3c3fa9d26b:10055
[ 1083785ms] [WARNING] [web-runtime] connection lost, retry #135 @ http://localhost:1420/plugins/@deepseek-ai/dsh-client-connection/client.js?rev=bc3c3fa9d26b:115
[ 1086235ms] [ERROR] WebSocket connection to 'ws://localhost:1420/' failed: Error in connection establishment: net::ERR_CONNECTION_REFUSED @ http://localhost:1420/@vite/client:1034
[ 1089994ms] [ERROR] Failed to load resource: net::ERR_CONNECTION_REFUSED @ http://localhost:1420/api/host.describe:0
[ 1089994ms] [WARNING] WebSocket connection to 'ws://localhost:1420/api/events.mux' failed: WebSocket is closed before the connection is established. @ http://localhost:1420/plugins/@deepseek-ai/dsh-client-connection/client.js?rev=bc3c3fa9d26b:10055
[ 1089994ms] [WARNING] WebSocket connection to 'ws://localhost:1420/api/events.host' failed: WebSocket is closed before the connection is established. @ http://localhost:1420/plugins/@deepseek-ai/dsh-client-connection/client.js?rev=bc3c3fa9d26b:10055
[ 1089994ms] [WARNING] [web-runtime] connection lost, retry #136 @ http://localhost:1420/plugins/@deepseek-ai/dsh-client-connection/client.js?rev=bc3c3fa9d26b:115
[ 1091019ms] [ERROR] WebSocket connection to 'ws://localhost:1420/' failed: Error in connection establishment: net::ERR_CONNECTION_REFUSED @ http://localhost:1420/@vite/client:1034
[ 1095060ms] [ERROR] Failed to load resource: net::ERR_CONNECTION_REFUSED @ http://localhost:1420/api/host.describe:0
[ 1095060ms] [WARNING] WebSocket connection to 'ws://localhost:1420/api/events.mux' failed: WebSocket is closed before the connection is established. @ http://localhost:1420/plugins/@deepseek-ai/dsh-client-connection/client.js?rev=bc3c3fa9d26b:10055
[ 1095060ms] [WARNING] WebSocket connection to 'ws://localhost:1420/api/events.host' failed: WebSocket is closed before the connection is established. @ http://localhost:1420/plugins/@deepseek-ai/dsh-client-connection/client.js?rev=bc3c3fa9d26b:10055
[ 1095060ms] [WARNING] [web-runtime] connection lost, retry #137 @ http://localhost:1420/plugins/@deepseek-ai/dsh-client-connection/client.js?rev=bc3c3fa9d26b:115
[ 1096558ms] [ERROR] WebSocket connection to 'ws://localhost:1420/' failed: Error in connection establishment: net::ERR_CONNECTION_REFUSED @ http://localhost:1420/@vite/client:1034
[ 1099658ms] [ERROR] WebSocket connection to 'ws://localhost:1420/' failed: Error in connection establishment: net::ERR_CONNECTION_REFUSED @ http://localhost:1420/@vite/client:1034
[ 1101584ms] [ERROR] Failed to load resource: net::ERR_CONNECTION_REFUSED @ http://localhost:1420/api/host.describe:0
[ 1101584ms] [WARNING] WebSocket connection to 'ws://localhost:1420/api/events.mux' failed: WebSocket is closed before the connection is established. @ http://localhost:1420/plugins/@deepseek-ai/dsh-client-connection/client.js?rev=bc3c3fa9d26b:10055
[ 1101584ms] [WARNING] WebSocket connection to 'ws://localhost:1420/api/events.host' failed: WebSocket is closed before the connection is established. @ http://localhost:1420/plugins/@deepseek-ai/dsh-client-connection/client.js?rev=bc3c3fa9d26b:10055
[ 1101584ms] [WARNING] [web-runtime] connection lost, retry #138 @ http://localhost:1420/plugins/@deepseek-ai/dsh-client-connection/client.js?rev=bc3c3fa9d26b:115
[ 1101934ms] [ERROR] WebSocket connection to 'ws://localhost:1420/' failed: Error in connection establishment: net::ERR_CONNECTION_REFUSED @ http://localhost:1420/@vite/client:1034
[ 1105548ms] [ERROR] WebSocket connection to 'ws://localhost:1420/' failed: Error in connection establishment: net::ERR_CONNECTION_REFUSED @ http://localhost:1420/@vite/client:1034
[ 1107569ms] [ERROR] Failed to load resource: net::ERR_CONNECTION_REFUSED @ http://localhost:1420/api/host.describe:0
[ 1107569ms] [WARNING] WebSocket connection to 'ws://localhost:1420/api/events.mux' failed: WebSocket is closed before the connection is established. @ http://localhost:1420/plugins/@deepseek-ai/dsh-client-connection/client.js?rev=bc3c3fa9d26b:10055
[ 1107569ms] [WARNING] WebSocket connection to 'ws://localhost:1420/api/events.host' failed: WebSocket is closed before the connection is established. @ http://localhost:1420/plugins/@deepseek-ai/dsh-client-connection/client.js?rev=bc3c3fa9d26b:10055
[ 1107569ms] [WARNING] [web-runtime] connection lost, retry #139 @ http://localhost:1420/plugins/@deepseek-ai/dsh-client-connection/client.js?rev=bc3c3fa9d26b:115
[ 1110951ms] [ERROR] WebSocket connection to 'ws://localhost:1420/' failed: Error in connection establishment: net::ERR_CONNECTION_REFUSED @ http://localhost:1420/@vite/client:1034
[ 1116570ms] [ERROR] WebSocket connection to 'ws://localhost:1420/' failed: Error in connection establishment: net::ERR_CONNECTION_REFUSED @ http://localhost:1420/@vite/client:1034
[ 1117472ms] [ERROR] Failed to load resource: net::ERR_CONNECTION_REFUSED @ http://localhost:1420/api/host.describe:0
[ 1117472ms] [WARNING] WebSocket connection to 'ws://localhost:1420/api/events.mux' failed: WebSocket is closed before the connection is established. @ http://localhost:1420/plugins/@deepseek-ai/dsh-client-connection/client.js?rev=bc3c3fa9d26b:10055
[ 1117472ms] [WARNING] WebSocket connection to 'ws://localhost:1420/api/events.host' failed: WebSocket is closed before the connection is established. @ http://localhost:1420/plugins/@deepseek-ai/dsh-client-connection/client.js?rev=bc3c3fa9d26b:10055
[ 1117472ms] [WARNING] [web-runtime] connection lost, retry #140 @ http://localhost:1420/plugins/@deepseek-ai/dsh-client-connection/client.js?rev=bc3c3fa9d26b:115
[ 1120049ms] [ERROR] WebSocket connection to 'ws://localhost:1420/' failed: Error in connection establishment: net::ERR_CONNECTION_REFUSED @ http://localhost:1420/@vite/client:1034
[ 1122553ms] [ERROR] WebSocket connection to 'ws://localhost:1420/' failed: Error in connection establishment: net::ERR_CONNECTION_REFUSED @ http://localhost:1420/@vite/client:1034
[ 1126439ms] [ERROR] Failed to load resource: net::ERR_CONNECTION_REFUSED @ http://localhost:1420/api/host.describe:0
[ 1126439ms] [WARNING] WebSocket connection to 'ws://localhost:1420/api/events.mux' failed: WebSocket is closed before the connection is established. @ http://localhost:1420/plugins/@deepseek-ai/dsh-client-connection/client.js?rev=bc3c3fa9d26b:10055
[ 1126439ms] [WARNING] WebSocket connection to 'ws://localhost:1420/api/events.host' failed: WebSocket is closed before the connection is established. @ http://localhost:1420/plugins/@deepseek-ai/dsh-client-connection/client.js?rev=bc3c3fa9d26b:10055
[ 1126440ms] [WARNING] [web-runtime] connection lost, retry #141 @ http://localhost:1420/plugins/@deepseek-ai/dsh-client-connection/client.js?rev=bc3c3fa9d26b:115
[ 1126710ms] [ERROR] WebSocket connection to 'ws://localhost:1420/' failed: Error in connection establishment: net::ERR_CONNECTION_REFUSED @ http://localhost:1420/@vite/client:1034
[ 1132598ms] [ERROR] WebSocket connection to 'ws://localhost:1420/' failed: Error in connection establishment: net::ERR_CONNECTION_REFUSED @ http://localhost:1420/@vite/client:1034
[ 1133111ms] [ERROR] Failed to load resource: net::ERR_CONNECTION_REFUSED @ http://localhost:1420/api/host.describe:0
[ 1133111ms] [WARNING] WebSocket connection to 'ws://localhost:1420/api/events.mux' failed: WebSocket is closed before the connection is established. @ http://localhost:1420/plugins/@deepseek-ai/dsh-client-connection/client.js?rev=bc3c3fa9d26b:10055
[ 1133111ms] [WARNING] WebSocket connection to 'ws://localhost:1420/api/events.host' failed: WebSocket is closed before the connection is established. @ http://localhost:1420/plugins/@deepseek-ai/dsh-client-connection/client.js?rev=bc3c3fa9d26b:10055
[ 1133111ms] [WARNING] [web-runtime] connection lost, retry #142 @ http://localhost:1420/plugins/@deepseek-ai/dsh-client-connection/client.js?rev=bc3c3fa9d26b:115
[ 1137781ms] [ERROR] WebSocket connection to 'ws://localhost:1420/' failed: Error in connection establishment: net::ERR_CONNECTION_REFUSED @ http://localhost:1420/@vite/client:1034
[ 1138341ms] [ERROR] Failed to load resource: net::ERR_CONNECTION_REFUSED @ http://localhost:1420/api/host.describe:0
[ 1138341ms] [WARNING] WebSocket connection to 'ws://localhost:1420/api/events.mux' failed: WebSocket is closed before the connection is established. @ http://localhost:1420/plugins/@deepseek-ai/dsh-client-connection/client.js?rev=bc3c3fa9d26b:10055
[ 1138341ms] [WARNING] WebSocket connection to 'ws://localhost:1420/api/events.host' failed: WebSocket is closed before the connection is established. @ http://localhost:1420/plugins/@deepseek-ai/dsh-client-connection/client.js?rev=bc3c3fa9d26b:10055
[ 1138341ms] [WARNING] [web-runtime] connection lost, retry #143 @ http://localhost:1420/plugins/@deepseek-ai/dsh-client-connection/client.js?rev=bc3c3fa9d26b:115
[ 1141449ms] [ERROR] WebSocket connection to 'ws://localhost:1420/' failed: Error in connection establishment: net::ERR_CONNECTION_REFUSED @ http://localhost:1420/@vite/client:1034
[ 1143362ms] [ERROR] Failed to load resource: net::ERR_CONNECTION_REFUSED @ http://localhost:1420/api/host.describe:0
[ 1143362ms] [WARNING] WebSocket connection to 'ws://localhost:1420/api/events.mux' failed: WebSocket is closed before the connection is established. @ http://localhost:1420/plugins/@deepseek-ai/dsh-client-connection/client.js?rev=bc3c3fa9d26b:10055
[ 1143362ms] [WARNING] WebSocket connection to 'ws://localhost:1420/api/events.host' failed: WebSocket is closed before the connection is established. @ http://localhost:1420/plugins/@deepseek-ai/dsh-client-connection/client.js?rev=bc3c3fa9d26b:10055
[ 1143362ms] [WARNING] [web-runtime] connection lost, retry #144 @ http://localhost:1420/plugins/@deepseek-ai/dsh-client-connection/client.js?rev=bc3c3fa9d26b:115
[ 1145044ms] [ERROR] WebSocket connection to 'ws://localhost:1420/' failed: Error in connection establishment: net::ERR_CONNECTION_REFUSED @ http://localhost:1420/@vite/client:1034
[ 1147917ms] [ERROR] WebSocket connection to 'ws://localhost:1420/' failed: Error in connection establishment: net::ERR_CONNECTION_REFUSED @ http://localhost:1420/@vite/client:1034
[ 1151341ms] [ERROR] Failed to load resource: net::ERR_CONNECTION_REFUSED @ http://localhost:1420/api/host.describe:0
[ 1151341ms] [WARNING] WebSocket connection to 'ws://localhost:1420/api/events.mux' failed: WebSocket is closed before the connection is established. @ http://localhost:1420/plugins/@deepseek-ai/dsh-client-connection/client.js?rev=bc3c3fa9d26b:10055
[ 1151341ms] [WARNING] WebSocket connection to 'ws://localhost:1420/api/events.host' failed: WebSocket is closed before the connection is established. @ http://localhost:1420/plugins/@deepseek-ai/dsh-client-connection/client.js?rev=bc3c3fa9d26b:10055
[ 1151341ms] [WARNING] [web-runtime] connection lost, retry #145 @ http://localhost:1420/plugins/@deepseek-ai/dsh-client-connection/client.js?rev=bc3c3fa9d26b:115
[ 1152575ms] [ERROR] WebSocket connection to 'ws://localhost:1420/' failed: Error in connection establishment: net::ERR_CONNECTION_REFUSED @ http://localhost:1420/@vite/client:1034
[ 1157528ms] [ERROR] Failed to load resource: net::ERR_CONNECTION_REFUSED @ http://localhost:1420/api/host.describe:0
[ 1157529ms] [WARNING] WebSocket connection to 'ws://localhost:1420/api/events.mux' failed: WebSocket is closed before the connection is established. @ http://localhost:1420/plugins/@deepseek-ai/dsh-client-connection/client.js?rev=bc3c3fa9d26b:10055
[ 1157529ms] [WARNING] WebSocket connection to 'ws://localhost:1420/api/events.host' failed: WebSocket is closed before the connection is established. @ http://localhost:1420/plugins/@deepseek-ai/dsh-client-connection/client.js?rev=bc3c3fa9d26b:10055
[ 1157529ms] [WARNING] [web-runtime] connection lost, retry #146 @ http://localhost:1420/plugins/@deepseek-ai/dsh-client-connection/client.js?rev=bc3c3fa9d26b:115
[ 1158156ms] [ERROR] WebSocket connection to 'ws://localhost:1420/' failed: Error in connection establishment: net::ERR_CONNECTION_REFUSED @ http://localhost:1420/@vite/client:1034
[ 1162811ms] [ERROR] WebSocket connection to 'ws://localhost:1420/' failed: Error in connection establishment: net::ERR_CONNECTION_REFUSED @ http://localhost:1420/@vite/client:1034
[ 1164893ms] [ERROR] WebSocket connection to 'ws://localhost:1420/' failed: Error in connection establishment: net::ERR_CONNECTION_REFUSED @ http://localhost:1420/@vite/client:1034
[ 1165315ms] [ERROR] Failed to load resource: net::ERR_CONNECTION_REFUSED @ http://localhost:1420/api/host.describe:0
[ 1165315ms] [WARNING] WebSocket connection to 'ws://localhost:1420/api/events.mux' failed: WebSocket is closed before the connection is established. @ http://localhost:1420/plugins/@deepseek-ai/dsh-client-connection/client.js?rev=bc3c3fa9d26b:10055
[ 1165315ms] [WARNING] WebSocket connection to 'ws://localhost:1420/api/events.host' failed: WebSocket is closed before the connection is established. @ http://localhost:1420/plugins/@deepseek-ai/dsh-client-connection/client.js?rev=bc3c3fa9d26b:10055
[ 1165315ms] [WARNING] [web-runtime] connection lost, retry #147 @ http://localhost:1420/plugins/@deepseek-ai/dsh-client-connection/client.js?rev=bc3c3fa9d26b:115
[ 1167991ms] [ERROR] WebSocket connection to 'ws://localhost:1420/' failed: Error in connection establishment: net::ERR_CONNECTION_REFUSED @ http://localhost:1420/@vite/client:1034
[ 1171991ms] [ERROR] WebSocket connection to 'ws://localhost:1420/' failed: Error in connection establishment: net::ERR_CONNECTION_REFUSED @ http://localhost:1420/@vite/client:1034
[ 1173300ms] [ERROR] Failed to load resource: net::ERR_CONNECTION_REFUSED @ http://localhost:1420/api/host.describe:0
[ 1173300ms] [WARNING] WebSocket connection to 'ws://localhost:1420/api/events.mux' failed: WebSocket is closed before the connection is established. @ http://localhost:1420/plugins/@deepseek-ai/dsh-client-connection/client.js?rev=bc3c3fa9d26b:10055
[ 1173300ms] [WARNING] WebSocket connection to 'ws://localhost:1420/api/events.host' failed: WebSocket is closed before the connection is established. @ http://localhost:1420/plugins/@deepseek-ai/dsh-client-connection/client.js?rev=bc3c3fa9d26b:10055
[ 1173300ms] [WARNING] [web-runtime] connection lost, retry #148 @ http://localhost:1420/plugins/@deepseek-ai/dsh-client-connection/client.js?rev=bc3c3fa9d26b:115
[ 1177924ms] [ERROR] WebSocket connection to 'ws://localhost:1420/' failed: Error in connection establishment: net::ERR_CONNECTION_REFUSED @ http://localhost:1420/@vite/client:1034
[ 1178985ms] [ERROR] Failed to load resource: net::ERR_CONNECTION_REFUSED @ http://localhost:1420/api/host.describe:0
[ 1178985ms] [WARNING] WebSocket connection to 'ws://localhost:1420/api/events.mux' failed: WebSocket is closed before the connection is established. @ http://localhost:1420/plugins/@deepseek-ai/dsh-client-connection/client.js?rev=bc3c3fa9d26b:10055
[ 1178985ms] [WARNING] WebSocket connection to 'ws://localhost:1420/api/events.host' failed: WebSocket is closed before the connection is established. @ http://localhost:1420/plugins/@deepseek-ai/dsh-client-connection/client.js?rev=bc3c3fa9d26b:10055
[ 1178985ms] [WARNING] [web-runtime] connection lost, retry #149 @ http://localhost:1420/plugins/@deepseek-ai/dsh-client-connection/client.js?rev=bc3c3fa9d26b:115
[ 1180300ms] [ERROR] WebSocket connection to 'ws://localhost:1420/' failed: Error in connection establishment: net::ERR_CONNECTION_REFUSED @ http://localhost:1420/@vite/client:1034
[ 1183905ms] [ERROR] WebSocket connection to 'ws://localhost:1420/' failed: Error in connection establishment: net::ERR_CONNECTION_REFUSED @ http://localhost:1420/@vite/client:1034
[ 1186874ms] [ERROR] WebSocket connection to 'ws://localhost:1420/' failed: Error in connection establishment: net::ERR_CONNECTION_REFUSED @ http://localhost:1420/@vite/client:1034
[ 1187796ms] [ERROR] Failed to load resource: net::ERR_CONNECTION_REFUSED @ http://localhost:1420/api/host.describe:0
[ 1187796ms] [WARNING] WebSocket connection to 'ws://localhost:1420/api/events.mux' failed: WebSocket is closed before the connection is established. @ http://localhost:1420/plugins/@deepseek-ai/dsh-client-connection/client.js?rev=bc3c3fa9d26b:10055
[ 1187796ms] [WARNING] WebSocket connection to 'ws://localhost:1420/api/events.host' failed: WebSocket is closed before the connection is established. @ http://localhost:1420/plugins/@deepseek-ai/dsh-client-connection/client.js?rev=bc3c3fa9d26b:10055
[ 1187796ms] [WARNING] [web-runtime] connection lost, retry #150 @ http://localhost:1420/plugins/@deepseek-ai/dsh-client-connection/client.js?rev=bc3c3fa9d26b:115
[ 1189624ms] [ERROR] WebSocket connection to 'ws://localhost:1420/' failed: Error in connection establishment: net::ERR_CONNECTION_REFUSED @ http://localhost:1420/@vite/client:1034
[ 1193364ms] [ERROR] WebSocket connection to 'ws://localhost:1420/' failed: Error in connection establishment: net::ERR_CONNECTION_REFUSED @ http://localhost:1420/@vite/client:1034
[ 1194687ms] [ERROR] Failed to load resource: net::ERR_CONNECTION_REFUSED @ http://localhost:1420/api/host.describe:0
[ 1194688ms] [WARNING] WebSocket connection to 'ws://localhost:1420/api/events.mux' failed: WebSocket is closed before the connection is established. @ http://localhost:1420/plugins/@deepseek-ai/dsh-client-connection/client.js?rev=bc3c3fa9d26b:10055
[ 1194688ms] [WARNING] WebSocket connection to 'ws://localhost:1420/api/events.host' failed: WebSocket is closed before the connection is established. @ http://localhost:1420/plugins/@deepseek-ai/dsh-client-connection/client.js?rev=bc3c3fa9d26b:10055
[ 1194688ms] [WARNING] [web-runtime] connection lost, retry #151 @ http://localhost:1420/plugins/@deepseek-ai/dsh-client-connection/client.js?rev=bc3c3fa9d26b:115
[ 1198846ms] [ERROR] WebSocket connection to 'ws://localhost:1420/' failed: Error in connection establishment: net::ERR_CONNECTION_REFUSED @ http://localhost:1420/@vite/client:1034
[ 1201748ms] [ERROR] Failed to load resource: net::ERR_CONNECTION_REFUSED @ http://localhost:1420/api/host.describe:0
[ 1201748ms] [WARNING] WebSocket connection to 'ws://localhost:1420/api/events.mux' failed: WebSocket is closed before the connection is established. @ http://localhost:1420/plugins/@deepseek-ai/dsh-client-connection/client.js?rev=bc3c3fa9d26b:10055
[ 1201748ms] [WARNING] WebSocket connection to 'ws://localhost:1420/api/events.host' failed: WebSocket is closed before the connection is established. @ http://localhost:1420/plugins/@deepseek-ai/dsh-client-connection/client.js?rev=bc3c3fa9d26b:10055
[ 1201748ms] [WARNING] [web-runtime] connection lost, retry #152 @ http://localhost:1420/plugins/@deepseek-ai/dsh-client-connection/client.js?rev=bc3c3fa9d26b:115
[ 1204592ms] [ERROR] WebSocket connection to 'ws://localhost:1420/' failed: Error in connection establishment: net::ERR_CONNECTION_REFUSED @ http://localhost:1420/@vite/client:1034
[ 1207488ms] [ERROR] Failed to load resource: net::ERR_CONNECTION_REFUSED @ http://localhost:1420/api/host.describe:0
[ 1207488ms] [WARNING] WebSocket connection to 'ws://localhost:1420/api/events.mux' failed: WebSocket is closed before the connection is established. @ http://localhost:1420/plugins/@deepseek-ai/dsh-client-connection/client.js?rev=bc3c3fa9d26b:10055
[ 1207488ms] [WARNING] WebSocket connection to 'ws://localhost:1420/api/events.host' failed: WebSocket is closed before the connection is established. @ http://localhost:1420/plugins/@deepseek-ai/dsh-client-connection/client.js?rev=bc3c3fa9d26b:10055
[ 1207488ms] [WARNING] [web-runtime] connection lost, retry #153 @ http://localhost:1420/plugins/@deepseek-ai/dsh-client-connection/client.js?rev=bc3c3fa9d26b:115
[ 1207917ms] [ERROR] WebSocket connection to 'ws://localhost:1420/' failed: Error in connection establishment: net::ERR_CONNECTION_REFUSED @ http://localhost:1420/@vite/client:1034
[ 1210939ms] [ERROR] WebSocket connection to 'ws://localhost:1420/' failed: Error in connection establishment: net::ERR_CONNECTION_REFUSED @ http://localhost:1420/@vite/client:1034
[ 1213520ms] [ERROR] WebSocket connection to 'ws://localhost:1420/' failed: Error in connection establishment: net::ERR_CONNECTION_REFUSED @ http://localhost:1420/@vite/client:1034
[ 1216910ms] [ERROR] Failed to load resource: net::ERR_CONNECTION_REFUSED @ http://localhost:1420/api/host.describe:0
[ 1216910ms] [WARNING] WebSocket connection to 'ws://localhost:1420/api/events.mux' failed: WebSocket is closed before the connection is established. @ http://localhost:1420/plugins/@deepseek-ai/dsh-client-connection/client.js?rev=bc3c3fa9d26b:10055
[ 1216910ms] [WARNING] WebSocket connection to 'ws://localhost:1420/api/events.host' failed: WebSocket is closed before the connection is established. @ http://localhost:1420/plugins/@deepseek-ai/dsh-client-connection/client.js?rev=bc3c3fa9d26b:10055
[ 1216910ms] [WARNING] [web-runtime] connection lost, retry #154 @ http://localhost:1420/plugins/@deepseek-ai/dsh-client-connection/client.js?rev=bc3c3fa9d26b:115
[ 1218501ms] [ERROR] WebSocket connection to 'ws://localhost:1420/' failed: Error in connection establishment: net::ERR_CONNECTION_REFUSED @ http://localhost:1420/@vite/client:1034
[ 1222297ms] [ERROR] WebSocket connection to 'ws://localhost:1420/' failed: Error in connection establishment: net::ERR_CONNECTION_REFUSED @ http://localhost:1420/@vite/client:1034
[ 1224367ms] [ERROR] Failed to load resource: net::ERR_CONNECTION_REFUSED @ http://localhost:1420/api/host.describe:0
[ 1224367ms] [WARNING] WebSocket connection to 'ws://localhost:1420/api/events.mux' failed: WebSocket is closed before the connection is established. @ http://localhost:1420/plugins/@deepseek-ai/dsh-client-connection/client.js?rev=bc3c3fa9d26b:10055
[ 1224367ms] [WARNING] WebSocket connection to 'ws://localhost:1420/api/events.host' failed: WebSocket is closed before the connection is established. @ http://localhost:1420/plugins/@deepseek-ai/dsh-client-connection/client.js?rev=bc3c3fa9d26b:10055
[ 1224367ms] [WARNING] [web-runtime] connection lost, retry #155 @ http://localhost:1420/plugins/@deepseek-ai/dsh-client-connection/client.js?rev=bc3c3fa9d26b:115
[ 1226497ms] [ERROR] WebSocket connection to 'ws://localhost:1420/' failed: Error in connection establishment: net::ERR_CONNECTION_REFUSED @ http://localhost:1420/@vite/client:1034
[ 1228697ms] [ERROR] WebSocket connection to 'ws://localhost:1420/' failed: Error in connection establishment: net::ERR_CONNECTION_REFUSED @ http://localhost:1420/@vite/client:1034
[ 1231937ms] [ERROR] Failed to load resource: net::ERR_CONNECTION_REFUSED @ http://localhost:1420/api/host.describe:0
[ 1231937ms] [WARNING] WebSocket connection to 'ws://localhost:1420/api/events.mux' failed: WebSocket is closed before the connection is established. @ http://localhost:1420/plugins/@deepseek-ai/dsh-client-connection/client.js?rev=bc3c3fa9d26b:10055
[ 1231937ms] [WARNING] WebSocket connection to 'ws://localhost:1420/api/events.host' failed: WebSocket is closed before the connection is established. @ http://localhost:1420/plugins/@deepseek-ai/dsh-client-connection/client.js?rev=bc3c3fa9d26b:10055
[ 1231937ms] [WARNING] [web-runtime] connection lost, retry #156 @ http://localhost:1420/plugins/@deepseek-ai/dsh-client-connection/client.js?rev=bc3c3fa9d26b:115
[ 1233498ms] [ERROR] WebSocket connection to 'ws://localhost:1420/' failed: Error in connection establishment: net::ERR_CONNECTION_REFUSED @ http://localhost:1420/@vite/client:1034
[ 1238874ms] [ERROR] WebSocket connection to 'ws://localhost:1420/' failed: Error in connection establishment: net::ERR_CONNECTION_REFUSED @ http://localhost:1420/@vite/client:1034
[ 1240696ms] [ERROR] Failed to load resource: net::ERR_CONNECTION_REFUSED @ http://localhost:1420/api/host.describe:0
[ 1240696ms] [WARNING] WebSocket connection to 'ws://localhost:1420/api/events.mux' failed: WebSocket is closed before the connection is established. @ http://localhost:1420/plugins/@deepseek-ai/dsh-client-connection/client.js?rev=bc3c3fa9d26b:10055
[ 1240696ms] [WARNING] WebSocket connection to 'ws://localhost:1420/api/events.host' failed: WebSocket is closed before the connection is established. @ http://localhost:1420/plugins/@deepseek-ai/dsh-client-connection/client.js?rev=bc3c3fa9d26b:10055
[ 1240696ms] [WARNING] [web-runtime] connection lost, retry #157 @ http://localhost:1420/plugins/@deepseek-ai/dsh-client-connection/client.js?rev=bc3c3fa9d26b:115
[ 1244394ms] [ERROR] WebSocket connection to 'ws://localhost:1420/' failed: Error in connection establishment: net::ERR_CONNECTION_REFUSED @ http://localhost:1420/@vite/client:1034
[ 1247124ms] [ERROR] Failed to load resource: net::ERR_CONNECTION_REFUSED @ http://localhost:1420/api/host.describe:0
[ 1247124ms] [WARNING] WebSocket connection to 'ws://localhost:1420/api/events.mux' failed: WebSocket is closed before the connection is established. @ http://localhost:1420/plugins/@deepseek-ai/dsh-client-connection/client.js?rev=bc3c3fa9d26b:10055
[ 1247124ms] [WARNING] WebSocket connection to 'ws://localhost:1420/api/events.host' failed: WebSocket is closed before the connection is established. @ http://localhost:1420/plugins/@deepseek-ai/dsh-client-connection/client.js?rev=bc3c3fa9d26b:10055
[ 1247124ms] [WARNING] [web-runtime] connection lost, retry #158 @ http://localhost:1420/plugins/@deepseek-ai/dsh-client-connection/client.js?rev=bc3c3fa9d26b:115
[ 1250038ms] [ERROR] WebSocket connection to 'ws://localhost:1420/' failed: Error in connection establishment: net::ERR_CONNECTION_REFUSED @ http://localhost:1420/@vite/client:1034
[ 1253343ms] [ERROR] Failed to load resource: net::ERR_CONNECTION_REFUSED @ http://localhost:1420/api/host.describe:0
[ 1253343ms] [WARNING] WebSocket connection to 'ws://localhost:1420/api/events.mux' failed: WebSocket is closed before the connection is established. @ http://localhost:1420/plugins/@deepseek-ai/dsh-client-connection/client.js?rev=bc3c3fa9d26b:10055
[ 1253343ms] [WARNING] WebSocket connection to 'ws://localhost:1420/api/events.host' failed: WebSocket is closed before the connection is established. @ http://localhost:1420/plugins/@deepseek-ai/dsh-client-connection/client.js?rev=bc3c3fa9d26b:10055
[ 1253343ms] [WARNING] [web-runtime] connection lost, retry #159 @ http://localhost:1420/plugins/@deepseek-ai/dsh-client-connection/client.js?rev=bc3c3fa9d26b:115
[ 1255940ms] [ERROR] WebSocket connection to 'ws://localhost:1420/' failed: Error in connection establishment: net::ERR_CONNECTION_REFUSED @ http://localhost:1420/@vite/client:1034
[ 1258717ms] [ERROR] Failed to load resource: net::ERR_CONNECTION_REFUSED @ http://localhost:1420/api/host.describe:0
[ 1258717ms] [WARNING] WebSocket connection to 'ws://localhost:1420/api/events.mux' failed: WebSocket is closed before the connection is established. @ http://localhost:1420/plugins/@deepseek-ai/dsh-client-connection/client.js?rev=bc3c3fa9d26b:10055
[ 1258717ms] [WARNING] WebSocket connection to 'ws://localhost:1420/api/events.host' failed: WebSocket is closed before the connection is established. @ http://localhost:1420/plugins/@deepseek-ai/dsh-client-connection/client.js?rev=bc3c3fa9d26b:10055
[ 1258717ms] [WARNING] [web-runtime] connection lost, retry #160 @ http://localhost:1420/plugins/@deepseek-ai/dsh-client-connection/client.js?rev=bc3c3fa9d26b:115
[ 1260872ms] [ERROR] WebSocket connection to 'ws://localhost:1420/' failed: Error in connection establishment: net::ERR_CONNECTION_REFUSED @ http://localhost:1420/@vite/client:1034
[ 1264022ms] [ERROR] WebSocket connection to 'ws://localhost:1420/' failed: Error in connection establishment: net::ERR_CONNECTION_REFUSED @ http://localhost:1420/@vite/client:1034
[ 1268034ms] [ERROR] Failed to load resource: net::ERR_CONNECTION_REFUSED @ http://localhost:1420/api/host.describe:0
[ 1268034ms] [WARNING] WebSocket connection to 'ws://localhost:1420/api/events.mux' failed: WebSocket is closed before the connection is established. @ http://localhost:1420/plugins/@deepseek-ai/dsh-client-connection/client.js?rev=bc3c3fa9d26b:10055
[ 1268034ms] [WARNING] WebSocket connection to 'ws://localhost:1420/api/events.host' failed: WebSocket is closed before the connection is established. @ http://localhost:1420/plugins/@deepseek-ai/dsh-client-connection/client.js?rev=bc3c3fa9d26b:10055
[ 1268034ms] [WARNING] [web-runtime] connection lost, retry #161 @ http://localhost:1420/plugins/@deepseek-ai/dsh-client-connection/client.js?rev=bc3c3fa9d26b:115
[ 1268706ms] [ERROR] WebSocket connection to 'ws://localhost:1420/' failed: Error in connection establishment: net::ERR_CONNECTION_REFUSED @ http://localhost:1420/@vite/client:1034
[ 1273932ms] [ERROR] Failed to load resource: net::ERR_CONNECTION_REFUSED @ http://localhost:1420/api/host.describe:0
[ 1273932ms] [WARNING] WebSocket connection to 'ws://localhost:1420/api/events.mux' failed: WebSocket is closed before the connection is established. @ http://localhost:1420/plugins/@deepseek-ai/dsh-client-connection/client.js?rev=bc3c3fa9d26b:10055
[ 1273932ms] [WARNING] WebSocket connection to 'ws://localhost:1420/api/events.host' failed: WebSocket is closed before the connection is established. @ http://localhost:1420/plugins/@deepseek-ai/dsh-client-connection/client.js?rev=bc3c3fa9d26b:10055
[ 1273932ms] [WARNING] [web-runtime] connection lost, retry #162 @ http://localhost:1420/plugins/@deepseek-ai/dsh-client-connection/client.js?rev=bc3c3fa9d26b:115
[ 1274679ms] [ERROR] WebSocket connection to 'ws://localhost:1420/' failed: Error in connection establishment: net::ERR_CONNECTION_REFUSED @ http://localhost:1420/@vite/client:1034
[ 1280270ms] [ERROR] WebSocket connection to 'ws://localhost:1420/' failed: Error in connection establishment: net::ERR_CONNECTION_REFUSED @ http://localhost:1420/@vite/client:1034
[ 1281657ms] [ERROR] Failed to load resource: net::ERR_CONNECTION_REFUSED @ http://localhost:1420/api/host.describe:0
[ 1281657ms] [WARNING] WebSocket connection to 'ws://localhost:1420/api/events.mux' failed: WebSocket is closed before the connection is established. @ http://localhost:1420/plugins/@deepseek-ai/dsh-client-connection/client.js?rev=bc3c3fa9d26b:10055
[ 1281657ms] [WARNING] WebSocket connection to 'ws://localhost:1420/api/events.host' failed: WebSocket is closed before the connection is established. @ http://localhost:1420/plugins/@deepseek-ai/dsh-client-connection/client.js?rev=bc3c3fa9d26b:10055
[ 1281657ms] [WARNING] [web-runtime] connection lost, retry #163 @ http://localhost:1420/plugins/@deepseek-ai/dsh-client-connection/client.js?rev=bc3c3fa9d26b:115
[ 1282490ms] [ERROR] WebSocket connection to 'ws://localhost:1420/' failed: Error in connection establishment: net::ERR_CONNECTION_REFUSED @ http://localhost:1420/@vite/client:1034
[ 1287442ms] [ERROR] WebSocket connection to 'ws://localhost:1420/' failed: Error in connection establishment: net::ERR_CONNECTION_REFUSED @ http://localhost:1420/@vite/client:1034
[ 1287673ms] [ERROR] Failed to load resource: net::ERR_CONNECTION_REFUSED @ http://localhost:1420/api/host.describe:0
[ 1287673ms] [WARNING] WebSocket connection to 'ws://localhost:1420/api/events.mux' failed: WebSocket is closed before the connection is established. @ http://localhost:1420/plugins/@deepseek-ai/dsh-client-connection/client.js?rev=bc3c3fa9d26b:10055
[ 1287673ms] [WARNING] WebSocket connection to 'ws://localhost:1420/api/events.host' failed: WebSocket is closed before the connection is established. @ http://localhost:1420/plugins/@deepseek-ai/dsh-client-connection/client.js?rev=bc3c3fa9d26b:10055
[ 1287673ms] [WARNING] [web-runtime] connection lost, retry #164 @ http://localhost:1420/plugins/@deepseek-ai/dsh-client-connection/client.js?rev=bc3c3fa9d26b:115
[ 1292063ms] [ERROR] WebSocket connection to 'ws://localhost:1420/' failed: Error in connection establishment: net::ERR_CONNECTION_REFUSED @ http://localhost:1420/@vite/client:1034
[ 1295367ms] [ERROR] WebSocket connection to 'ws://localhost:1420/' failed: Error in connection establishment: net::ERR_CONNECTION_REFUSED @ http://localhost:1420/@vite/client:1034
[ 1297419ms] [ERROR] Failed to load resource: net::ERR_CONNECTION_REFUSED @ http://localhost:1420/api/host.describe:0
[ 1297420ms] [WARNING] WebSocket connection to 'ws://localhost:1420/api/events.mux' failed: WebSocket is closed before the connection is established. @ http://localhost:1420/plugins/@deepseek-ai/dsh-client-connection/client.js?rev=bc3c3fa9d26b:10055
[ 1297420ms] [WARNING] WebSocket connection to 'ws://localhost:1420/api/events.host' failed: WebSocket is closed before the connection is established. @ http://localhost:1420/plugins/@deepseek-ai/dsh-client-connection/client.js?rev=bc3c3fa9d26b:10055
[ 1297420ms] [WARNING] [web-runtime] connection lost, retry #165 @ http://localhost:1420/plugins/@deepseek-ai/dsh-client-connection/client.js?rev=bc3c3fa9d26b:115
[ 1299433ms] [ERROR] WebSocket connection to 'ws://localhost:1420/' failed: Error in connection establishment: net::ERR_CONNECTION_REFUSED @ http://localhost:1420/@vite/client:1034
[ 1301830ms] [ERROR] WebSocket connection to 'ws://localhost:1420/' failed: Error in connection establishment: net::ERR_CONNECTION_REFUSED @ http://localhost:1420/@vite/client:1034
[ 1302460ms] [ERROR] Failed to load resource: net::ERR_CONNECTION_REFUSED @ http://localhost:1420/api/host.describe:0
[ 1302460ms] [WARNING] WebSocket connection to 'ws://localhost:1420/api/events.mux' failed: WebSocket is closed before the connection is established. @ http://localhost:1420/plugins/@deepseek-ai/dsh-client-connection/client.js?rev=bc3c3fa9d26b:10055
[ 1302460ms] [WARNING] WebSocket connection to 'ws://localhost:1420/api/events.host' failed: WebSocket is closed before the connection is established. @ http://localhost:1420/plugins/@deepseek-ai/dsh-client-connection/client.js?rev=bc3c3fa9d26b:10055
[ 1302460ms] [WARNING] [web-runtime] connection lost, retry #166 @ http://localhost:1420/plugins/@deepseek-ai/dsh-client-connection/client.js?rev=bc3c3fa9d26b:115
[ 1304507ms] [ERROR] WebSocket connection to 'ws://localhost:1420/' failed: Error in connection establishment: net::ERR_CONNECTION_REFUSED @ http://localhost:1420/@vite/client:1034
[ 1308729ms] [ERROR] Failed to load resource: net::ERR_CONNECTION_REFUSED @ http://localhost:1420/api/host.describe:0
[ 1308729ms] [WARNING] WebSocket connection to 'ws://localhost:1420/api/events.mux' failed: WebSocket is closed before the connection is established. @ http://localhost:1420/plugins/@deepseek-ai/dsh-client-connection/client.js?rev=bc3c3fa9d26b:10055
[ 1308729ms] [WARNING] WebSocket connection to 'ws://localhost:1420/api/events.host' failed: WebSocket is closed before the connection is established. @ http://localhost:1420/plugins/@deepseek-ai/dsh-client-connection/client.js?rev=bc3c3fa9d26b:10055
[ 1308729ms] [WARNING] [web-runtime] connection lost, retry #167 @ http://localhost:1420/plugins/@deepseek-ai/dsh-client-connection/client.js?rev=bc3c3fa9d26b:115
[ 1309291ms] [ERROR] WebSocket connection to 'ws://localhost:1420/' failed: Error in connection establishment: net::ERR_CONNECTION_REFUSED @ http://localhost:1420/@vite/client:1034
[ 1312159ms] [ERROR] WebSocket connection to 'ws://localhost:1420/' failed: Error in connection establishment: net::ERR_CONNECTION_REFUSED @ http://localhost:1420/@vite/client:1034
[ 1317866ms] [ERROR] Failed to load resource: net::ERR_CONNECTION_REFUSED @ http://localhost:1420/api/host.describe:0
[ 1317866ms] [WARNING] WebSocket connection to 'ws://localhost:1420/api/events.mux' failed: WebSocket is closed before the connection is established. @ http://localhost:1420/plugins/@deepseek-ai/dsh-client-connection/client.js?rev=bc3c3fa9d26b:10055
[ 1317866ms] [WARNING] WebSocket connection to 'ws://localhost:1420/api/events.host' failed: WebSocket is closed before the connection is established. @ http://localhost:1420/plugins/@deepseek-ai/dsh-client-connection/client.js?rev=bc3c3fa9d26b:10055
[ 1317866ms] [WARNING] [web-runtime] connection lost, retry #168 @ http://localhost:1420/plugins/@deepseek-ai/dsh-client-connection/client.js?rev=bc3c3fa9d26b:115
[ 1318010ms] [ERROR] WebSocket connection to 'ws://localhost:1420/' failed: Error in connection establishment: net::ERR_CONNECTION_REFUSED @ http://localhost:1420/@vite/client:1034
[ 1320533ms] [ERROR] WebSocket connection to 'ws://localhost:1420/' failed: Error in connection establishment: net::ERR_CONNECTION_REFUSED @ http://localhost:1420/@vite/client:1034
[ 1325915ms] [ERROR] Failed to load resource: net::ERR_CONNECTION_REFUSED @ http://localhost:1420/api/host.describe:0
[ 1325916ms] [WARNING] WebSocket connection to 'ws://localhost:1420/api/events.mux' failed: WebSocket is closed before the connection is established. @ http://localhost:1420/plugins/@deepseek-ai/dsh-client-connection/client.js?rev=bc3c3fa9d26b:10055
[ 1325916ms] [WARNING] WebSocket connection to 'ws://localhost:1420/api/events.host' failed: WebSocket is closed before the connection is established. @ http://localhost:1420/plugins/@deepseek-ai/dsh-client-connection/client.js?rev=bc3c3fa9d26b:10055
[ 1325916ms] [WARNING] [web-runtime] connection lost, retry #169 @ http://localhost:1420/plugins/@deepseek-ai/dsh-client-connection/client.js?rev=bc3c3fa9d26b:115
[ 1326150ms] [ERROR] WebSocket connection to 'ws://localhost:1420/' failed: Error in connection establishment: net::ERR_CONNECTION_REFUSED @ http://localhost:1420/@vite/client:1034
[ 1331119ms] [ERROR] WebSocket connection to 'ws://localhost:1420/' failed: Error in connection establishment: net::ERR_CONNECTION_REFUSED @ http://localhost:1420/@vite/client:1034
[ 1332752ms] [ERROR] Failed to load resource: net::ERR_CONNECTION_REFUSED @ http://localhost:1420/api/host.describe:0
[ 1332752ms] [WARNING] WebSocket connection to 'ws://localhost:1420/api/events.mux' failed: WebSocket is closed before the connection is established. @ http://localhost:1420/plugins/@deepseek-ai/dsh-client-connection/client.js?rev=bc3c3fa9d26b:10055
[ 1332753ms] [WARNING] WebSocket connection to 'ws://localhost:1420/api/events.host' failed: WebSocket is closed before the connection is established. @ http://localhost:1420/plugins/@deepseek-ai/dsh-client-connection/client.js?rev=bc3c3fa9d26b:10055
[ 1332753ms] [WARNING] [web-runtime] connection lost, retry #170 @ http://localhost:1420/plugins/@deepseek-ai/dsh-client-connection/client.js?rev=bc3c3fa9d26b:115
[ 1334576ms] [ERROR] WebSocket connection to 'ws://localhost:1420/' failed: Error in connection establishment: net::ERR_CONNECTION_REFUSED @ http://localhost:1420/@vite/client:1034
[ 1338683ms] [ERROR] WebSocket connection to 'ws://localhost:1420/' failed: Error in connection establishment: net::ERR_CONNECTION_REFUSED @ http://localhost:1420/@vite/client:1034
[ 1341886ms] [ERROR] Failed to load resource: net::ERR_CONNECTION_REFUSED @ http://localhost:1420/api/host.describe:0
[ 1341886ms] [WARNING] WebSocket connection to 'ws://localhost:1420/api/events.mux' failed: WebSocket is closed before the connection is established. @ http://localhost:1420/plugins/@deepseek-ai/dsh-client-connection/client.js?rev=bc3c3fa9d26b:10055
[ 1341886ms] [WARNING] WebSocket connection to 'ws://localhost:1420/api/events.host' failed: WebSocket is closed before the connection is established. @ http://localhost:1420/plugins/@deepseek-ai/dsh-client-connection/client.js?rev=bc3c3fa9d26b:10055
[ 1341886ms] [WARNING] [web-runtime] connection lost, retry #171 @ http://localhost:1420/plugins/@deepseek-ai/dsh-client-connection/client.js?rev=bc3c3fa9d26b:115
[ 1343497ms] [ERROR] WebSocket connection to 'ws://localhost:1420/' failed: Error in connection establishment: net::ERR_CONNECTION_REFUSED @ http://localhost:1420/@vite/client:1034
[ 1347417ms] [ERROR] WebSocket connection to 'ws://localhost:1420/' failed: Error in connection establishment: net::ERR_CONNECTION_REFUSED @ http://localhost:1420/@vite/client:1034
[ 1351717ms] [ERROR] Failed to load resource: net::ERR_CONNECTION_REFUSED @ http://localhost:1420/api/host.describe:0
[ 1351717ms] [WARNING] WebSocket connection to 'ws://localhost:1420/api/events.mux' failed: WebSocket is closed before the connection is established. @ http://localhost:1420/plugins/@deepseek-ai/dsh-client-connection/client.js?rev=bc3c3fa9d26b:10055
[ 1351717ms] [WARNING] WebSocket connection to 'ws://localhost:1420/api/events.host' failed: WebSocket is closed before the connection is established. @ http://localhost:1420/plugins/@deepseek-ai/dsh-client-connection/client.js?rev=bc3c3fa9d26b:10055
[ 1351717ms] [WARNING] [web-runtime] connection lost, retry #172 @ http://localhost:1420/plugins/@deepseek-ai/dsh-client-connection/client.js?rev=bc3c3fa9d26b:115
[ 1352126ms] [ERROR] WebSocket connection to 'ws://localhost:1420/' failed: Error in connection establishment: net::ERR_CONNECTION_REFUSED @ http://localhost:1420/@vite/client:1034
[ 1355250ms] [ERROR] WebSocket connection to 'ws://localhost:1420/' failed: Error in connection establishment: net::ERR_CONNECTION_REFUSED @ http://localhost:1420/@vite/client:1034
[ 1357780ms] [ERROR] WebSocket connection to 'ws://localhost:1420/' failed: Error in connection establishment: net::ERR_CONNECTION_REFUSED @ http://localhost:1420/@vite/client:1034
[ 1358572ms] [ERROR] Failed to load resource: net::ERR_CONNECTION_REFUSED @ http://localhost:1420/api/host.describe:0
[ 1358572ms] [WARNING] WebSocket connection to 'ws://localhost:1420/api/events.mux' failed: WebSocket is closed before the connection is established. @ http://localhost:1420/plugins/@deepseek-ai/dsh-client-connection/client.js?rev=bc3c3fa9d26b:10055
[ 1358572ms] [WARNING] WebSocket connection to 'ws://localhost:1420/api/events.host' failed: WebSocket is closed before the connection is established. @ http://localhost:1420/plugins/@deepseek-ai/dsh-client-connection/client.js?rev=bc3c3fa9d26b:10055
[ 1358572ms] [WARNING] [web-runtime] connection lost, retry #173 @ http://localhost:1420/plugins/@deepseek-ai/dsh-client-connection/client.js?rev=bc3c3fa9d26b:115
[ 1363114ms] [ERROR] WebSocket connection to 'ws://localhost:1420/' failed: Error in connection establishment: net::ERR_CONNECTION_REFUSED @ http://localhost:1420/@vite/client:1034
[ 1365500ms] [ERROR] WebSocket connection to 'ws://localhost:1420/' failed: Error in connection establishment: net::ERR_CONNECTION_REFUSED @ http://localhost:1420/@vite/client:1034
[ 1366435ms] [ERROR] Failed to load resource: net::ERR_CONNECTION_REFUSED @ http://localhost:1420/api/host.describe:0
[ 1366435ms] [WARNING] WebSocket connection to 'ws://localhost:1420/api/events.mux' failed: WebSocket is closed before the connection is established. @ http://localhost:1420/plugins/@deepseek-ai/dsh-client-connection/client.js?rev=bc3c3fa9d26b:10055
[ 1366435ms] [WARNING] WebSocket connection to 'ws://localhost:1420/api/events.host' failed: WebSocket is closed before the connection is established. @ http://localhost:1420/plugins/@deepseek-ai/dsh-client-connection/client.js?rev=bc3c3fa9d26b:10055
[ 1366435ms] [WARNING] [web-runtime] connection lost, retry #174 @ http://localhost:1420/plugins/@deepseek-ai/dsh-client-connection/client.js?rev=bc3c3fa9d26b:115
[ 1368715ms] [ERROR] WebSocket connection to 'ws://localhost:1420/' failed: Error in connection establishment: net::ERR_CONNECTION_REFUSED @ http://localhost:1420/@vite/client:1034
[ 1372743ms] [ERROR] Failed to load resource: net::ERR_CONNECTION_REFUSED @ http://localhost:1420/api/host.describe:0
[ 1372743ms] [WARNING] WebSocket connection to 'ws://localhost:1420/api/events.mux' failed: WebSocket is closed before the connection is established. @ http://localhost:1420/plugins/@deepseek-ai/dsh-client-connection/client.js?rev=bc3c3fa9d26b:10055
[ 1372743ms] [WARNING] WebSocket connection to 'ws://localhost:1420/api/events.host' failed: WebSocket is closed before the connection is established. @ http://localhost:1420/plugins/@deepseek-ai/dsh-client-connection/client.js?rev=bc3c3fa9d26b:10055
[ 1372743ms] [WARNING] [web-runtime] connection lost, retry #175 @ http://localhost:1420/plugins/@deepseek-ai/dsh-client-connection/client.js?rev=bc3c3fa9d26b:115
[ 1373563ms] [ERROR] WebSocket connection to 'ws://localhost:1420/' failed: Error in connection establishment: net::ERR_CONNECTION_REFUSED @ http://localhost:1420/@vite/client:1034
[ 1377673ms] [ERROR] WebSocket connection to 'ws://localhost:1420/' failed: Error in connection establishment: net::ERR_CONNECTION_REFUSED @ http://localhost:1420/@vite/client:1034
[ 1379536ms] [ERROR] Failed to load resource: net::ERR_CONNECTION_REFUSED @ http://localhost:1420/api/host.describe:0
[ 1379536ms] [WARNING] WebSocket connection to 'ws://localhost:1420/api/events.mux' failed: WebSocket is closed before the connection is established. @ http://localhost:1420/plugins/@deepseek-ai/dsh-client-connection/client.js?rev=bc3c3fa9d26b:10055
[ 1379536ms] [WARNING] WebSocket connection to 'ws://localhost:1420/api/events.host' failed: WebSocket is closed before the connection is established. @ http://localhost:1420/plugins/@deepseek-ai/dsh-client-connection/client.js?rev=bc3c3fa9d26b:10055
[ 1379536ms] [WARNING] [web-runtime] connection lost, retry #176 @ http://localhost:1420/plugins/@deepseek-ai/dsh-client-connection/client.js?rev=bc3c3fa9d26b:115
[ 1382892ms] [ERROR] WebSocket connection to 'ws://localhost:1420/' failed: Error in connection establishment: net::ERR_CONNECTION_REFUSED @ http://localhost:1420/@vite/client:1034
[ 1385300ms] [ERROR] Failed to load resource: net::ERR_CONNECTION_REFUSED @ http://localhost:1420/api/host.describe:0
[ 1385300ms] [WARNING] WebSocket connection to 'ws://localhost:1420/api/events.mux' failed: WebSocket is closed before the connection is established. @ http://localhost:1420/plugins/@deepseek-ai/dsh-client-connection/client.js?rev=bc3c3fa9d26b:10055
[ 1385300ms] [WARNING] WebSocket connection to 'ws://localhost:1420/api/events.host' failed: WebSocket is closed before the connection is established. @ http://localhost:1420/plugins/@deepseek-ai/dsh-client-connection/client.js?rev=bc3c3fa9d26b:10055
[ 1385300ms] [WARNING] [web-runtime] connection lost, retry #177 @ http://localhost:1420/plugins/@deepseek-ai/dsh-client-connection/client.js?rev=bc3c3fa9d26b:115
[ 1386504ms] [ERROR] WebSocket connection to 'ws://localhost:1420/' failed: Error in connection establishment: net::ERR_CONNECTION_REFUSED @ http://localhost:1420/@vite/client:1034
[ 1390910ms] [ERROR] WebSocket connection to 'ws://localhost:1420/' failed: Error in connection establishment: net::ERR_CONNECTION_REFUSED @ http://localhost:1420/@vite/client:1034
[ 1392112ms] [ERROR] Failed to load resource: net::ERR_CONNECTION_REFUSED @ http://localhost:1420/api/host.describe:0
[ 1392112ms] [WARNING] WebSocket connection to 'ws://localhost:1420/api/events.mux' failed: WebSocket is closed before the connection is established. @ http://localhost:1420/plugins/@deepseek-ai/dsh-client-connection/client.js?rev=bc3c3fa9d26b:10055
[ 1392112ms] [WARNING] WebSocket connection to 'ws://localhost:1420/api/events.host' failed: WebSocket is closed before the connection is established. @ http://localhost:1420/plugins/@deepseek-ai/dsh-client-connection/client.js?rev=bc3c3fa9d26b:10055
[ 1392112ms] [WARNING] [web-runtime] connection lost, retry #178 @ http://localhost:1420/plugins/@deepseek-ai/dsh-client-connection/client.js?rev=bc3c3fa9d26b:115
[ 1393929ms] [ERROR] WebSocket connection to 'ws://localhost:1420/' failed: Error in connection establishment: net::ERR_CONNECTION_REFUSED @ http://localhost:1420/@vite/client:1034
[ 1398819ms] [ERROR] WebSocket connection to 'ws://localhost:1420/' failed: Error in connection establishment: net::ERR_CONNECTION_REFUSED @ http://localhost:1420/@vite/client:1034
[ 1400633ms] [ERROR] Failed to load resource: net::ERR_CONNECTION_REFUSED @ http://localhost:1420/api/host.describe:0
[ 1400633ms] [WARNING] WebSocket connection to 'ws://localhost:1420/api/events.mux' failed: WebSocket is closed before the connection is established. @ http://localhost:1420/plugins/@deepseek-ai/dsh-client-connection/client.js?rev=bc3c3fa9d26b:10055
[ 1400633ms] [WARNING] WebSocket connection to 'ws://localhost:1420/api/events.host' failed: WebSocket is closed before the connection is established. @ http://localhost:1420/plugins/@deepseek-ai/dsh-client-connection/client.js?rev=bc3c3fa9d26b:10055
[ 1400633ms] [WARNING] [web-runtime] connection lost, retry #179 @ http://localhost:1420/plugins/@deepseek-ai/dsh-client-connection/client.js?rev=bc3c3fa9d26b:115
[ 1401713ms] [ERROR] WebSocket connection to 'ws://localhost:1420/' failed: Error in connection establishment: net::ERR_CONNECTION_REFUSED @ http://localhost:1420/@vite/client:1034
[ 1407127ms] [ERROR] Failed to load resource: net::ERR_CONNECTION_REFUSED @ http://localhost:1420/api/host.describe:0
[ 1407128ms] [WARNING] WebSocket connection to 'ws://localhost:1420/api/events.mux' failed: WebSocket is closed before the connection is established. @ http://localhost:1420/plugins/@deepseek-ai/dsh-client-connection/client.js?rev=bc3c3fa9d26b:10055
[ 1407128ms] [WARNING] WebSocket connection to 'ws://localhost:1420/api/events.host' failed: WebSocket is closed before the connection is established. @ http://localhost:1420/plugins/@deepseek-ai/dsh-client-connection/client.js?rev=bc3c3fa9d26b:10055
[ 1407128ms] [WARNING] [web-runtime] connection lost, retry #180 @ http://localhost:1420/plugins/@deepseek-ai/dsh-client-connection/client.js?rev=bc3c3fa9d26b:115
[ 1407398ms] [ERROR] WebSocket connection to 'ws://localhost:1420/' failed: Error in connection establishment: net::ERR_CONNECTION_REFUSED @ http://localhost:1420/@vite/client:1034
[ 1412103ms] [ERROR] WebSocket connection to 'ws://localhost:1420/' failed: Error in connection establishment: net::ERR_CONNECTION_REFUSED @ http://localhost:1420/@vite/client:1034
[ 1413839ms] [ERROR] Failed to load resource: net::ERR_CONNECTION_REFUSED @ http://localhost:1420/api/host.describe:0
[ 1413840ms] [WARNING] WebSocket connection to 'ws://localhost:1420/api/events.mux' failed: WebSocket is closed before the connection is established. @ http://localhost:1420/plugins/@deepseek-ai/dsh-client-connection/client.js?rev=bc3c3fa9d26b:10055
[ 1413840ms] [WARNING] WebSocket connection to 'ws://localhost:1420/api/events.host' failed: WebSocket is closed before the connection is established. @ http://localhost:1420/plugins/@deepseek-ai/dsh-client-connection/client.js?rev=bc3c3fa9d26b:10055
[ 1413840ms] [WARNING] [web-runtime] connection lost, retry #181 @ http://localhost:1420/plugins/@deepseek-ai/dsh-client-connection/client.js?rev=bc3c3fa9d26b:115
[ 1415304ms] [ERROR] WebSocket connection to 'ws://localhost:1420/' failed: Error in connection establishment: net::ERR_CONNECTION_REFUSED @ http://localhost:1420/@vite/client:1034
[ 1418826ms] [ERROR] WebSocket connection to 'ws://localhost:1420/' failed: Error in connection establishment: net::ERR_CONNECTION_REFUSED @ http://localhost:1420/@vite/client:1034
[ 1421073ms] [ERROR] WebSocket connection to 'ws://localhost:1420/' failed: Error in connection establishment: net::ERR_CONNECTION_REFUSED @ http://localhost:1420/@vite/client:1034
[ 1422499ms] [ERROR] Failed to load resource: net::ERR_CONNECTION_REFUSED @ http://localhost:1420/api/host.describe:0
[ 1422499ms] [WARNING] WebSocket connection to 'ws://localhost:1420/api/events.mux' failed: WebSocket is closed before the connection is established. @ http://localhost:1420/plugins/@deepseek-ai/dsh-client-connection/client.js?rev=bc3c3fa9d26b:10055
[ 1422499ms] [WARNING] WebSocket connection to 'ws://localhost:1420/api/events.host' failed: WebSocket is closed before the connection is established. @ http://localhost:1420/plugins/@deepseek-ai/dsh-client-connection/client.js?rev=bc3c3fa9d26b:10055
[ 1422499ms] [WARNING] [web-runtime] connection lost, retry #182 @ http://localhost:1420/plugins/@deepseek-ai/dsh-client-connection/client.js?rev=bc3c3fa9d26b:115
[ 1425116ms] [ERROR] WebSocket connection to 'ws://localhost:1420/' failed: Error in connection establishment: net::ERR_CONNECTION_REFUSED @ http://localhost:1420/@vite/client:1034
[ 1426119ms] [ERROR] WebSocket connection to 'ws://localhost:1420/' failed: Error in connection establishment: net::ERR_CONNECTION_REFUSED @ http://localhost:1420/@vite/client:1034
[ 1427126ms] [ERROR] WebSocket connection to 'ws://localhost:1420/' failed: Error in connection establishment: net::ERR_CONNECTION_REFUSED @ http://localhost:1420/@vite/client:1034
[ 1427550ms] [ERROR] WebSocket connection to 'ws://localhost:1420/api/events.mux' failed: Error in connection establishment: net::ERR_CONNECTION_REFUSED @ http://localhost:1420/plugins/@deepseek-ai/dsh-client-connection/client.js?rev=bc3c3fa9d26b:10020
[ 1427550ms] [ERROR] Failed to load resource: net::ERR_CONNECTION_REFUSED @ http://localhost:1420/api/host.describe:0
[ 1427551ms] [WARNING] WebSocket connection to 'ws://localhost:1420/api/events.mux' failed: WebSocket is closed before the connection is established. @ http://localhost:1420/plugins/@deepseek-ai/dsh-client-connection/client.js?rev=bc3c3fa9d26b:10055
[ 1427551ms] [WARNING] WebSocket connection to 'ws://localhost:1420/api/events.host' failed: WebSocket is closed before the connection is established. @ http://localhost:1420/plugins/@deepseek-ai/dsh-client-connection/client.js?rev=bc3c3fa9d26b:10055
[ 1427551ms] [WARNING] [web-runtime] connection lost, retry #183 @ http://localhost:1420/plugins/@deepseek-ai/dsh-client-connection/client.js?rev=bc3c3fa9d26b:115
[ 1428128ms] [ERROR] WebSocket connection to 'ws://localhost:1420/' failed: Error in connection establishment: net::ERR_CONNECTION_REFUSED @ http://localhost:1420/@vite/client:1034
[ 1429132ms] [ERROR] WebSocket connection to 'ws://localhost:1420/' failed: Error in connection establishment: net::ERR_CONNECTION_REFUSED @ http://localhost:1420/@vite/client:1034
[ 1430143ms] [ERROR] WebSocket connection to 'ws://localhost:1420/' failed: Error in connection establishment: net::ERR_CONNECTION_REFUSED @ http://localhost:1420/@vite/client:1034
[ 1431162ms] [ERROR] WebSocket connection to 'ws://localhost:1420/' failed: Error in connection establishment: net::ERR_CONNECTION_REFUSED @ http://localhost:1420/@vite/client:1034
[ 1432180ms] [ERROR] WebSocket connection to 'ws://localhost:1420/' failed: Error in connection establishment: net::ERR_CONNECTION_REFUSED @ http://localhost:1420/@vite/client:1034
[ 1433208ms] [ERROR] WebSocket connection to 'ws://localhost:1420/' failed: Error in connection establishment: net::ERR_CONNECTION_REFUSED @ http://localhost:1420/@vite/client:1034
[ 1434283ms] [ERROR] WebSocket connection to 'ws://localhost:1420/' failed: Error in connection establishment: net::ERR_CONNECTION_REFUSED @ http://localhost:1420/@vite/client:1034
[ 1435368ms] [ERROR] WebSocket connection to 'ws://localhost:1420/' failed: Error in connection establishment: net::ERR_CONNECTION_REFUSED @ http://localhost:1420/@vite/client:1034
[ 1436523ms] [ERROR] WebSocket connection to 'ws://localhost:1420/' failed: Error in connection establishment: net::ERR_CONNECTION_REFUSED @ http://localhost:1420/@vite/client:1034
[ 1437418ms] [ERROR] Failed to load resource: net::ERR_CONNECTION_REFUSED @ http://localhost:1420/api/host.describe:0
[ 1437418ms] [WARNING] WebSocket connection to 'ws://localhost:1420/api/events.mux' failed: WebSocket is closed before the connection is established. @ http://localhost:1420/plugins/@deepseek-ai/dsh-client-connection/client.js?rev=bc3c3fa9d26b:10055
[ 1437418ms] [WARNING] WebSocket connection to 'ws://localhost:1420/api/events.host' failed: WebSocket is closed before the connection is established. @ http://localhost:1420/plugins/@deepseek-ai/dsh-client-connection/client.js?rev=bc3c3fa9d26b:10055
[ 1437418ms] [WARNING] [web-runtime] connection lost, retry #184 @ http://localhost:1420/plugins/@deepseek-ai/dsh-client-connection/client.js?rev=bc3c3fa9d26b:115
[ 1441879ms] [ERROR] WebSocket connection to 'ws://localhost:1420/' failed: Error in connection establishment: net::ERR_CONNECTION_REFUSED @ http://localhost:1420/@vite/client:1034
[ 1444084ms] [ERROR] Failed to load resource: net::ERR_CONNECTION_REFUSED @ http://localhost:1420/api/host.describe:0
[ 1444084ms] [WARNING] WebSocket connection to 'ws://localhost:1420/api/events.mux' failed: WebSocket is closed before the connection is established. @ http://localhost:1420/plugins/@deepseek-ai/dsh-client-connection/client.js?rev=bc3c3fa9d26b:10055
[ 1444084ms] [WARNING] WebSocket connection to 'ws://localhost:1420/api/events.host' failed: WebSocket is closed before the connection is established. @ http://localhost:1420/plugins/@deepseek-ai/dsh-client-connection/client.js?rev=bc3c3fa9d26b:10055
[ 1444084ms] [WARNING] [web-runtime] connection lost, retry #185 @ http://localhost:1420/plugins/@deepseek-ai/dsh-client-connection/client.js?rev=bc3c3fa9d26b:115
[ 1445980ms] [ERROR] WebSocket connection to 'ws://localhost:1420/' failed: Error in connection establishment: net::ERR_CONNECTION_REFUSED @ http://localhost:1420/@vite/client:1034
[ 1450213ms] [ERROR] WebSocket connection to 'ws://localhost:1420/' failed: Error in connection establishment: net::ERR_CONNECTION_REFUSED @ http://localhost:1420/@vite/client:1034
[ 1452118ms] [ERROR] Failed to load resource: net::ERR_CONNECTION_REFUSED @ http://localhost:1420/api/host.describe:0
[ 1452118ms] [WARNING] WebSocket connection to 'ws://localhost:1420/api/events.mux' failed: WebSocket is closed before the connection is established. @ http://localhost:1420/plugins/@deepseek-ai/dsh-client-connection/client.js?rev=bc3c3fa9d26b:10055
[ 1452118ms] [WARNING] WebSocket connection to 'ws://localhost:1420/api/events.host' failed: WebSocket is closed before the connection is established. @ http://localhost:1420/plugins/@deepseek-ai/dsh-client-connection/client.js?rev=bc3c3fa9d26b:10055
[ 1452118ms] [WARNING] [web-runtime] connection lost, retry #186 @ http://localhost:1420/plugins/@deepseek-ai/dsh-client-connection/client.js?rev=bc3c3fa9d26b:115
[ 1452496ms] [ERROR] WebSocket connection to 'ws://localhost:1420/' failed: Error in connection establishment: net::ERR_CONNECTION_REFUSED @ http://localhost:1420/@vite/client:1034
[ 1457266ms] [ERROR] WebSocket connection to 'ws://localhost:1420/' failed: Error in connection establishment: net::ERR_CONNECTION_REFUSED @ http://localhost:1420/@vite/client:1034
[ 1460784ms] [ERROR] Failed to load resource: net::ERR_CONNECTION_REFUSED @ http://localhost:1420/api/host.describe:0
[ 1460784ms] [WARNING] WebSocket connection to 'ws://localhost:1420/api/events.mux' failed: WebSocket is closed before the connection is established. @ http://localhost:1420/plugins/@deepseek-ai/dsh-client-connection/client.js?rev=bc3c3fa9d26b:10055
[ 1460784ms] [WARNING] WebSocket connection to 'ws://localhost:1420/api/events.host' failed: WebSocket is closed before the connection is established. @ http://localhost:1420/plugins/@deepseek-ai/dsh-client-connection/client.js?rev=bc3c3fa9d26b:10055
[ 1460784ms] [WARNING] [web-runtime] connection lost, retry #187 @ http://localhost:1420/plugins/@deepseek-ai/dsh-client-connection/client.js?rev=bc3c3fa9d26b:115
[ 1462072ms] [ERROR] WebSocket connection to 'ws://localhost:1420/' failed: Error in connection establishment: net::ERR_CONNECTION_REFUSED @ http://localhost:1420/@vite/client:1034
[ 1466213ms] [ERROR] WebSocket connection to 'ws://localhost:1420/' failed: Error in connection establishment: net::ERR_CONNECTION_REFUSED @ http://localhost:1420/@vite/client:1034
[ 1467444ms] [ERROR] Failed to load resource: net::ERR_CONNECTION_REFUSED @ http://localhost:1420/api/host.describe:0
[ 1467444ms] [WARNING] WebSocket connection to 'ws://localhost:1420/api/events.mux' failed: WebSocket is closed before the connection is established. @ http://localhost:1420/plugins/@deepseek-ai/dsh-client-connection/client.js?rev=bc3c3fa9d26b:10055
[ 1467444ms] [WARNING] WebSocket connection to 'ws://localhost:1420/api/events.host' failed: WebSocket is closed before the connection is established. @ http://localhost:1420/plugins/@deepseek-ai/dsh-client-connection/client.js?rev=bc3c3fa9d26b:10055
[ 1467445ms] [WARNING] [web-runtime] connection lost, retry #188 @ http://localhost:1420/plugins/@deepseek-ai/dsh-client-connection/client.js?rev=bc3c3fa9d26b:115
[ 1469249ms] [ERROR] WebSocket connection to 'ws://localhost:1420/' failed: Error in connection establishment: net::ERR_CONNECTION_REFUSED @ http://localhost:1420/@vite/client:1034
[ 1474379ms] [ERROR] Failed to load resource: net::ERR_CONNECTION_REFUSED @ http://localhost:1420/api/host.describe:0
[ 1474380ms] [WARNING] WebSocket connection to 'ws://localhost:1420/api/events.mux' failed: WebSocket is closed before the connection is established. @ http://localhost:1420/plugins/@deepseek-ai/dsh-client-connection/client.js?rev=bc3c3fa9d26b:10055
[ 1474380ms] [WARNING] WebSocket connection to 'ws://localhost:1420/api/events.host' failed: WebSocket is closed before the connection is established. @ http://localhost:1420/plugins/@deepseek-ai/dsh-client-connection/client.js?rev=bc3c3fa9d26b:10055
[ 1474380ms] [WARNING] [web-runtime] connection lost, retry #189 @ http://localhost:1420/plugins/@deepseek-ai/dsh-client-connection/client.js?rev=bc3c3fa9d26b:115
[ 1475166ms] [ERROR] WebSocket connection to 'ws://localhost:1420/' failed: Error in connection establishment: net::ERR_CONNECTION_REFUSED @ http://localhost:1420/@vite/client:1034
[ 1479848ms] [ERROR] WebSocket connection to 'ws://localhost:1420/' failed: Error in connection establishment: net::ERR_CONNECTION_REFUSED @ http://localhost:1420/@vite/client:1034
[ 1481865ms] [ERROR] WebSocket connection to 'ws://localhost:1420/' failed: Error in connection establishment: net::ERR_CONNECTION_REFUSED @ http://localhost:1420/@vite/client:1034
[ 1481925ms] [ERROR] Failed to load resource: net::ERR_CONNECTION_REFUSED @ http://localhost:1420/api/host.describe:0
[ 1481925ms] [WARNING] WebSocket connection to 'ws://localhost:1420/api/events.mux' failed: WebSocket is closed before the connection is established. @ http://localhost:1420/plugins/@deepseek-ai/dsh-client-connection/client.js?rev=bc3c3fa9d26b:10055
[ 1481925ms] [WARNING] WebSocket connection to 'ws://localhost:1420/api/events.host' failed: WebSocket is closed before the connection is established. @ http://localhost:1420/plugins/@deepseek-ai/dsh-client-connection/client.js?rev=bc3c3fa9d26b:10055
[ 1481925ms] [WARNING] [web-runtime] connection lost, retry #190 @ http://localhost:1420/plugins/@deepseek-ai/dsh-client-connection/client.js?rev=bc3c3fa9d26b:115
[ 1487729ms] [ERROR] WebSocket connection to 'ws://localhost:1420/' failed: Error in connection establishment: net::ERR_CONNECTION_REFUSED @ http://localhost:1420/@vite/client:1034
[ 1491913ms] [ERROR] Failed to load resource: net::ERR_CONNECTION_REFUSED @ http://localhost:1420/api/host.describe:0
[ 1491914ms] [WARNING] WebSocket connection to 'ws://localhost:1420/api/events.mux' failed: WebSocket is closed before the connection is established. @ http://localhost:1420/plugins/@deepseek-ai/dsh-client-connection/client.js?rev=bc3c3fa9d26b:10055
[ 1491914ms] [WARNING] WebSocket connection to 'ws://localhost:1420/api/events.host' failed: WebSocket is closed before the connection is established. @ http://localhost:1420/plugins/@deepseek-ai/dsh-client-connection/client.js?rev=bc3c3fa9d26b:10055
[ 1491914ms] [WARNING] [web-runtime] connection lost, retry #191 @ http://localhost:1420/plugins/@deepseek-ai/dsh-client-connection/client.js?rev=bc3c3fa9d26b:115
[ 1493580ms] [ERROR] WebSocket connection to 'ws://localhost:1420/' failed: Error in connection establishment: net::ERR_CONNECTION_REFUSED @ http://localhost:1420/@vite/client:1034
[ 1498804ms] [ERROR] WebSocket connection to 'ws://localhost:1420/' failed: Error in connection establishment: net::ERR_CONNECTION_REFUSED @ http://localhost:1420/@vite/client:1034
[ 1501335ms] [ERROR] Failed to load resource: net::ERR_CONNECTION_REFUSED @ http://localhost:1420/api/host.describe:0
[ 1501336ms] [WARNING] WebSocket connection to 'ws://localhost:1420/api/events.mux' failed: WebSocket is closed before the connection is established. @ http://localhost:1420/plugins/@deepseek-ai/dsh-client-connection/client.js?rev=bc3c3fa9d26b:10055
[ 1501336ms] [WARNING] WebSocket connection to 'ws://localhost:1420/api/events.host' failed: WebSocket is closed before the connection is established. @ http://localhost:1420/plugins/@deepseek-ai/dsh-client-connection/client.js?rev=bc3c3fa9d26b:10055
[ 1501336ms] [WARNING] [web-runtime] connection lost, retry #192 @ http://localhost:1420/plugins/@deepseek-ai/dsh-client-connection/client.js?rev=bc3c3fa9d26b:115
[ 1504304ms] [ERROR] WebSocket connection to 'ws://localhost:1420/' failed: Error in connection establishment: net::ERR_CONNECTION_REFUSED @ http://localhost:1420/@vite/client:1034
[ 1506943ms] [ERROR] Failed to load resource: net::ERR_CONNECTION_REFUSED @ http://localhost:1420/api/host.describe:0
[ 1506943ms] [WARNING] WebSocket connection to 'ws://localhost:1420/api/events.mux' failed: WebSocket is closed before the connection is established. @ http://localhost:1420/plugins/@deepseek-ai/dsh-client-connection/client.js?rev=bc3c3fa9d26b:10055
[ 1506943ms] [WARNING] WebSocket connection to 'ws://localhost:1420/api/events.host' failed: WebSocket is closed before the connection is established. @ http://localhost:1420/plugins/@deepseek-ai/dsh-client-connection/client.js?rev=bc3c3fa9d26b:10055
[ 1506943ms] [WARNING] [web-runtime] connection lost, retry #193 @ http://localhost:1420/plugins/@deepseek-ai/dsh-client-connection/client.js?rev=bc3c3fa9d26b:115
[ 1507787ms] [ERROR] WebSocket connection to 'ws://localhost:1420/' failed: Error in connection establishment: net::ERR_CONNECTION_REFUSED @ http://localhost:1420/@vite/client:1034
[ 1512787ms] [ERROR] WebSocket connection to 'ws://localhost:1420/' failed: Error in connection establishment: net::ERR_CONNECTION_REFUSED @ http://localhost:1420/@vite/client:1034
[ 1516052ms] [ERROR] Failed to load resource: net::ERR_CONNECTION_REFUSED @ http://localhost:1420/api/host.describe:0
[ 1516052ms] [WARNING] WebSocket connection to 'ws://localhost:1420/api/events.mux' failed: WebSocket is closed before the connection is established. @ http://localhost:1420/plugins/@deepseek-ai/dsh-client-connection/client.js?rev=bc3c3fa9d26b:10055
[ 1516052ms] [WARNING] WebSocket connection to 'ws://localhost:1420/api/events.host' failed: WebSocket is closed before the connection is established. @ http://localhost:1420/plugins/@deepseek-ai/dsh-client-connection/client.js?rev=bc3c3fa9d26b:10055
[ 1516052ms] [WARNING] [web-runtime] connection lost, retry #194 @ http://localhost:1420/plugins/@deepseek-ai/dsh-client-connection/client.js?rev=bc3c3fa9d26b:115
[ 1517902ms] [ERROR] WebSocket connection to 'ws://localhost:1420/' failed: Error in connection establishment: net::ERR_CONNECTION_REFUSED @ http://localhost:1420/@vite/client:1034
[ 1522987ms] [ERROR] WebSocket connection to 'ws://localhost:1420/' failed: Error in connection establishment: net::ERR_CONNECTION_REFUSED @ http://localhost:1420/@vite/client:1034
[ 1524003ms] [ERROR] Failed to load resource: net::ERR_CONNECTION_REFUSED @ http://localhost:1420/api/host.describe:0
[ 1524003ms] [WARNING] WebSocket connection to 'ws://localhost:1420/api/events.mux' failed: WebSocket is closed before the connection is established. @ http://localhost:1420/plugins/@deepseek-ai/dsh-client-connection/client.js?rev=bc3c3fa9d26b:10055
[ 1524003ms] [WARNING] WebSocket connection to 'ws://localhost:1420/api/events.host' failed: WebSocket is closed before the connection is established. @ http://localhost:1420/plugins/@deepseek-ai/dsh-client-connection/client.js?rev=bc3c3fa9d26b:10055
[ 1524003ms] [WARNING] [web-runtime] connection lost, retry #195 @ http://localhost:1420/plugins/@deepseek-ai/dsh-client-connection/client.js?rev=bc3c3fa9d26b:115
[ 1525534ms] [ERROR] WebSocket connection to 'ws://localhost:1420/' failed: Error in connection establishment: net::ERR_CONNECTION_REFUSED @ http://localhost:1420/@vite/client:1034
[ 1528584ms] [ERROR] WebSocket connection to 'ws://localhost:1420/' failed: Error in connection establishment: net::ERR_CONNECTION_REFUSED @ http://localhost:1420/@vite/client:1034
[ 1530738ms] [ERROR] Failed to load resource: net::ERR_CONNECTION_REFUSED @ http://localhost:1420/api/host.describe:0
[ 1530738ms] [WARNING] WebSocket connection to 'ws://localhost:1420/api/events.mux' failed: WebSocket is closed before the connection is established. @ http://localhost:1420/plugins/@deepseek-ai/dsh-client-connection/client.js?rev=bc3c3fa9d26b:10055
[ 1530738ms] [WARNING] WebSocket connection to 'ws://localhost:1420/api/events.host' failed: WebSocket is closed before the connection is established. @ http://localhost:1420/plugins/@deepseek-ai/dsh-client-connection/client.js?rev=bc3c3fa9d26b:10055
[ 1530738ms] [WARNING] [web-runtime] connection lost, retry #196 @ http://localhost:1420/plugins/@deepseek-ai/dsh-client-connection/client.js?rev=bc3c3fa9d26b:115
[ 1531100ms] [ERROR] WebSocket connection to 'ws://localhost:1420/' failed: Error in connection establishment: net::ERR_CONNECTION_REFUSED @ http://localhost:1420/@vite/client:1034
[ 1536010ms] [ERROR] WebSocket connection to 'ws://localhost:1420/' failed: Error in connection establishment: net::ERR_CONNECTION_REFUSED @ http://localhost:1420/@vite/client:1034
[ 1537287ms] [ERROR] Failed to load resource: net::ERR_CONNECTION_REFUSED @ http://localhost:1420/api/host.describe:0
[ 1537287ms] [WARNING] WebSocket connection to 'ws://localhost:1420/api/events.mux' failed: WebSocket is closed before the connection is established. @ http://localhost:1420/plugins/@deepseek-ai/dsh-client-connection/client.js?rev=bc3c3fa9d26b:10055
[ 1537287ms] [WARNING] WebSocket connection to 'ws://localhost:1420/api/events.host' failed: WebSocket is closed before the connection is established. @ http://localhost:1420/plugins/@deepseek-ai/dsh-client-connection/client.js?rev=bc3c3fa9d26b:10055
[ 1537287ms] [WARNING] [web-runtime] connection lost, retry #197 @ http://localhost:1420/plugins/@deepseek-ai/dsh-client-connection/client.js?rev=bc3c3fa9d26b:115
[ 1538910ms] [ERROR] WebSocket connection to 'ws://localhost:1420/' failed: Error in connection establishment: net::ERR_CONNECTION_REFUSED @ http://localhost:1420/@vite/client:1034
[ 1542566ms] [ERROR] WebSocket connection to 'ws://localhost:1420/' failed: Error in connection establishment: net::ERR_CONNECTION_REFUSED @ http://localhost:1420/@vite/client:1034
[ 1545583ms] [ERROR] Failed to load resource: net::ERR_CONNECTION_REFUSED @ http://localhost:1420/api/host.describe:0
[ 1545584ms] [WARNING] WebSocket connection to 'ws://localhost:1420/api/events.mux' failed: WebSocket is closed before the connection is established. @ http://localhost:1420/plugins/@deepseek-ai/dsh-client-connection/client.js?rev=bc3c3fa9d26b:10055
[ 1545584ms] [WARNING] WebSocket connection to 'ws://localhost:1420/api/events.host' failed: WebSocket is closed before the connection is established. @ http://localhost:1420/plugins/@deepseek-ai/dsh-client-connection/client.js?rev=bc3c3fa9d26b:10055
[ 1545584ms] [WARNING] [web-runtime] connection lost, retry #198 @ http://localhost:1420/plugins/@deepseek-ai/dsh-client-connection/client.js?rev=bc3c3fa9d26b:115
[ 1546813ms] [ERROR] WebSocket connection to 'ws://localhost:1420/' failed: Error in connection establishment: net::ERR_CONNECTION_REFUSED @ http://localhost:1420/@vite/client:1034
[ 1552561ms] [ERROR] WebSocket connection to 'ws://localhost:1420/' failed: Error in connection establishment: net::ERR_CONNECTION_REFUSED @ http://localhost:1420/@vite/client:1034
[ 1554205ms] [ERROR] Failed to load resource: net::ERR_CONNECTION_REFUSED @ http://localhost:1420/api/host.describe:0
[ 1554205ms] [WARNING] WebSocket connection to 'ws://localhost:1420/api/events.mux' failed: WebSocket is closed before the connection is established. @ http://localhost:1420/plugins/@deepseek-ai/dsh-client-connection/client.js?rev=bc3c3fa9d26b:10055
[ 1554205ms] [WARNING] WebSocket connection to 'ws://localhost:1420/api/events.host' failed: WebSocket is closed before the connection is established. @ http://localhost:1420/plugins/@deepseek-ai/dsh-client-connection/client.js?rev=bc3c3fa9d26b:10055
[ 1554206ms] [WARNING] [web-runtime] connection lost, retry #199 @ http://localhost:1420/plugins/@deepseek-ai/dsh-client-connection/client.js?rev=bc3c3fa9d26b:115
[ 1556379ms] [ERROR] WebSocket connection to 'ws://localhost:1420/' failed: Error in connection establishment: net::ERR_CONNECTION_REFUSED @ http://localhost:1420/@vite/client:1034
[ 1560216ms] [ERROR] WebSocket connection to 'ws://localhost:1420/' failed: Error in connection establishment: net::ERR_CONNECTION_REFUSED @ http://localhost:1420/@vite/client:1034
[ 1563357ms] [ERROR] WebSocket connection to 'ws://localhost:1420/' failed: Error in connection establishment: net::ERR_CONNECTION_REFUSED @ http://localhost:1420/@vite/client:1034
[ 1563408ms] [ERROR] Failed to load resource: net::ERR_CONNECTION_REFUSED @ http://localhost:1420/api/host.describe:0
[ 1563408ms] [WARNING] WebSocket connection to 'ws://localhost:1420/api/events.mux' failed: WebSocket is closed before the connection is established. @ http://localhost:1420/plugins/@deepseek-ai/dsh-client-connection/client.js?rev=bc3c3fa9d26b:10055
[ 1563408ms] [WARNING] WebSocket connection to 'ws://localhost:1420/api/events.host' failed: WebSocket is closed before the connection is established. @ http://localhost:1420/plugins/@deepseek-ai/dsh-client-connection/client.js?rev=bc3c3fa9d26b:10055
[ 1563408ms] [WARNING] [web-runtime] connection lost, retry #200 @ http://localhost:1420/plugins/@deepseek-ai/dsh-client-connection/client.js?rev=bc3c3fa9d26b:115
[ 1567713ms] [ERROR] WebSocket connection to 'ws://localhost:1420/' failed: Error in connection establishment: net::ERR_CONNECTION_REFUSED @ http://localhost:1420/@vite/client:1034
[ 1571435ms] [ERROR] WebSocket connection to 'ws://localhost:1420/' failed: Error in connection establishment: net::ERR_CONNECTION_REFUSED @ http://localhost:1420/@vite/client:1034
[ 1573357ms] [ERROR] Failed to load resource: net::ERR_CONNECTION_REFUSED @ http://localhost:1420/api/host.describe:0
[ 1573357ms] [WARNING] WebSocket connection to 'ws://localhost:1420/api/events.mux' failed: WebSocket is closed before the connection is established. @ http://localhost:1420/plugins/@deepseek-ai/dsh-client-connection/client.js?rev=bc3c3fa9d26b:10055
[ 1573358ms] [WARNING] WebSocket connection to 'ws://localhost:1420/api/events.host' failed: WebSocket is closed before the connection is established. @ http://localhost:1420/plugins/@deepseek-ai/dsh-client-connection/client.js?rev=bc3c3fa9d26b:10055
[ 1573358ms] [WARNING] [web-runtime] connection lost, retry #201 @ http://localhost:1420/plugins/@deepseek-ai/dsh-client-connection/client.js?rev=bc3c3fa9d26b:115
[ 1576246ms] [ERROR] WebSocket connection to 'ws://localhost:1420/' failed: Error in connection establishment: net::ERR_CONNECTION_REFUSED @ http://localhost:1420/@vite/client:1034
[ 1579720ms] [ERROR] WebSocket connection to 'ws://localhost:1420/' failed: Error in connection establishment: net::ERR_CONNECTION_REFUSED @ http://localhost:1420/@vite/client:1034
[ 1580292ms] [ERROR] Failed to load resource: net::ERR_CONNECTION_REFUSED @ http://localhost:1420/api/host.describe:0
[ 1580292ms] [WARNING] WebSocket connection to 'ws://localhost:1420/api/events.mux' failed: WebSocket is closed before the connection is established. @ http://localhost:1420/plugins/@deepseek-ai/dsh-client-connection/client.js?rev=bc3c3fa9d26b:10055
[ 1580292ms] [WARNING] WebSocket connection to 'ws://localhost:1420/api/events.host' failed: WebSocket is closed before the connection is established. @ http://localhost:1420/plugins/@deepseek-ai/dsh-client-connection/client.js?rev=bc3c3fa9d26b:10055
[ 1580293ms] [WARNING] [web-runtime] connection lost, retry #202 @ http://localhost:1420/plugins/@deepseek-ai/dsh-client-connection/client.js?rev=bc3c3fa9d26b:115
[ 1582278ms] [ERROR] WebSocket connection to 'ws://localhost:1420/' failed: Error in connection establishment: net::ERR_CONNECTION_REFUSED @ http://localhost:1420/@vite/client:1034
[ 1586968ms] [ERROR] WebSocket connection to 'ws://localhost:1420/' failed: Error in connection establishment: net::ERR_CONNECTION_REFUSED @ http://localhost:1420/@vite/client:1034
[ 1588073ms] [ERROR] Failed to load resource: net::ERR_CONNECTION_REFUSED @ http://localhost:1420/api/host.describe:0
[ 1588073ms] [WARNING] WebSocket connection to 'ws://localhost:1420/api/events.mux' failed: WebSocket is closed before the connection is established. @ http://localhost:1420/plugins/@deepseek-ai/dsh-client-connection/client.js?rev=bc3c3fa9d26b:10055
[ 1588073ms] [WARNING] WebSocket connection to 'ws://localhost:1420/api/events.host' failed: WebSocket is closed before the connection is established. @ http://localhost:1420/plugins/@deepseek-ai/dsh-client-connection/client.js?rev=bc3c3fa9d26b:10055
[ 1588074ms] [WARNING] [web-runtime] connection lost, retry #203 @ http://localhost:1420/plugins/@deepseek-ai/dsh-client-connection/client.js?rev=bc3c3fa9d26b:115
[ 1591013ms] [ERROR] WebSocket connection to 'ws://localhost:1420/' failed: Error in connection establishment: net::ERR_CONNECTION_REFUSED @ http://localhost:1420/@vite/client:1034
[ 1596424ms] [ERROR] WebSocket connection to 'ws://localhost:1420/' failed: Error in connection establishment: net::ERR_CONNECTION_REFUSED @ http://localhost:1420/@vite/client:1034
[ 1596765ms] [ERROR] Failed to load resource: net::ERR_CONNECTION_REFUSED @ http://localhost:1420/api/host.describe:0
[ 1596765ms] [WARNING] WebSocket connection to 'ws://localhost:1420/api/events.mux' failed: WebSocket is closed before the connection is established. @ http://localhost:1420/plugins/@deepseek-ai/dsh-client-connection/client.js?rev=bc3c3fa9d26b:10055
[ 1596765ms] [WARNING] WebSocket connection to 'ws://localhost:1420/api/events.host' failed: WebSocket is closed before the connection is established. @ http://localhost:1420/plugins/@deepseek-ai/dsh-client-connection/client.js?rev=bc3c3fa9d26b:10055
[ 1596765ms] [WARNING] [web-runtime] connection lost, retry #204 @ http://localhost:1420/plugins/@deepseek-ai/dsh-client-connection/client.js?rev=bc3c3fa9d26b:115
[ 1601961ms] [ERROR] WebSocket connection to 'ws://localhost:1420/' failed: Error in connection establishment: net::ERR_CONNECTION_REFUSED @ http://localhost:1420/@vite/client:1034
[ 1602865ms] [ERROR] Failed to load resource: net::ERR_CONNECTION_REFUSED @ http://localhost:1420/api/host.describe:0
[ 1602865ms] [WARNING] WebSocket connection to 'ws://localhost:1420/api/events.mux' failed: WebSocket is closed before the connection is established. @ http://localhost:1420/plugins/@deepseek-ai/dsh-client-connection/client.js?rev=bc3c3fa9d26b:10055
[ 1602865ms] [WARNING] WebSocket connection to 'ws://localhost:1420/api/events.host' failed: WebSocket is closed before the connection is established. @ http://localhost:1420/plugins/@deepseek-ai/dsh-client-connection/client.js?rev=bc3c3fa9d26b:10055
[ 1602865ms] [WARNING] [web-runtime] connection lost, retry #205 @ http://localhost:1420/plugins/@deepseek-ai/dsh-client-connection/client.js?rev=bc3c3fa9d26b:115
[ 1606338ms] [ERROR] WebSocket connection to 'ws://localhost:1420/' failed: Error in connection establishment: net::ERR_CONNECTION_REFUSED @ http://localhost:1420/@vite/client:1034
[ 1609901ms] [ERROR] Failed to load resource: net::ERR_CONNECTION_REFUSED @ http://localhost:1420/api/host.describe:0
[ 1609901ms] [WARNING] WebSocket connection to 'ws://localhost:1420/api/events.mux' failed: WebSocket is closed before the connection is established. @ http://localhost:1420/plugins/@deepseek-ai/dsh-client-connection/client.js?rev=bc3c3fa9d26b:10055
[ 1609901ms] [WARNING] WebSocket connection to 'ws://localhost:1420/api/events.host' failed: WebSocket is closed before the connection is established. @ http://localhost:1420/plugins/@deepseek-ai/dsh-client-connection/client.js?rev=bc3c3fa9d26b:10055
[ 1609901ms] [WARNING] [web-runtime] connection lost, retry #206 @ http://localhost:1420/plugins/@deepseek-ai/dsh-client-connection/client.js?rev=bc3c3fa9d26b:115
[ 1611281ms] [ERROR] WebSocket connection to 'ws://localhost:1420/' failed: Error in connection establishment: net::ERR_CONNECTION_REFUSED @ http://localhost:1420/@vite/client:1034
[ 1613422ms] [ERROR] WebSocket connection to 'ws://localhost:1420/' failed: Error in connection establishment: net::ERR_CONNECTION_REFUSED @ http://localhost:1420/@vite/client:1034
[ 1617669ms] [ERROR] Failed to load resource: net::ERR_CONNECTION_REFUSED @ http://localhost:1420/api/host.describe:0
[ 1617669ms] [WARNING] WebSocket connection to 'ws://localhost:1420/api/events.mux' failed: WebSocket is closed before the connection is established. @ http://localhost:1420/plugins/@deepseek-ai/dsh-client-connection/client.js?rev=bc3c3fa9d26b:10055
[ 1617669ms] [WARNING] WebSocket connection to 'ws://localhost:1420/api/events.host' failed: WebSocket is closed before the connection is established. @ http://localhost:1420/plugins/@deepseek-ai/dsh-client-connection/client.js?rev=bc3c3fa9d26b:10055
[ 1617669ms] [WARNING] [web-runtime] connection lost, retry #207 @ http://localhost:1420/plugins/@deepseek-ai/dsh-client-connection/client.js?rev=bc3c3fa9d26b:115
[ 1618182ms] [ERROR] WebSocket connection to 'ws://localhost:1420/' failed: Error in connection establishment: net::ERR_CONNECTION_REFUSED @ http://localhost:1420/@vite/client:1034
[ 1622399ms] [ERROR] WebSocket connection to 'ws://localhost:1420/' failed: Error in connection establishment: net::ERR_CONNECTION_REFUSED @ http://localhost:1420/@vite/client:1034
[ 1625416ms] [ERROR] WebSocket connection to 'ws://localhost:1420/' failed: Error in connection establishment: net::ERR_CONNECTION_REFUSED @ http://localhost:1420/@vite/client:1034
[ 1627054ms] [ERROR] Failed to load resource: net::ERR_CONNECTION_REFUSED @ http://localhost:1420/api/host.describe:0
[ 1627054ms] [WARNING] WebSocket connection to 'ws://localhost:1420/api/events.mux' failed: WebSocket is closed before the connection is established. @ http://localhost:1420/plugins/@deepseek-ai/dsh-client-connection/client.js?rev=bc3c3fa9d26b:10055
[ 1627054ms] [WARNING] WebSocket connection to 'ws://localhost:1420/api/events.host' failed: WebSocket is closed before the connection is established. @ http://localhost:1420/plugins/@deepseek-ai/dsh-client-connection/client.js?rev=bc3c3fa9d26b:10055
[ 1627054ms] [WARNING] [web-runtime] connection lost, retry #208 @ http://localhost:1420/plugins/@deepseek-ai/dsh-client-connection/client.js?rev=bc3c3fa9d26b:115
[ 1630734ms] [ERROR] WebSocket connection to 'ws://localhost:1420/' failed: Error in connection establishment: net::ERR_CONNECTION_REFUSED @ http://localhost:1420/@vite/client:1034
[ 1634547ms] [ERROR] Failed to load resource: net::ERR_CONNECTION_REFUSED @ http://localhost:1420/api/host.describe:0
[ 1634547ms] [WARNING] WebSocket connection to 'ws://localhost:1420/api/events.mux' failed: WebSocket is closed before the connection is established. @ http://localhost:1420/plugins/@deepseek-ai/dsh-client-connection/client.js?rev=bc3c3fa9d26b:10055
[ 1634547ms] [WARNING] WebSocket connection to 'ws://localhost:1420/api/events.host' failed: WebSocket is closed before the connection is established. @ http://localhost:1420/plugins/@deepseek-ai/dsh-client-connection/client.js?rev=bc3c3fa9d26b:10055
[ 1634547ms] [WARNING] [web-runtime] connection lost, retry #209 @ http://localhost:1420/plugins/@deepseek-ai/dsh-client-connection/client.js?rev=bc3c3fa9d26b:115
[ 1635349ms] [ERROR] WebSocket connection to 'ws://localhost:1420/' failed: Error in connection establishment: net::ERR_CONNECTION_REFUSED @ http://localhost:1420/@vite/client:1034
[ 1639237ms] [ERROR] WebSocket connection to 'ws://localhost:1420/' failed: Error in connection establishment: net::ERR_CONNECTION_REFUSED @ http://localhost:1420/@vite/client:1034
[ 1641549ms] [ERROR] WebSocket connection to 'ws://localhost:1420/' failed: Error in connection establishment: net::ERR_CONNECTION_REFUSED @ http://localhost:1420/@vite/client:1034
[ 1641575ms] [ERROR] Failed to load resource: net::ERR_CONNECTION_REFUSED @ http://localhost:1420/api/host.describe:0
[ 1641575ms] [WARNING] WebSocket connection to 'ws://localhost:1420/api/events.mux' failed: WebSocket is closed before the connection is established. @ http://localhost:1420/plugins/@deepseek-ai/dsh-client-connection/client.js?rev=bc3c3fa9d26b:10055
[ 1641575ms] [WARNING] WebSocket connection to 'ws://localhost:1420/api/events.host' failed: WebSocket is closed before the connection is established. @ http://localhost:1420/plugins/@deepseek-ai/dsh-client-connection/client.js?rev=bc3c3fa9d26b:10055
[ 1641575ms] [WARNING] [web-runtime] connection lost, retry #210 @ http://localhost:1420/plugins/@deepseek-ai/dsh-client-connection/client.js?rev=bc3c3fa9d26b:115
[ 1644082ms] [ERROR] WebSocket connection to 'ws://localhost:1420/' failed: Error in connection establishment: net::ERR_CONNECTION_REFUSED @ http://localhost:1420/@vite/client:1034
[ 1649486ms] [ERROR] Failed to load resource: net::ERR_CONNECTION_REFUSED @ http://localhost:1420/api/host.describe:0
[ 1649486ms] [WARNING] WebSocket connection to 'ws://localhost:1420/api/events.mux' failed: WebSocket is closed before the connection is established. @ http://localhost:1420/plugins/@deepseek-ai/dsh-client-connection/client.js?rev=bc3c3fa9d26b:10055
[ 1649486ms] [WARNING] WebSocket connection to 'ws://localhost:1420/api/events.host' failed: WebSocket is closed before the connection is established. @ http://localhost:1420/plugins/@deepseek-ai/dsh-client-connection/client.js?rev=bc3c3fa9d26b:10055
[ 1649487ms] [WARNING] [web-runtime] connection lost, retry #211 @ http://localhost:1420/plugins/@deepseek-ai/dsh-client-connection/client.js?rev=bc3c3fa9d26b:115
[ 1649524ms] [ERROR] WebSocket connection to 'ws://localhost:1420/' failed: Error in connection establishment: net::ERR_CONNECTION_REFUSED @ http://localhost:1420/@vite/client:1034
[ 1652488ms] [ERROR] WebSocket connection to 'ws://localhost:1420/' failed: Error in connection establishment: net::ERR_CONNECTION_REFUSED @ http://localhost:1420/@vite/client:1034
[ 1658079ms] [ERROR] WebSocket connection to 'ws://localhost:1420/' failed: Error in connection establishment: net::ERR_CONNECTION_REFUSED @ http://localhost:1420/@vite/client:1034
[ 1658618ms] [ERROR] Failed to load resource: net::ERR_CONNECTION_REFUSED @ http://localhost:1420/api/host.describe:0
[ 1658618ms] [WARNING] WebSocket connection to 'ws://localhost:1420/api/events.mux' failed: WebSocket is closed before the connection is established. @ http://localhost:1420/plugins/@deepseek-ai/dsh-client-connection/client.js?rev=bc3c3fa9d26b:10055
[ 1658619ms] [WARNING] WebSocket connection to 'ws://localhost:1420/api/events.host' failed: WebSocket is closed before the connection is established. @ http://localhost:1420/plugins/@deepseek-ai/dsh-client-connection/client.js?rev=bc3c3fa9d26b:10055
[ 1658619ms] [WARNING] [web-runtime] connection lost, retry #212 @ http://localhost:1420/plugins/@deepseek-ai/dsh-client-connection/client.js?rev=bc3c3fa9d26b:115
[ 1661870ms] [ERROR] WebSocket connection to 'ws://localhost:1420/' failed: Error in connection establishment: net::ERR_CONNECTION_REFUSED @ http://localhost:1420/@vite/client:1034
[ 1663917ms] [ERROR] Failed to load resource: net::ERR_CONNECTION_REFUSED @ http://localhost:1420/api/host.describe:0
[ 1663917ms] [WARNING] WebSocket connection to 'ws://localhost:1420/api/events.mux' failed: WebSocket is closed before the connection is established. @ http://localhost:1420/plugins/@deepseek-ai/dsh-client-connection/client.js?rev=bc3c3fa9d26b:10055
[ 1663918ms] [WARNING] WebSocket connection to 'ws://localhost:1420/api/events.host' failed: WebSocket is closed before the connection is established. @ http://localhost:1420/plugins/@deepseek-ai/dsh-client-connection/client.js?rev=bc3c3fa9d26b:10055
[ 1663918ms] [WARNING] [web-runtime] connection lost, retry #213 @ http://localhost:1420/plugins/@deepseek-ai/dsh-client-connection/client.js?rev=bc3c3fa9d26b:115
[ 1666285ms] [ERROR] WebSocket connection to 'ws://localhost:1420/' failed: Error in connection establishment: net::ERR_CONNECTION_REFUSED @ http://localhost:1420/@vite/client:1034
[ 1669329ms] [ERROR] WebSocket connection to 'ws://localhost:1420/' failed: Error in connection establishment: net::ERR_CONNECTION_REFUSED @ http://localhost:1420/@vite/client:1034
[ 1670324ms] [ERROR] Failed to load resource: net::ERR_CONNECTION_REFUSED @ http://localhost:1420/api/host.describe:0
[ 1670324ms] [WARNING] WebSocket connection to 'ws://localhost:1420/api/events.mux' failed: WebSocket is closed before the connection is established. @ http://localhost:1420/plugins/@deepseek-ai/dsh-client-connection/client.js?rev=bc3c3fa9d26b:10055
[ 1670324ms] [WARNING] WebSocket connection to 'ws://localhost:1420/api/events.host' failed: WebSocket is closed before the connection is established. @ http://localhost:1420/plugins/@deepseek-ai/dsh-client-connection/client.js?rev=bc3c3fa9d26b:10055
[ 1670324ms] [WARNING] [web-runtime] connection lost, retry #214 @ http://localhost:1420/plugins/@deepseek-ai/dsh-client-connection/client.js?rev=bc3c3fa9d26b:115
[ 1673899ms] [ERROR] WebSocket connection to 'ws://localhost:1420/' failed: Error in connection establishment: net::ERR_CONNECTION_REFUSED @ http://localhost:1420/@vite/client:1034
[ 1676061ms] [ERROR] WebSocket connection to 'ws://localhost:1420/' failed: Error in connection establishment: net::ERR_CONNECTION_REFUSED @ http://localhost:1420/@vite/client:1034
[ 1678089ms] [ERROR] WebSocket connection to 'ws://localhost:1420/' failed: Error in connection establishment: net::ERR_CONNECTION_REFUSED @ http://localhost:1420/@vite/client:1034
[ 1678838ms] [ERROR] Failed to load resource: net::ERR_CONNECTION_REFUSED @ http://localhost:1420/api/host.describe:0
[ 1678838ms] [WARNING] WebSocket connection to 'ws://localhost:1420/api/events.mux' failed: WebSocket is closed before the connection is established. @ http://localhost:1420/plugins/@deepseek-ai/dsh-client-connection/client.js?rev=bc3c3fa9d26b:10055
[ 1678838ms] [WARNING] WebSocket connection to 'ws://localhost:1420/api/events.host' failed: WebSocket is closed before the connection is established. @ http://localhost:1420/plugins/@deepseek-ai/dsh-client-connection/client.js?rev=bc3c3fa9d26b:10055
[ 1678838ms] [WARNING] [web-runtime] connection lost, retry #215 @ http://localhost:1420/plugins/@deepseek-ai/dsh-client-connection/client.js?rev=bc3c3fa9d26b:115
[ 1680699ms] [ERROR] WebSocket connection to 'ws://localhost:1420/' failed: Error in connection establishment: net::ERR_CONNECTION_REFUSED @ http://localhost:1420/@vite/client:1034
[ 1684532ms] [ERROR] WebSocket connection to 'ws://localhost:1420/' failed: Error in connection establishment: net::ERR_CONNECTION_REFUSED @ http://localhost:1420/@vite/client:1034
[ 1684749ms] [ERROR] Failed to load resource: net::ERR_CONNECTION_REFUSED @ http://localhost:1420/api/host.describe:0
[ 1684749ms] [WARNING] WebSocket connection to 'ws://localhost:1420/api/events.mux' failed: WebSocket is closed before the connection is established. @ http://localhost:1420/plugins/@deepseek-ai/dsh-client-connection/client.js?rev=bc3c3fa9d26b:10055
[ 1684749ms] [WARNING] WebSocket connection to 'ws://localhost:1420/api/events.host' failed: WebSocket is closed before the connection is established. @ http://localhost:1420/plugins/@deepseek-ai/dsh-client-connection/client.js?rev=bc3c3fa9d26b:10055
[ 1684749ms] [WARNING] [web-runtime] connection lost, retry #216 @ http://localhost:1420/plugins/@deepseek-ai/dsh-client-connection/client.js?rev=bc3c3fa9d26b:115
[ 1687934ms] [ERROR] WebSocket connection to 'ws://localhost:1420/' failed: Error in connection establishment: net::ERR_CONNECTION_REFUSED @ http://localhost:1420/@vite/client:1034
[ 1690100ms] [ERROR] Failed to load resource: net::ERR_CONNECTION_REFUSED @ http://localhost:1420/api/host.describe:0
[ 1690100ms] [WARNING] WebSocket connection to 'ws://localhost:1420/api/events.mux' failed: WebSocket is closed before the connection is established. @ http://localhost:1420/plugins/@deepseek-ai/dsh-client-connection/client.js?rev=bc3c3fa9d26b:10055
[ 1690100ms] [WARNING] WebSocket connection to 'ws://localhost:1420/api/events.host' failed: WebSocket is closed before the connection is established. @ http://localhost:1420/plugins/@deepseek-ai/dsh-client-connection/client.js?rev=bc3c3fa9d26b:10055
[ 1690100ms] [WARNING] [web-runtime] connection lost, retry #217 @ http://localhost:1420/plugins/@deepseek-ai/dsh-client-connection/client.js?rev=bc3c3fa9d26b:115
[ 1691817ms] [ERROR] WebSocket connection to 'ws://localhost:1420/' failed: Error in connection establishment: net::ERR_CONNECTION_REFUSED @ http://localhost:1420/@vite/client:1034
[ 1696234ms] [ERROR] WebSocket connection to 'ws://localhost:1420/' failed: Error in connection establishment: net::ERR_CONNECTION_REFUSED @ http://localhost:1420/@vite/client:1034
[ 1697709ms] [ERROR] Failed to load resource: net::ERR_CONNECTION_REFUSED @ http://localhost:1420/api/host.describe:0
[ 1697709ms] [WARNING] WebSocket connection to 'ws://localhost:1420/api/events.mux' failed: WebSocket is closed before the connection is established. @ http://localhost:1420/plugins/@deepseek-ai/dsh-client-connection/client.js?rev=bc3c3fa9d26b:10055
[ 1697709ms] [WARNING] WebSocket connection to 'ws://localhost:1420/api/events.host' failed: WebSocket is closed before the connection is established. @ http://localhost:1420/plugins/@deepseek-ai/dsh-client-connection/client.js?rev=bc3c3fa9d26b:10055
[ 1697709ms] [WARNING] [web-runtime] connection lost, retry #218 @ http://localhost:1420/plugins/@deepseek-ai/dsh-client-connection/client.js?rev=bc3c3fa9d26b:115
[ 1701670ms] [ERROR] WebSocket connection to 'ws://localhost:1420/' failed: Error in connection establishment: net::ERR_CONNECTION_REFUSED @ http://localhost:1420/@vite/client:1034
[ 1706260ms] [ERROR] WebSocket connection to 'ws://localhost:1420/' failed: Error in connection establishment: net::ERR_CONNECTION_REFUSED @ http://localhost:1420/@vite/client:1034
[ 1706857ms] [ERROR] Failed to load resource: net::ERR_CONNECTION_REFUSED @ http://localhost:1420/api/host.describe:0
[ 1706857ms] [WARNING] WebSocket connection to 'ws://localhost:1420/api/events.mux' failed: WebSocket is closed before the connection is established. @ http://localhost:1420/plugins/@deepseek-ai/dsh-client-connection/client.js?rev=bc3c3fa9d26b:10055
[ 1706857ms] [WARNING] WebSocket connection to 'ws://localhost:1420/api/events.host' failed: WebSocket is closed before the connection is established. @ http://localhost:1420/plugins/@deepseek-ai/dsh-client-connection/client.js?rev=bc3c3fa9d26b:10055
[ 1706857ms] [WARNING] [web-runtime] connection lost, retry #219 @ http://localhost:1420/plugins/@deepseek-ai/dsh-client-connection/client.js?rev=bc3c3fa9d26b:115
[ 1709329ms] [ERROR] WebSocket connection to 'ws://localhost:1420/' failed: Error in connection establishment: net::ERR_CONNECTION_REFUSED @ http://localhost:1420/@vite/client:1034
[ 1712908ms] [ERROR] WebSocket connection to 'ws://localhost:1420/' failed: Error in connection establishment: net::ERR_CONNECTION_REFUSED @ http://localhost:1420/@vite/client:1034
[ 1715210ms] [ERROR] WebSocket connection to 'ws://localhost:1420/' failed: Error in connection establishment: net::ERR_CONNECTION_REFUSED @ http://localhost:1420/@vite/client:1034
[ 1715639ms] [ERROR] Failed to load resource: net::ERR_CONNECTION_REFUSED @ http://localhost:1420/api/host.describe:0
[ 1715639ms] [WARNING] WebSocket connection to 'ws://localhost:1420/api/events.mux' failed: WebSocket is closed before the connection is established. @ http://localhost:1420/plugins/@deepseek-ai/dsh-client-connection/client.js?rev=bc3c3fa9d26b:10055
[ 1715639ms] [WARNING] WebSocket connection to 'ws://localhost:1420/api/events.host' failed: WebSocket is closed before the connection is established. @ http://localhost:1420/plugins/@deepseek-ai/dsh-client-connection/client.js?rev=bc3c3fa9d26b:10055
[ 1715639ms] [WARNING] [web-runtime] connection lost, retry #220 @ http://localhost:1420/plugins/@deepseek-ai/dsh-client-connection/client.js?rev=bc3c3fa9d26b:115
[ 1720612ms] [ERROR] WebSocket connection to 'ws://localhost:1420/' failed: Error in connection establishment: net::ERR_CONNECTION_REFUSED @ http://localhost:1420/@vite/client:1034
[ 1721975ms] [ERROR] Failed to load resource: net::ERR_CONNECTION_REFUSED @ http://localhost:1420/api/host.describe:0
[ 1721975ms] [WARNING] WebSocket connection to 'ws://localhost:1420/api/events.mux' failed: WebSocket is closed before the connection is established. @ http://localhost:1420/plugins/@deepseek-ai/dsh-client-connection/client.js?rev=bc3c3fa9d26b:10055
[ 1721975ms] [WARNING] WebSocket connection to 'ws://localhost:1420/api/events.host' failed: WebSocket is closed before the connection is established. @ http://localhost:1420/plugins/@deepseek-ai/dsh-client-connection/client.js?rev=bc3c3fa9d26b:10055
[ 1721975ms] [WARNING] [web-runtime] connection lost, retry #221 @ http://localhost:1420/plugins/@deepseek-ai/dsh-client-connection/client.js?rev=bc3c3fa9d26b:115
[ 1726319ms] [ERROR] WebSocket connection to 'ws://localhost:1420/' failed: Error in connection establishment: net::ERR_CONNECTION_REFUSED @ http://localhost:1420/@vite/client:1034
[ 1730042ms] [ERROR] Failed to load resource: net::ERR_CONNECTION_REFUSED @ http://localhost:1420/api/host.describe:0
[ 1730042ms] [WARNING] WebSocket connection to 'ws://localhost:1420/api/events.mux' failed: WebSocket is closed before the connection is established. @ http://localhost:1420/plugins/@deepseek-ai/dsh-client-connection/client.js?rev=bc3c3fa9d26b:10055
[ 1730042ms] [WARNING] WebSocket connection to 'ws://localhost:1420/api/events.host' failed: WebSocket is closed before the connection is established. @ http://localhost:1420/plugins/@deepseek-ai/dsh-client-connection/client.js?rev=bc3c3fa9d26b:10055
[ 1730042ms] [WARNING] [web-runtime] connection lost, retry #222 @ http://localhost:1420/plugins/@deepseek-ai/dsh-client-connection/client.js?rev=bc3c3fa9d26b:115
[ 1730212ms] [ERROR] WebSocket connection to 'ws://localhost:1420/' failed: Error in connection establishment: net::ERR_CONNECTION_REFUSED @ http://localhost:1420/@vite/client:1034
[ 1733553ms] [ERROR] WebSocket connection to 'ws://localhost:1420/' failed: Error in connection establishment: net::ERR_CONNECTION_REFUSED @ http://localhost:1420/@vite/client:1034
[ 1736772ms] [ERROR] Failed to load resource: net::ERR_CONNECTION_REFUSED @ http://localhost:1420/api/host.describe:0
[ 1736772ms] [WARNING] WebSocket connection to 'ws://localhost:1420/api/events.mux' failed: WebSocket is closed before the connection is established. @ http://localhost:1420/plugins/@deepseek-ai/dsh-client-connection/client.js?rev=bc3c3fa9d26b:10055
[ 1736772ms] [WARNING] WebSocket connection to 'ws://localhost:1420/api/events.host' failed: WebSocket is closed before the connection is established. @ http://localhost:1420/plugins/@deepseek-ai/dsh-client-connection/client.js?rev=bc3c3fa9d26b:10055
[ 1736772ms] [WARNING] [web-runtime] connection lost, retry #223 @ http://localhost:1420/plugins/@deepseek-ai/dsh-client-connection/client.js?rev=bc3c3fa9d26b:115
[ 1737815ms] [ERROR] WebSocket connection to 'ws://localhost:1420/' failed: Error in connection establishment: net::ERR_CONNECTION_REFUSED @ http://localhost:1420/@vite/client:1034
[ 1743598ms] [ERROR] WebSocket connection to 'ws://localhost:1420/' failed: Error in connection establishment: net::ERR_CONNECTION_REFUSED @ http://localhost:1420/@vite/client:1034
[ 1745976ms] [ERROR] Failed to load resource: net::ERR_CONNECTION_REFUSED @ http://localhost:1420/api/host.describe:0
[ 1745976ms] [WARNING] WebSocket connection to 'ws://localhost:1420/api/events.mux' failed: WebSocket is closed before the connection is established. @ http://localhost:1420/plugins/@deepseek-ai/dsh-client-connection/client.js?rev=bc3c3fa9d26b:10055
[ 1745976ms] [WARNING] WebSocket connection to 'ws://localhost:1420/api/events.host' failed: WebSocket is closed before the connection is established. @ http://localhost:1420/plugins/@deepseek-ai/dsh-client-connection/client.js?rev=bc3c3fa9d26b:10055
[ 1745977ms] [WARNING] [web-runtime] connection lost, retry #224 @ http://localhost:1420/plugins/@deepseek-ai/dsh-client-connection/client.js?rev=bc3c3fa9d26b:115
[ 1749317ms] [ERROR] WebSocket connection to 'ws://localhost:1420/' failed: Error in connection establishment: net::ERR_CONNECTION_REFUSED @ http://localhost:1420/@vite/client:1034
[ 1753532ms] [ERROR] WebSocket connection to 'ws://localhost:1420/' failed: Error in connection establishment: net::ERR_CONNECTION_REFUSED @ http://localhost:1420/@vite/client:1034
[ 1753665ms] [ERROR] Failed to load resource: net::ERR_CONNECTION_REFUSED @ http://localhost:1420/api/host.describe:0
[ 1753665ms] [WARNING] WebSocket connection to 'ws://localhost:1420/api/events.mux' failed: WebSocket is closed before the connection is established. @ http://localhost:1420/plugins/@deepseek-ai/dsh-client-connection/client.js?rev=bc3c3fa9d26b:10055
[ 1753665ms] [WARNING] WebSocket connection to 'ws://localhost:1420/api/events.host' failed: WebSocket is closed before the connection is established. @ http://localhost:1420/plugins/@deepseek-ai/dsh-client-connection/client.js?rev=bc3c3fa9d26b:10055
[ 1753665ms] [WARNING] [web-runtime] connection lost, retry #225 @ http://localhost:1420/plugins/@deepseek-ai/dsh-client-connection/client.js?rev=bc3c3fa9d26b:115
[ 1755890ms] [ERROR] WebSocket connection to 'ws://localhost:1420/' failed: Error in connection establishment: net::ERR_CONNECTION_REFUSED @ http://localhost:1420/@vite/client:1034
[ 1759455ms] [ERROR] WebSocket connection to 'ws://localhost:1420/' failed: Error in connection establishment: net::ERR_CONNECTION_REFUSED @ http://localhost:1420/@vite/client:1034
[ 1761123ms] [ERROR] Failed to load resource: net::ERR_CONNECTION_REFUSED @ http://localhost:1420/api/host.describe:0
[ 1761123ms] [WARNING] WebSocket connection to 'ws://localhost:1420/api/events.mux' failed: WebSocket is closed before the connection is established. @ http://localhost:1420/plugins/@deepseek-ai/dsh-client-connection/client.js?rev=bc3c3fa9d26b:10055
[ 1761123ms] [WARNING] WebSocket connection to 'ws://localhost:1420/api/events.host' failed: WebSocket is closed before the connection is established. @ http://localhost:1420/plugins/@deepseek-ai/dsh-client-connection/client.js?rev=bc3c3fa9d26b:10055
[ 1761123ms] [WARNING] [web-runtime] connection lost, retry #226 @ http://localhost:1420/plugins/@deepseek-ai/dsh-client-connection/client.js?rev=bc3c3fa9d26b:115
[ 1762342ms] [ERROR] WebSocket connection to 'ws://localhost:1420/' failed: Error in connection establishment: net::ERR_CONNECTION_REFUSED @ http://localhost:1420/@vite/client:1034
[ 1764398ms] [ERROR] WebSocket connection to 'ws://localhost:1420/' failed: Error in connection establishment: net::ERR_CONNECTION_REFUSED @ http://localhost:1420/@vite/client:1034
[ 1767920ms] [ERROR] WebSocket connection to 'ws://localhost:1420/' failed: Error in connection establishment: net::ERR_CONNECTION_REFUSED @ http://localhost:1420/@vite/client:1034
[ 1768386ms] [ERROR] Failed to load resource: net::ERR_CONNECTION_REFUSED @ http://localhost:1420/api/host.describe:0
[ 1768386ms] [WARNING] WebSocket connection to 'ws://localhost:1420/api/events.mux' failed: WebSocket is closed before the connection is established. @ http://localhost:1420/plugins/@deepseek-ai/dsh-client-connection/client.js?rev=bc3c3fa9d26b:10055
[ 1768386ms] [WARNING] WebSocket connection to 'ws://localhost:1420/api/events.host' failed: WebSocket is closed before the connection is established. @ http://localhost:1420/plugins/@deepseek-ai/dsh-client-connection/client.js?rev=bc3c3fa9d26b:10055
[ 1768387ms] [WARNING] [web-runtime] connection lost, retry #227 @ http://localhost:1420/plugins/@deepseek-ai/dsh-client-connection/client.js?rev=bc3c3fa9d26b:115
[ 1773850ms] [ERROR] WebSocket connection to 'ws://localhost:1420/' failed: Error in connection establishment: net::ERR_CONNECTION_REFUSED @ http://localhost:1420/@vite/client:1034
[ 1776245ms] [ERROR] Failed to load resource: net::ERR_CONNECTION_REFUSED @ http://localhost:1420/api/host.describe:0
[ 1776245ms] [WARNING] WebSocket connection to 'ws://localhost:1420/api/events.mux' failed: WebSocket is closed before the connection is established. @ http://localhost:1420/plugins/@deepseek-ai/dsh-client-connection/client.js?rev=bc3c3fa9d26b:10055
[ 1776245ms] [WARNING] WebSocket connection to 'ws://localhost:1420/api/events.host' failed: WebSocket is closed before the connection is established. @ http://localhost:1420/plugins/@deepseek-ai/dsh-client-connection/client.js?rev=bc3c3fa9d26b:10055
[ 1776245ms] [WARNING] [web-runtime] connection lost, retry #228 @ http://localhost:1420/plugins/@deepseek-ai/dsh-client-connection/client.js?rev=bc3c3fa9d26b:115
[ 1777724ms] [ERROR] WebSocket connection to 'ws://localhost:1420/' failed: Error in connection establishment: net::ERR_CONNECTION_REFUSED @ http://localhost:1420/@vite/client:1034
[ 1782645ms] [ERROR] WebSocket connection to 'ws://localhost:1420/' failed: Error in connection establishment: net::ERR_CONNECTION_REFUSED @ http://localhost:1420/@vite/client:1034
[ 1785337ms] [ERROR] Failed to load resource: net::ERR_CONNECTION_REFUSED @ http://localhost:1420/api/host.describe:0
[ 1785337ms] [WARNING] WebSocket connection to 'ws://localhost:1420/api/events.mux' failed: WebSocket is closed before the connection is established. @ http://localhost:1420/plugins/@deepseek-ai/dsh-client-connection/client.js?rev=bc3c3fa9d26b:10055
[ 1785337ms] [WARNING] WebSocket connection to 'ws://localhost:1420/api/events.host' failed: WebSocket is closed before the connection is established. @ http://localhost:1420/plugins/@deepseek-ai/dsh-client-connection/client.js?rev=bc3c3fa9d26b:10055
[ 1785338ms] [WARNING] [web-runtime] connection lost, retry #229 @ http://localhost:1420/plugins/@deepseek-ai/dsh-client-connection/client.js?rev=bc3c3fa9d26b:115
[ 1786990ms] [ERROR] WebSocket connection to 'ws://localhost:1420/' failed: Error in connection establishment: net::ERR_CONNECTION_REFUSED @ http://localhost:1420/@vite/client:1034
[ 1791887ms] [ERROR] WebSocket connection to 'ws://localhost:1420/' failed: Error in connection establishment: net::ERR_CONNECTION_REFUSED @ http://localhost:1420/@vite/client:1034
[ 1792193ms] [ERROR] Failed to load resource: net::ERR_CONNECTION_REFUSED @ http://localhost:1420/api/host.describe:0
[ 1792193ms] [WARNING] WebSocket connection to 'ws://localhost:1420/api/events.mux' failed: WebSocket is closed before the connection is established. @ http://localhost:1420/plugins/@deepseek-ai/dsh-client-connection/client.js?rev=bc3c3fa9d26b:10055
[ 1792193ms] [WARNING] WebSocket connection to 'ws://localhost:1420/api/events.host' failed: WebSocket is closed before the connection is established. @ http://localhost:1420/plugins/@deepseek-ai/dsh-client-connection/client.js?rev=bc3c3fa9d26b:10055
[ 1792193ms] [WARNING] [web-runtime] connection lost, retry #230 @ http://localhost:1420/plugins/@deepseek-ai/dsh-client-connection/client.js?rev=bc3c3fa9d26b:115
[ 1796307ms] [ERROR] WebSocket connection to 'ws://localhost:1420/' failed: Error in connection establishment: net::ERR_CONNECTION_REFUSED @ http://localhost:1420/@vite/client:1034
[ 1799905ms] [ERROR] WebSocket connection to 'ws://localhost:1420/' failed: Error in connection establishment: net::ERR_CONNECTION_REFUSED @ http://localhost:1420/@vite/client:1034
[ 1800371ms] [ERROR] Failed to load resource: net::ERR_CONNECTION_REFUSED @ http://localhost:1420/api/host.describe:0
[ 1800371ms] [WARNING] WebSocket connection to 'ws://localhost:1420/api/events.mux' failed: WebSocket is closed before the connection is established. @ http://localhost:1420/plugins/@deepseek-ai/dsh-client-connection/client.js?rev=bc3c3fa9d26b:10055
[ 1800371ms] [WARNING] WebSocket connection to 'ws://localhost:1420/api/events.host' failed: WebSocket is closed before the connection is established. @ http://localhost:1420/plugins/@deepseek-ai/dsh-client-connection/client.js?rev=bc3c3fa9d26b:10055
[ 1800371ms] [WARNING] [web-runtime] connection lost, retry #231 @ http://localhost:1420/plugins/@deepseek-ai/dsh-client-connection/client.js?rev=bc3c3fa9d26b:115
[ 1803791ms] [ERROR] WebSocket connection to 'ws://localhost:1420/' failed: Error in connection establishment: net::ERR_CONNECTION_REFUSED @ http://localhost:1420/@vite/client:1034
[ 1806384ms] [ERROR] Failed to load resource: net::ERR_CONNECTION_REFUSED @ http://localhost:1420/api/host.describe:0
[ 1806384ms] [WARNING] WebSocket connection to 'ws://localhost:1420/api/events.mux' failed: WebSocket is closed before the connection is established. @ http://localhost:1420/plugins/@deepseek-ai/dsh-client-connection/client.js?rev=bc3c3fa9d26b:10055
[ 1806384ms] [WARNING] WebSocket connection to 'ws://localhost:1420/api/events.host' failed: WebSocket is closed before the connection is established. @ http://localhost:1420/plugins/@deepseek-ai/dsh-client-connection/client.js?rev=bc3c3fa9d26b:10055
[ 1806384ms] [WARNING] [web-runtime] connection lost, retry #232 @ http://localhost:1420/plugins/@deepseek-ai/dsh-client-connection/client.js?rev=bc3c3fa9d26b:115
[ 1808691ms] [ERROR] WebSocket connection to 'ws://localhost:1420/' failed: Error in connection establishment: net::ERR_CONNECTION_REFUSED @ http://localhost:1420/@vite/client:1034
[ 1813858ms] [ERROR] WebSocket connection to 'ws://localhost:1420/' failed: Error in connection establishment: net::ERR_CONNECTION_REFUSED @ http://localhost:1420/@vite/client:1034
[ 1815516ms] [ERROR] Failed to load resource: net::ERR_CONNECTION_REFUSED @ http://localhost:1420/api/host.describe:0
[ 1815516ms] [WARNING] WebSocket connection to 'ws://localhost:1420/api/events.mux' failed: WebSocket is closed before the connection is established. @ http://localhost:1420/plugins/@deepseek-ai/dsh-client-connection/client.js?rev=bc3c3fa9d26b:10055
[ 1815516ms] [WARNING] WebSocket connection to 'ws://localhost:1420/api/events.host' failed: WebSocket is closed before the connection is established. @ http://localhost:1420/plugins/@deepseek-ai/dsh-client-connection/client.js?rev=bc3c3fa9d26b:10055
[ 1815516ms] [WARNING] [web-runtime] connection lost, retry #233 @ http://localhost:1420/plugins/@deepseek-ai/dsh-client-connection/client.js?rev=bc3c3fa9d26b:115
[ 1818527ms] [ERROR] WebSocket connection to 'ws://localhost:1420/' failed: Error in connection establishment: net::ERR_CONNECTION_REFUSED @ http://localhost:1420/@vite/client:1034
[ 1822342ms] [ERROR] WebSocket connection to 'ws://localhost:1420/' failed: Error in connection establishment: net::ERR_CONNECTION_REFUSED @ http://localhost:1420/@vite/client:1034
[ 1824344ms] [ERROR] Failed to load resource: net::ERR_CONNECTION_REFUSED @ http://localhost:1420/api/host.describe:0
[ 1824344ms] [WARNING] WebSocket connection to 'ws://localhost:1420/api/events.mux' failed: WebSocket is closed before the connection is established. @ http://localhost:1420/plugins/@deepseek-ai/dsh-client-connection/client.js?rev=bc3c3fa9d26b:10055
[ 1824344ms] [WARNING] WebSocket connection to 'ws://localhost:1420/api/events.host' failed: WebSocket is closed before the connection is established. @ http://localhost:1420/plugins/@deepseek-ai/dsh-client-connection/client.js?rev=bc3c3fa9d26b:10055
[ 1824345ms] [WARNING] [web-runtime] connection lost, retry #234 @ http://localhost:1420/plugins/@deepseek-ai/dsh-client-connection/client.js?rev=bc3c3fa9d26b:115
[ 1825816ms] [ERROR] WebSocket connection to 'ws://localhost:1420/' failed: Error in connection establishment: net::ERR_CONNECTION_REFUSED @ http://localhost:1420/@vite/client:1034
[ 1828666ms] [ERROR] WebSocket connection to 'ws://localhost:1420/' failed: Error in connection establishment: net::ERR_CONNECTION_REFUSED @ http://localhost:1420/@vite/client:1034
[ 1830143ms] [ERROR] Failed to load resource: net::ERR_CONNECTION_REFUSED @ http://localhost:1420/api/host.describe:0
[ 1830143ms] [WARNING] WebSocket connection to 'ws://localhost:1420/api/events.mux' failed: WebSocket is closed before the connection is established. @ http://localhost:1420/plugins/@deepseek-ai/dsh-client-connection/client.js?rev=bc3c3fa9d26b:10055
[ 1830143ms] [WARNING] WebSocket connection to 'ws://localhost:1420/api/events.host' failed: WebSocket is closed before the connection is established. @ http://localhost:1420/plugins/@deepseek-ai/dsh-client-connection/client.js?rev=bc3c3fa9d26b:10055
[ 1830143ms] [WARNING] [web-runtime] connection lost, retry #235 @ http://localhost:1420/plugins/@deepseek-ai/dsh-client-connection/client.js?rev=bc3c3fa9d26b:115
[ 1832331ms] [ERROR] WebSocket connection to 'ws://localhost:1420/' failed: Error in connection establishment: net::ERR_CONNECTION_REFUSED @ http://localhost:1420/@vite/client:1034
[ 1836650ms] [ERROR] WebSocket connection to 'ws://localhost:1420/' failed: Error in connection establishment: net::ERR_CONNECTION_REFUSED @ http://localhost:1420/@vite/client:1034
[ 1839925ms] [ERROR] Failed to load resource: net::ERR_CONNECTION_REFUSED @ http://localhost:1420/api/host.describe:0
[ 1839925ms] [WARNING] WebSocket connection to 'ws://localhost:1420/api/events.mux' failed: WebSocket is closed before the connection is established. @ http://localhost:1420/plugins/@deepseek-ai/dsh-client-connection/client.js?rev=bc3c3fa9d26b:10055
[ 1839925ms] [WARNING] WebSocket connection to 'ws://localhost:1420/api/events.host' failed: WebSocket is closed before the connection is established. @ http://localhost:1420/plugins/@deepseek-ai/dsh-client-connection/client.js?rev=bc3c3fa9d26b:10055
[ 1839925ms] [WARNING] [web-runtime] connection lost, retry #236 @ http://localhost:1420/plugins/@deepseek-ai/dsh-client-connection/client.js?rev=bc3c3fa9d26b:115
[ 1842619ms] [ERROR] WebSocket connection to 'ws://localhost:1420/' failed: Error in connection establishment: net::ERR_CONNECTION_REFUSED @ http://localhost:1420/@vite/client:1034
[ 1844853ms] [ERROR] WebSocket connection to 'ws://localhost:1420/' failed: Error in connection establishment: net::ERR_CONNECTION_REFUSED @ http://localhost:1420/@vite/client:1034
[ 1846931ms] [ERROR] WebSocket connection to 'ws://localhost:1420/' failed: Error in connection establishment: net::ERR_CONNECTION_REFUSED @ http://localhost:1420/@vite/client:1034
[ 1849266ms] [ERROR] Failed to load resource: net::ERR_CONNECTION_REFUSED @ http://localhost:1420/api/host.describe:0
[ 1849266ms] [WARNING] WebSocket connection to 'ws://localhost:1420/api/events.mux' failed: WebSocket is closed before the connection is established. @ http://localhost:1420/plugins/@deepseek-ai/dsh-client-connection/client.js?rev=bc3c3fa9d26b:10055
[ 1849266ms] [WARNING] WebSocket connection to 'ws://localhost:1420/api/events.host' failed: WebSocket is closed before the connection is established. @ http://localhost:1420/plugins/@deepseek-ai/dsh-client-connection/client.js?rev=bc3c3fa9d26b:10055
[ 1849266ms] [WARNING] [web-runtime] connection lost, retry #237 @ http://localhost:1420/plugins/@deepseek-ai/dsh-client-connection/client.js?rev=bc3c3fa9d26b:115
[ 1849471ms] [ERROR] WebSocket connection to 'ws://localhost:1420/' failed: Error in connection establishment: net::ERR_CONNECTION_REFUSED @ http://localhost:1420/@vite/client:1034
[ 1854559ms] [ERROR] Failed to load resource: net::ERR_CONNECTION_REFUSED @ http://localhost:1420/api/host.describe:0
[ 1854559ms] [WARNING] WebSocket connection to 'ws://localhost:1420/api/events.mux' failed: WebSocket is closed before the connection is established. @ http://localhost:1420/plugins/@deepseek-ai/dsh-client-connection/client.js?rev=bc3c3fa9d26b:10055
[ 1854559ms] [WARNING] WebSocket connection to 'ws://localhost:1420/api/events.host' failed: WebSocket is closed before the connection is established. @ http://localhost:1420/plugins/@deepseek-ai/dsh-client-connection/client.js?rev=bc3c3fa9d26b:10055
[ 1854560ms] [WARNING] [web-runtime] connection lost, retry #238 @ http://localhost:1420/plugins/@deepseek-ai/dsh-client-connection/client.js?rev=bc3c3fa9d26b:115
[ 1854895ms] [ERROR] WebSocket connection to 'ws://localhost:1420/' failed: Error in connection establishment: net::ERR_CONNECTION_REFUSED @ http://localhost:1420/@vite/client:1034
[ 1859436ms] [ERROR] WebSocket connection to 'ws://localhost:1420/' failed: Error in connection establishment: net::ERR_CONNECTION_REFUSED @ http://localhost:1420/@vite/client:1034
[ 1863079ms] [ERROR] Failed to load resource: net::ERR_CONNECTION_REFUSED @ http://localhost:1420/api/host.describe:0
[ 1863079ms] [WARNING] WebSocket connection to 'ws://localhost:1420/api/events.mux' failed: WebSocket is closed before the connection is established. @ http://localhost:1420/plugins/@deepseek-ai/dsh-client-connection/client.js?rev=bc3c3fa9d26b:10055
[ 1863079ms] [WARNING] WebSocket connection to 'ws://localhost:1420/api/events.host' failed: WebSocket is closed before the connection is established. @ http://localhost:1420/plugins/@deepseek-ai/dsh-client-connection/client.js?rev=bc3c3fa9d26b:10055
[ 1863079ms] [WARNING] [web-runtime] connection lost, retry #239 @ http://localhost:1420/plugins/@deepseek-ai/dsh-client-connection/client.js?rev=bc3c3fa9d26b:115
[ 1863986ms] [ERROR] WebSocket connection to 'ws://localhost:1420/' failed: Error in connection establishment: net::ERR_CONNECTION_REFUSED @ http://localhost:1420/@vite/client:1034
[ 1868970ms] [ERROR] Failed to load resource: net::ERR_CONNECTION_REFUSED @ http://localhost:1420/api/host.describe:0
[ 1868970ms] [WARNING] WebSocket connection to 'ws://localhost:1420/api/events.mux' failed: WebSocket is closed before the connection is established. @ http://localhost:1420/plugins/@deepseek-ai/dsh-client-connection/client.js?rev=bc3c3fa9d26b:10055
[ 1868970ms] [WARNING] WebSocket connection to 'ws://localhost:1420/api/events.host' failed: WebSocket is closed before the connection is established. @ http://localhost:1420/plugins/@deepseek-ai/dsh-client-connection/client.js?rev=bc3c3fa9d26b:10055
[ 1868970ms] [WARNING] [web-runtime] connection lost, retry #240 @ http://localhost:1420/plugins/@deepseek-ai/dsh-client-connection/client.js?rev=bc3c3fa9d26b:115
[ 1869477ms] [ERROR] WebSocket connection to 'ws://localhost:1420/' failed: Error in connection establishment: net::ERR_CONNECTION_REFUSED @ http://localhost:1420/@vite/client:1034
[ 1874355ms] [ERROR] WebSocket connection to 'ws://localhost:1420/' failed: Error in connection establishment: net::ERR_CONNECTION_REFUSED @ http://localhost:1420/@vite/client:1034
[ 1877238ms] [ERROR] Failed to load resource: net::ERR_CONNECTION_REFUSED @ http://localhost:1420/api/host.describe:0
[ 1877238ms] [WARNING] WebSocket connection to 'ws://localhost:1420/api/events.mux' failed: WebSocket is closed before the connection is established. @ http://localhost:1420/plugins/@deepseek-ai/dsh-client-connection/client.js?rev=bc3c3fa9d26b:10055
[ 1877238ms] [WARNING] WebSocket connection to 'ws://localhost:1420/api/events.host' failed: WebSocket is closed before the connection is established. @ http://localhost:1420/plugins/@deepseek-ai/dsh-client-connection/client.js?rev=bc3c3fa9d26b:10055
[ 1877238ms] [WARNING] [web-runtime] connection lost, retry #241 @ http://localhost:1420/plugins/@deepseek-ai/dsh-client-connection/client.js?rev=bc3c3fa9d26b:115
[ 1878021ms] [ERROR] WebSocket connection to 'ws://localhost:1420/' failed: Error in connection establishment: net::ERR_CONNECTION_REFUSED @ http://localhost:1420/@vite/client:1034
[ 1881680ms] [ERROR] WebSocket connection to 'ws://localhost:1420/' failed: Error in connection establishment: net::ERR_CONNECTION_REFUSED @ http://localhost:1420/@vite/client:1034
[ 1884129ms] [ERROR] Failed to load resource: net::ERR_CONNECTION_REFUSED @ http://localhost:1420/api/host.describe:0
[ 1884129ms] [WARNING] WebSocket connection to 'ws://localhost:1420/api/events.mux' failed: WebSocket is closed before the connection is established. @ http://localhost:1420/plugins/@deepseek-ai/dsh-client-connection/client.js?rev=bc3c3fa9d26b:10055
[ 1884129ms] [WARNING] WebSocket connection to 'ws://localhost:1420/api/events.host' failed: WebSocket is closed before the connection is established. @ http://localhost:1420/plugins/@deepseek-ai/dsh-client-connection/client.js?rev=bc3c3fa9d26b:10055
[ 1884129ms] [WARNING] [web-runtime] connection lost, retry #242 @ http://localhost:1420/plugins/@deepseek-ai/dsh-client-connection/client.js?rev=bc3c3fa9d26b:115
[ 1886027ms] [ERROR] WebSocket connection to 'ws://localhost:1420/' failed: Error in connection establishment: net::ERR_CONNECTION_REFUSED @ http://localhost:1420/@vite/client:1034
[ 1889848ms] [ERROR] WebSocket connection to 'ws://localhost:1420/' failed: Error in connection establishment: net::ERR_CONNECTION_REFUSED @ http://localhost:1420/@vite/client:1034
[ 1892673ms] [ERROR] Failed to load resource: net::ERR_CONNECTION_REFUSED @ http://localhost:1420/api/host.describe:0
[ 1892673ms] [WARNING] WebSocket connection to 'ws://localhost:1420/api/events.mux' failed: WebSocket is closed before the connection is established. @ http://localhost:1420/plugins/@deepseek-ai/dsh-client-connection/client.js?rev=bc3c3fa9d26b:10055
[ 1892674ms] [WARNING] WebSocket connection to 'ws://localhost:1420/api/events.host' failed: WebSocket is closed before the connection is established. @ http://localhost:1420/plugins/@deepseek-ai/dsh-client-connection/client.js?rev=bc3c3fa9d26b:10055
[ 1892674ms] [WARNING] [web-runtime] connection lost, retry #243 @ http://localhost:1420/plugins/@deepseek-ai/dsh-client-connection/client.js?rev=bc3c3fa9d26b:115
[ 1895027ms] [ERROR] WebSocket connection to 'ws://localhost:1420/' failed: Error in connection establishment: net::ERR_CONNECTION_REFUSED @ http://localhost:1420/@vite/client:1034
[ 1897114ms] [ERROR] WebSocket connection to 'ws://localhost:1420/' failed: Error in connection establishment: net::ERR_CONNECTION_REFUSED @ http://localhost:1420/@vite/client:1034
[ 1900114ms] [ERROR] WebSocket connection to 'ws://localhost:1420/' failed: Error in connection establishment: net::ERR_CONNECTION_REFUSED @ http://localhost:1420/@vite/client:1034
[ 1900168ms] [ERROR] Failed to load resource: net::ERR_CONNECTION_REFUSED @ http://localhost:1420/api/host.describe:0
[ 1900168ms] [WARNING] WebSocket connection to 'ws://localhost:1420/api/events.mux' failed: WebSocket is closed before the connection is established. @ http://localhost:1420/plugins/@deepseek-ai/dsh-client-connection/client.js?rev=bc3c3fa9d26b:10055
[ 1900168ms] [WARNING] WebSocket connection to 'ws://localhost:1420/api/events.host' failed: WebSocket is closed before the connection is established. @ http://localhost:1420/plugins/@deepseek-ai/dsh-client-connection/client.js?rev=bc3c3fa9d26b:10055
[ 1900168ms] [WARNING] [web-runtime] connection lost, retry #244 @ http://localhost:1420/plugins/@deepseek-ai/dsh-client-connection/client.js?rev=bc3c3fa9d26b:115
[ 1903504ms] [ERROR] WebSocket connection to 'ws://localhost:1420/' failed: Error in connection establishment: net::ERR_CONNECTION_REFUSED @ http://localhost:1420/@vite/client:1034
[ 1905467ms] [ERROR] Failed to load resource: net::ERR_CONNECTION_REFUSED @ http://localhost:1420/api/host.describe:0
[ 1905467ms] [WARNING] WebSocket connection to 'ws://localhost:1420/api/events.mux' failed: WebSocket is closed before the connection is established. @ http://localhost:1420/plugins/@deepseek-ai/dsh-client-connection/client.js?rev=bc3c3fa9d26b:10055
[ 1905467ms] [WARNING] WebSocket connection to 'ws://localhost:1420/api/events.host' failed: WebSocket is closed before the connection is established. @ http://localhost:1420/plugins/@deepseek-ai/dsh-client-connection/client.js?rev=bc3c3fa9d26b:10055
[ 1905467ms] [WARNING] [web-runtime] connection lost, retry #245 @ http://localhost:1420/plugins/@deepseek-ai/dsh-client-connection/client.js?rev=bc3c3fa9d26b:115
[ 1909493ms] [ERROR] WebSocket connection to 'ws://localhost:1420/' failed: Error in connection establishment: net::ERR_CONNECTION_REFUSED @ http://localhost:1420/@vite/client:1034
[ 1914832ms] [ERROR] WebSocket connection to 'ws://localhost:1420/' failed: Error in connection establishment: net::ERR_CONNECTION_REFUSED @ http://localhost:1420/@vite/client:1034
[ 1915395ms] [ERROR] Failed to load resource: net::ERR_CONNECTION_REFUSED @ http://localhost:1420/api/host.describe:0
[ 1915395ms] [WARNING] WebSocket connection to 'ws://localhost:1420/api/events.mux' failed: WebSocket is closed before the connection is established. @ http://localhost:1420/plugins/@deepseek-ai/dsh-client-connection/client.js?rev=bc3c3fa9d26b:10055
[ 1915396ms] [WARNING] WebSocket connection to 'ws://localhost:1420/api/events.host' failed: WebSocket is closed before the connection is established. @ http://localhost:1420/plugins/@deepseek-ai/dsh-client-connection/client.js?rev=bc3c3fa9d26b:10055
[ 1915396ms] [WARNING] [web-runtime] connection lost, retry #246 @ http://localhost:1420/plugins/@deepseek-ai/dsh-client-connection/client.js?rev=bc3c3fa9d26b:115
[ 1918451ms] [ERROR] WebSocket connection to 'ws://localhost:1420/' failed: Error in connection establishment: net::ERR_CONNECTION_REFUSED @ http://localhost:1420/@vite/client:1034
[ 1922392ms] [ERROR] Failed to load resource: net::ERR_CONNECTION_REFUSED @ http://localhost:1420/api/host.describe:0
[ 1922392ms] [WARNING] WebSocket connection to 'ws://localhost:1420/api/events.mux' failed: WebSocket is closed before the connection is established. @ http://localhost:1420/plugins/@deepseek-ai/dsh-client-connection/client.js?rev=bc3c3fa9d26b:10055
[ 1922392ms] [WARNING] WebSocket connection to 'ws://localhost:1420/api/events.host' failed: WebSocket is closed before the connection is established. @ http://localhost:1420/plugins/@deepseek-ai/dsh-client-connection/client.js?rev=bc3c3fa9d26b:10055
[ 1922392ms] [WARNING] [web-runtime] connection lost, retry #247 @ http://localhost:1420/plugins/@deepseek-ai/dsh-client-connection/client.js?rev=bc3c3fa9d26b:115
[ 1922994ms] [ERROR] WebSocket connection to 'ws://localhost:1420/' failed: Error in connection establishment: net::ERR_CONNECTION_REFUSED @ http://localhost:1420/@vite/client:1034
[ 1926778ms] [ERROR] WebSocket connection to 'ws://localhost:1420/' failed: Error in connection establishment: net::ERR_CONNECTION_REFUSED @ http://localhost:1420/@vite/client:1034
[ 1930524ms] [ERROR] Failed to load resource: net::ERR_CONNECTION_REFUSED @ http://localhost:1420/api/host.describe:0
[ 1930524ms] [WARNING] WebSocket connection to 'ws://localhost:1420/api/events.mux' failed: WebSocket is closed before the connection is established. @ http://localhost:1420/plugins/@deepseek-ai/dsh-client-connection/client.js?rev=bc3c3fa9d26b:10055
[ 1930524ms] [WARNING] WebSocket connection to 'ws://localhost:1420/api/events.host' failed: WebSocket is closed before the connection is established. @ http://localhost:1420/plugins/@deepseek-ai/dsh-client-connection/client.js?rev=bc3c3fa9d26b:10055
[ 1930524ms] [WARNING] [web-runtime] connection lost, retry #248 @ http://localhost:1420/plugins/@deepseek-ai/dsh-client-connection/client.js?rev=bc3c3fa9d26b:115
[ 1931285ms] [ERROR] WebSocket connection to 'ws://localhost:1420/' failed: Error in connection establishment: net::ERR_CONNECTION_REFUSED @ http://localhost:1420/@vite/client:1034
[ 1936406ms] [ERROR] WebSocket connection to 'ws://localhost:1420/' failed: Error in connection establishment: net::ERR_CONNECTION_REFUSED @ http://localhost:1420/@vite/client:1034
[ 1938801ms] [ERROR] Failed to load resource: net::ERR_CONNECTION_REFUSED @ http://localhost:1420/api/host.describe:0
[ 1938801ms] [WARNING] WebSocket connection to 'ws://localhost:1420/api/events.mux' failed: WebSocket is closed before the connection is established. @ http://localhost:1420/plugins/@deepseek-ai/dsh-client-connection/client.js?rev=bc3c3fa9d26b:10055
[ 1938801ms] [WARNING] WebSocket connection to 'ws://localhost:1420/api/events.host' failed: WebSocket is closed before the connection is established. @ http://localhost:1420/plugins/@deepseek-ai/dsh-client-connection/client.js?rev=bc3c3fa9d26b:10055
[ 1938801ms] [WARNING] [web-runtime] connection lost, retry #249 @ http://localhost:1420/plugins/@deepseek-ai/dsh-client-connection/client.js?rev=bc3c3fa9d26b:115
[ 1939831ms] [ERROR] WebSocket connection to 'ws://localhost:1420/' failed: Error in connection establishment: net::ERR_CONNECTION_REFUSED @ http://localhost:1420/@vite/client:1034
[ 1944939ms] [ERROR] WebSocket connection to 'ws://localhost:1420/' failed: Error in connection establishment: net::ERR_CONNECTION_REFUSED @ http://localhost:1420/@vite/client:1034
[ 1946279ms] [ERROR] Failed to load resource: net::ERR_CONNECTION_REFUSED @ http://localhost:1420/api/host.describe:0
[ 1946279ms] [WARNING] WebSocket connection to 'ws://localhost:1420/api/events.mux' failed: WebSocket is closed before the connection is established. @ http://localhost:1420/plugins/@deepseek-ai/dsh-client-connection/client.js?rev=bc3c3fa9d26b:10055
[ 1946279ms] [WARNING] WebSocket connection to 'ws://localhost:1420/api/events.host' failed: WebSocket is closed before the connection is established. @ http://localhost:1420/plugins/@deepseek-ai/dsh-client-connection/client.js?rev=bc3c3fa9d26b:10055
[ 1946279ms] [WARNING] [web-runtime] connection lost, retry #250 @ http://localhost:1420/plugins/@deepseek-ai/dsh-client-connection/client.js?rev=bc3c3fa9d26b:115
[ 1947994ms] [ERROR] WebSocket connection to 'ws://localhost:1420/' failed: Error in connection establishment: net::ERR_CONNECTION_REFUSED @ http://localhost:1420/@vite/client:1034
[ 1952523ms] [ERROR] WebSocket connection to 'ws://localhost:1420/' failed: Error in connection establishment: net::ERR_CONNECTION_REFUSED @ http://localhost:1420/@vite/client:1034
[ 1954001ms] [ERROR] Failed to load resource: net::ERR_CONNECTION_REFUSED @ http://localhost:1420/api/host.describe:0
[ 1954001ms] [WARNING] WebSocket connection to 'ws://localhost:1420/api/events.mux' failed: WebSocket is closed before the connection is established. @ http://localhost:1420/plugins/@deepseek-ai/dsh-client-connection/client.js?rev=bc3c3fa9d26b:10055
[ 1954001ms] [WARNING] WebSocket connection to 'ws://localhost:1420/api/events.host' failed: WebSocket is closed before the connection is established. @ http://localhost:1420/plugins/@deepseek-ai/dsh-client-connection/client.js?rev=bc3c3fa9d26b:10055
[ 1954001ms] [WARNING] [web-runtime] connection lost, retry #251 @ http://localhost:1420/plugins/@deepseek-ai/dsh-client-connection/client.js?rev=bc3c3fa9d26b:115
[ 1956164ms] [ERROR] WebSocket connection to 'ws://localhost:1420/' failed: Error in connection establishment: net::ERR_CONNECTION_REFUSED @ http://localhost:1420/@vite/client:1034
[ 1959148ms] [ERROR] WebSocket connection to 'ws://localhost:1420/' failed: Error in connection establishment: net::ERR_CONNECTION_REFUSED @ http://localhost:1420/@vite/client:1034
[ 1961769ms] [ERROR] WebSocket connection to 'ws://localhost:1420/' failed: Error in connection establishment: net::ERR_CONNECTION_REFUSED @ http://localhost:1420/@vite/client:1034
[ 1962235ms] [ERROR] Failed to load resource: net::ERR_CONNECTION_REFUSED @ http://localhost:1420/api/host.describe:0
[ 1962235ms] [WARNING] WebSocket connection to 'ws://localhost:1420/api/events.mux' failed: WebSocket is closed before the connection is established. @ http://localhost:1420/plugins/@deepseek-ai/dsh-client-connection/client.js?rev=bc3c3fa9d26b:10055
[ 1962235ms] [WARNING] WebSocket connection to 'ws://localhost:1420/api/events.host' failed: WebSocket is closed before the connection is established. @ http://localhost:1420/plugins/@deepseek-ai/dsh-client-connection/client.js?rev=bc3c3fa9d26b:10055
[ 1962235ms] [WARNING] [web-runtime] connection lost, retry #252 @ http://localhost:1420/plugins/@deepseek-ai/dsh-client-connection/client.js?rev=bc3c3fa9d26b:115
[ 1967741ms] [ERROR] WebSocket connection to 'ws://localhost:1420/' failed: Error in connection establishment: net::ERR_CONNECTION_REFUSED @ http://localhost:1420/@vite/client:1034
[ 1970036ms] [ERROR] WebSocket connection to 'ws://localhost:1420/' failed: Error in connection establishment: net::ERR_CONNECTION_REFUSED @ http://localhost:1420/@vite/client:1034
[ 1970140ms] [ERROR] Failed to load resource: net::ERR_CONNECTION_REFUSED @ http://localhost:1420/api/host.describe:0
[ 1970140ms] [WARNING] WebSocket connection to 'ws://localhost:1420/api/events.mux' failed: WebSocket is closed before the connection is established. @ http://localhost:1420/plugins/@deepseek-ai/dsh-client-connection/client.js?rev=bc3c3fa9d26b:10055
[ 1970140ms] [WARNING] WebSocket connection to 'ws://localhost:1420/api/events.host' failed: WebSocket is closed before the connection is established. @ http://localhost:1420/plugins/@deepseek-ai/dsh-client-connection/client.js?rev=bc3c3fa9d26b:10055
[ 1970140ms] [WARNING] [web-runtime] connection lost, retry #253 @ http://localhost:1420/plugins/@deepseek-ai/dsh-client-connection/client.js?rev=bc3c3fa9d26b:115
[ 1974666ms] [ERROR] WebSocket connection to 'ws://localhost:1420/' failed: Error in connection establishment: net::ERR_CONNECTION_REFUSED @ http://localhost:1420/@vite/client:1034
[ 1976099ms] [ERROR] Failed to load resource: net::ERR_CONNECTION_REFUSED @ http://localhost:1420/api/host.describe:0
[ 1976099ms] [WARNING] WebSocket connection to 'ws://localhost:1420/api/events.mux' failed: WebSocket is closed before the connection is established. @ http://localhost:1420/plugins/@deepseek-ai/dsh-client-connection/client.js?rev=bc3c3fa9d26b:10055
[ 1976099ms] [WARNING] WebSocket connection to 'ws://localhost:1420/api/events.host' failed: WebSocket is closed before the connection is established. @ http://localhost:1420/plugins/@deepseek-ai/dsh-client-connection/client.js?rev=bc3c3fa9d26b:10055
[ 1976099ms] [WARNING] [web-runtime] connection lost, retry #254 @ http://localhost:1420/plugins/@deepseek-ai/dsh-client-connection/client.js?rev=bc3c3fa9d26b:115
[ 1978861ms] [ERROR] WebSocket connection to 'ws://localhost:1420/' failed: Error in connection establishment: net::ERR_CONNECTION_REFUSED @ http://localhost:1420/@vite/client:1034
[ 1981375ms] [ERROR] Failed to load resource: net::ERR_CONNECTION_REFUSED @ http://localhost:1420/api/host.describe:0
[ 1981375ms] [WARNING] WebSocket connection to 'ws://localhost:1420/api/events.mux' failed: WebSocket is closed before the connection is established. @ http://localhost:1420/plugins/@deepseek-ai/dsh-client-connection/client.js?rev=bc3c3fa9d26b:10055
[ 1981375ms] [WARNING] WebSocket connection to 'ws://localhost:1420/api/events.host' failed: WebSocket is closed before the connection is established. @ http://localhost:1420/plugins/@deepseek-ai/dsh-client-connection/client.js?rev=bc3c3fa9d26b:10055
[ 1981375ms] [WARNING] [web-runtime] connection lost, retry #255 @ http://localhost:1420/plugins/@deepseek-ai/dsh-client-connection/client.js?rev=bc3c3fa9d26b:115
[ 1983493ms] [ERROR] WebSocket connection to 'ws://localhost:1420/' failed: Error in connection establishment: net::ERR_CONNECTION_REFUSED @ http://localhost:1420/@vite/client:1034
[ 1986831ms] [ERROR] Failed to load resource: net::ERR_CONNECTION_REFUSED @ http://localhost:1420/api/host.describe:0
[ 1986831ms] [WARNING] WebSocket connection to 'ws://localhost:1420/api/events.mux' failed: WebSocket is closed before the connection is established. @ http://localhost:1420/plugins/@deepseek-ai/dsh-client-connection/client.js?rev=bc3c3fa9d26b:10055
[ 1986831ms] [WARNING] WebSocket connection to 'ws://localhost:1420/api/events.host' failed: WebSocket is closed before the connection is established. @ http://localhost:1420/plugins/@deepseek-ai/dsh-client-connection/client.js?rev=bc3c3fa9d26b:10055
[ 1986831ms] [WARNING] [web-runtime] connection lost, retry #256 @ http://localhost:1420/plugins/@deepseek-ai/dsh-client-connection/client.js?rev=bc3c3fa9d26b:115
[ 1987597ms] [ERROR] WebSocket connection to 'ws://localhost:1420/' failed: Error in connection establishment: net::ERR_CONNECTION_REFUSED @ http://localhost:1420/@vite/client:1034
[ 1989711ms] [ERROR] WebSocket connection to 'ws://localhost:1420/' failed: Error in connection establishment: net::ERR_CONNECTION_REFUSED @ http://localhost:1420/@vite/client:1034
[ 1995055ms] [ERROR] Failed to load resource: net::ERR_CONNECTION_REFUSED @ http://localhost:1420/api/host.describe:0
[ 1995055ms] [WARNING] WebSocket connection to 'ws://localhost:1420/api/events.mux' failed: WebSocket is closed before the connection is established. @ http://localhost:1420/plugins/@deepseek-ai/dsh-client-connection/client.js?rev=bc3c3fa9d26b:10055
[ 1995055ms] [WARNING] WebSocket connection to 'ws://localhost:1420/api/events.host' failed: WebSocket is closed before the connection is established. @ http://localhost:1420/plugins/@deepseek-ai/dsh-client-connection/client.js?rev=bc3c3fa9d26b:10055
[ 1995055ms] [WARNING] [web-runtime] connection lost, retry #257 @ http://localhost:1420/plugins/@deepseek-ai/dsh-client-connection/client.js?rev=bc3c3fa9d26b:115
[ 1995309ms] [ERROR] WebSocket connection to 'ws://localhost:1420/' failed: Error in connection establishment: net::ERR_CONNECTION_REFUSED @ http://localhost:1420/@vite/client:1034
[ 1999636ms] [ERROR] WebSocket connection to 'ws://localhost:1420/' failed: Error in connection establishment: net::ERR_CONNECTION_REFUSED @ http://localhost:1420/@vite/client:1034
[ 2002091ms] [ERROR] Failed to load resource: net::ERR_CONNECTION_REFUSED @ http://localhost:1420/api/host.describe:0
[ 2002091ms] [WARNING] WebSocket connection to 'ws://localhost:1420/api/events.mux' failed: WebSocket is closed before the connection is established. @ http://localhost:1420/plugins/@deepseek-ai/dsh-client-connection/client.js?rev=bc3c3fa9d26b:10055
[ 2002091ms] [WARNING] WebSocket connection to 'ws://localhost:1420/api/events.host' failed: WebSocket is closed before the connection is established. @ http://localhost:1420/plugins/@deepseek-ai/dsh-client-connection/client.js?rev=bc3c3fa9d26b:10055
[ 2002091ms] [WARNING] [web-runtime] connection lost, retry #258 @ http://localhost:1420/plugins/@deepseek-ai/dsh-client-connection/client.js?rev=bc3c3fa9d26b:115
[ 2005549ms] [ERROR] WebSocket connection to 'ws://localhost:1420/' failed: Error in connection establishment: net::ERR_CONNECTION_REFUSED @ http://localhost:1420/@vite/client:1034
[ 2010607ms] [ERROR] Failed to load resource: net::ERR_CONNECTION_REFUSED @ http://localhost:1420/api/host.describe:0
[ 2010607ms] [WARNING] WebSocket connection to 'ws://localhost:1420/api/events.mux' failed: WebSocket is closed before the connection is established. @ http://localhost:1420/plugins/@deepseek-ai/dsh-client-connection/client.js?rev=bc3c3fa9d26b:10055
[ 2010607ms] [WARNING] WebSocket connection to 'ws://localhost:1420/api/events.host' failed: WebSocket is closed before the connection is established. @ http://localhost:1420/plugins/@deepseek-ai/dsh-client-connection/client.js?rev=bc3c3fa9d26b:10055
[ 2010607ms] [WARNING] [web-runtime] connection lost, retry #259 @ http://localhost:1420/plugins/@deepseek-ai/dsh-client-connection/client.js?rev=bc3c3fa9d26b:115
[ 2010911ms] [ERROR] WebSocket connection to 'ws://localhost:1420/' failed: Error in connection establishment: net::ERR_CONNECTION_REFUSED @ http://localhost:1420/@vite/client:1034
[ 2013719ms] [ERROR] WebSocket connection to 'ws://localhost:1420/' failed: Error in connection establishment: net::ERR_CONNECTION_REFUSED @ http://localhost:1420/@vite/client:1034
[ 2016612ms] [ERROR] WebSocket connection to 'ws://localhost:1420/' failed: Error in connection establishment: net::ERR_CONNECTION_REFUSED @ http://localhost:1420/@vite/client:1034
[ 2018698ms] [ERROR] Failed to load resource: net::ERR_CONNECTION_REFUSED @ http://localhost:1420/api/host.describe:0
[ 2018698ms] [WARNING] WebSocket connection to 'ws://localhost:1420/api/events.mux' failed: WebSocket is closed before the connection is established. @ http://localhost:1420/plugins/@deepseek-ai/dsh-client-connection/client.js?rev=bc3c3fa9d26b:10055
[ 2018698ms] [WARNING] WebSocket connection to 'ws://localhost:1420/api/events.host' failed: WebSocket is closed before the connection is established. @ http://localhost:1420/plugins/@deepseek-ai/dsh-client-connection/client.js?rev=bc3c3fa9d26b:10055
[ 2018699ms] [WARNING] [web-runtime] connection lost, retry #260 @ http://localhost:1420/plugins/@deepseek-ai/dsh-client-connection/client.js?rev=bc3c3fa9d26b:115
[ 2019863ms] [ERROR] WebSocket connection to 'ws://localhost:1420/' failed: Error in connection establishment: net::ERR_CONNECTION_REFUSED @ http://localhost:1420/@vite/client:1034
[ 2023075ms] [ERROR] WebSocket connection to 'ws://localhost:1420/' failed: Error in connection establishment: net::ERR_CONNECTION_REFUSED @ http://localhost:1420/@vite/client:1034
[ 2025226ms] [ERROR] Failed to load resource: net::ERR_CONNECTION_REFUSED @ http://localhost:1420/api/host.describe:0
[ 2025227ms] [WARNING] WebSocket connection to 'ws://localhost:1420/api/events.mux' failed: WebSocket is closed before the connection is established. @ http://localhost:1420/plugins/@deepseek-ai/dsh-client-connection/client.js?rev=bc3c3fa9d26b:10055
[ 2025227ms] [WARNING] WebSocket connection to 'ws://localhost:1420/api/events.host' failed: WebSocket is closed before the connection is established. @ http://localhost:1420/plugins/@deepseek-ai/dsh-client-connection/client.js?rev=bc3c3fa9d26b:10055
[ 2025227ms] [WARNING] [web-runtime] connection lost, retry #261 @ http://localhost:1420/plugins/@deepseek-ai/dsh-client-connection/client.js?rev=bc3c3fa9d26b:115
[ 2027357ms] [ERROR] WebSocket connection to 'ws://localhost:1420/' failed: Error in connection establishment: net::ERR_CONNECTION_REFUSED @ http://localhost:1420/@vite/client:1034
[ 2031023ms] [ERROR] WebSocket connection to 'ws://localhost:1420/' failed: Error in connection establishment: net::ERR_CONNECTION_REFUSED @ http://localhost:1420/@vite/client:1034
[ 2031517ms] [ERROR] Failed to load resource: net::ERR_CONNECTION_REFUSED @ http://localhost:1420/api/host.describe:0
[ 2031517ms] [WARNING] WebSocket connection to 'ws://localhost:1420/api/events.mux' failed: WebSocket is closed before the connection is established. @ http://localhost:1420/plugins/@deepseek-ai/dsh-client-connection/client.js?rev=bc3c3fa9d26b:10055
[ 2031517ms] [WARNING] WebSocket connection to 'ws://localhost:1420/api/events.host' failed: WebSocket is closed before the connection is established. @ http://localhost:1420/plugins/@deepseek-ai/dsh-client-connection/client.js?rev=bc3c3fa9d26b:10055
[ 2031517ms] [WARNING] [web-runtime] connection lost, retry #262 @ http://localhost:1420/plugins/@deepseek-ai/dsh-client-connection/client.js?rev=bc3c3fa9d26b:115
[ 2035505ms] [ERROR] WebSocket connection to 'ws://localhost:1420/' failed: Error in connection establishment: net::ERR_CONNECTION_REFUSED @ http://localhost:1420/@vite/client:1034
[ 2038135ms] [ERROR] WebSocket connection to 'ws://localhost:1420/' failed: Error in connection establishment: net::ERR_CONNECTION_REFUSED @ http://localhost:1420/@vite/client:1034
[ 2039436ms] [ERROR] Failed to load resource: net::ERR_CONNECTION_REFUSED @ http://localhost:1420/api/host.describe:0
[ 2039437ms] [WARNING] WebSocket connection to 'ws://localhost:1420/api/events.mux' failed: WebSocket is closed before the connection is established. @ http://localhost:1420/plugins/@deepseek-ai/dsh-client-connection/client.js?rev=bc3c3fa9d26b:10055
[ 2039437ms] [WARNING] WebSocket connection to 'ws://localhost:1420/api/events.host' failed: WebSocket is closed before the connection is established. @ http://localhost:1420/plugins/@deepseek-ai/dsh-client-connection/client.js?rev=bc3c3fa9d26b:10055
[ 2039437ms] [WARNING] [web-runtime] connection lost, retry #263 @ http://localhost:1420/plugins/@deepseek-ai/dsh-client-connection/client.js?rev=bc3c3fa9d26b:115
[ 2043120ms] [ERROR] WebSocket connection to 'ws://localhost:1420/' failed: Error in connection establishment: net::ERR_CONNECTION_REFUSED @ http://localhost:1420/@vite/client:1034
[ 2045762ms] [ERROR] WebSocket connection to 'ws://localhost:1420/' failed: Error in connection establishment: net::ERR_CONNECTION_REFUSED @ http://localhost:1420/@vite/client:1034
[ 2046205ms] [ERROR] Failed to load resource: net::ERR_CONNECTION_REFUSED @ http://localhost:1420/api/host.describe:0
[ 2046206ms] [WARNING] WebSocket connection to 'ws://localhost:1420/api/events.mux' failed: WebSocket is closed before the connection is established. @ http://localhost:1420/plugins/@deepseek-ai/dsh-client-connection/client.js?rev=bc3c3fa9d26b:10055
[ 2046206ms] [WARNING] WebSocket connection to 'ws://localhost:1420/api/events.host' failed: WebSocket is closed before the connection is established. @ http://localhost:1420/plugins/@deepseek-ai/dsh-client-connection/client.js?rev=bc3c3fa9d26b:10055
[ 2046206ms] [WARNING] [web-runtime] connection lost, retry #264 @ http://localhost:1420/plugins/@deepseek-ai/dsh-client-connection/client.js?rev=bc3c3fa9d26b:115
[ 2049364ms] [ERROR] WebSocket connection to 'ws://localhost:1420/' failed: Error in connection establishment: net::ERR_CONNECTION_REFUSED @ http://localhost:1420/@vite/client:1034
[ 2051702ms] [ERROR] Failed to load resource: net::ERR_CONNECTION_REFUSED @ http://localhost:1420/api/host.describe:0
[ 2051702ms] [WARNING] WebSocket connection to 'ws://localhost:1420/api/events.mux' failed: WebSocket is closed before the connection is established. @ http://localhost:1420/plugins/@deepseek-ai/dsh-client-connection/client.js?rev=bc3c3fa9d26b:10055
[ 2051702ms] [WARNING] WebSocket connection to 'ws://localhost:1420/api/events.host' failed: WebSocket is closed before the connection is established. @ http://localhost:1420/plugins/@deepseek-ai/dsh-client-connection/client.js?rev=bc3c3fa9d26b:10055
[ 2051702ms] [WARNING] [web-runtime] connection lost, retry #265 @ http://localhost:1420/plugins/@deepseek-ai/dsh-client-connection/client.js?rev=bc3c3fa9d26b:115
[ 2054455ms] [ERROR] WebSocket connection to 'ws://localhost:1420/' failed: Error in connection establishment: net::ERR_CONNECTION_REFUSED @ http://localhost:1420/@vite/client:1034
[ 2056974ms] [ERROR] WebSocket connection to 'ws://localhost:1420/' failed: Error in connection establishment: net::ERR_CONNECTION_REFUSED @ http://localhost:1420/@vite/client:1034
[ 2060663ms] [ERROR] Failed to load resource: net::ERR_CONNECTION_REFUSED @ http://localhost:1420/api/host.describe:0
[ 2060663ms] [WARNING] WebSocket connection to 'ws://localhost:1420/api/events.mux' failed: WebSocket is closed before the connection is established. @ http://localhost:1420/plugins/@deepseek-ai/dsh-client-connection/client.js?rev=bc3c3fa9d26b:10055
[ 2060663ms] [WARNING] WebSocket connection to 'ws://localhost:1420/api/events.host' failed: WebSocket is closed before the connection is established. @ http://localhost:1420/plugins/@deepseek-ai/dsh-client-connection/client.js?rev=bc3c3fa9d26b:10055
[ 2060663ms] [WARNING] [web-runtime] connection lost, retry #266 @ http://localhost:1420/plugins/@deepseek-ai/dsh-client-connection/client.js?rev=bc3c3fa9d26b:115
[ 2061588ms] [ERROR] WebSocket connection to 'ws://localhost:1420/' failed: Error in connection establishment: net::ERR_CONNECTION_REFUSED @ http://localhost:1420/@vite/client:1034
[ 2065889ms] [ERROR] WebSocket connection to 'ws://localhost:1420/' failed: Error in connection establishment: net::ERR_CONNECTION_REFUSED @ http://localhost:1420/@vite/client:1034
[ 2067758ms] [ERROR] Failed to load resource: net::ERR_CONNECTION_REFUSED @ http://localhost:1420/api/host.describe:0
[ 2067758ms] [WARNING] WebSocket connection to 'ws://localhost:1420/api/events.mux' failed: WebSocket is closed before the connection is established. @ http://localhost:1420/plugins/@deepseek-ai/dsh-client-connection/client.js?rev=bc3c3fa9d26b:10055
[ 2067758ms] [WARNING] WebSocket connection to 'ws://localhost:1420/api/events.host' failed: WebSocket is closed before the connection is established. @ http://localhost:1420/plugins/@deepseek-ai/dsh-client-connection/client.js?rev=bc3c3fa9d26b:10055
[ 2067758ms] [WARNING] [web-runtime] connection lost, retry #267 @ http://localhost:1420/plugins/@deepseek-ai/dsh-client-connection/client.js?rev=bc3c3fa9d26b:115
[ 2070072ms] [ERROR] WebSocket connection to 'ws://localhost:1420/' failed: Error in connection establishment: net::ERR_CONNECTION_REFUSED @ http://localhost:1420/@vite/client:1034
[ 2074776ms] [ERROR] WebSocket connection to 'ws://localhost:1420/' failed: Error in connection establishment: net::ERR_CONNECTION_REFUSED @ http://localhost:1420/@vite/client:1034
[ 2077130ms] [ERROR] Failed to load resource: net::ERR_CONNECTION_REFUSED @ http://localhost:1420/api/host.describe:0
[ 2077130ms] [WARNING] WebSocket connection to 'ws://localhost:1420/api/events.mux' failed: WebSocket is closed before the connection is established. @ http://localhost:1420/plugins/@deepseek-ai/dsh-client-connection/client.js?rev=bc3c3fa9d26b:10055
[ 2077130ms] [WARNING] WebSocket connection to 'ws://localhost:1420/api/events.host' failed: WebSocket is closed before the connection is established. @ http://localhost:1420/plugins/@deepseek-ai/dsh-client-connection/client.js?rev=bc3c3fa9d26b:10055
[ 2077130ms] [WARNING] [web-runtime] connection lost, retry #268 @ http://localhost:1420/plugins/@deepseek-ai/dsh-client-connection/client.js?rev=bc3c3fa9d26b:115
[ 2080470ms] [ERROR] WebSocket connection to 'ws://localhost:1420/' failed: Error in connection establishment: net::ERR_CONNECTION_REFUSED @ http://localhost:1420/@vite/client:1034
[ 2083895ms] [ERROR] WebSocket connection to 'ws://localhost:1420/' failed: Error in connection establishment: net::ERR_CONNECTION_REFUSED @ http://localhost:1420/@vite/client:1034
[ 2086998ms] [ERROR] Failed to load resource: net::ERR_CONNECTION_REFUSED @ http://localhost:1420/api/host.describe:0
[ 2086998ms] [WARNING] WebSocket connection to 'ws://localhost:1420/api/events.mux' failed: WebSocket is closed before the connection is established. @ http://localhost:1420/plugins/@deepseek-ai/dsh-client-connection/client.js?rev=bc3c3fa9d26b:10055
[ 2086998ms] [WARNING] WebSocket connection to 'ws://localhost:1420/api/events.host' failed: WebSocket is closed before the connection is established. @ http://localhost:1420/plugins/@deepseek-ai/dsh-client-connection/client.js?rev=bc3c3fa9d26b:10055
[ 2086998ms] [WARNING] [web-runtime] connection lost, retry #269 @ http://localhost:1420/plugins/@deepseek-ai/dsh-client-connection/client.js?rev=bc3c3fa9d26b:115
[ 2089816ms] [ERROR] WebSocket connection to 'ws://localhost:1420/' failed: Error in connection establishment: net::ERR_CONNECTION_REFUSED @ http://localhost:1420/@vite/client:1034
[ 2093991ms] [ERROR] WebSocket connection to 'ws://localhost:1420/' failed: Error in connection establishment: net::ERR_CONNECTION_REFUSED @ http://localhost:1420/@vite/client:1034
[ 2094668ms] [ERROR] Failed to load resource: net::ERR_CONNECTION_REFUSED @ http://localhost:1420/api/host.describe:0
[ 2094668ms] [WARNING] WebSocket connection to 'ws://localhost:1420/api/events.mux' failed: WebSocket is closed before the connection is established. @ http://localhost:1420/plugins/@deepseek-ai/dsh-client-connection/client.js?rev=bc3c3fa9d26b:10055
[ 2094668ms] [WARNING] WebSocket connection to 'ws://localhost:1420/api/events.host' failed: WebSocket is closed before the connection is established. @ http://localhost:1420/plugins/@deepseek-ai/dsh-client-connection/client.js?rev=bc3c3fa9d26b:10055
[ 2094668ms] [WARNING] [web-runtime] connection lost, retry #270 @ http://localhost:1420/plugins/@deepseek-ai/dsh-client-connection/client.js?rev=bc3c3fa9d26b:115
[ 2099671ms] [ERROR] WebSocket connection to 'ws://localhost:1420/' failed: Error in connection establishment: net::ERR_CONNECTION_REFUSED @ http://localhost:1420/@vite/client:1034
[ 2099983ms] [ERROR] Failed to load resource: net::ERR_CONNECTION_REFUSED @ http://localhost:1420/api/host.describe:0
[ 2099983ms] [WARNING] WebSocket connection to 'ws://localhost:1420/api/events.mux' failed: WebSocket is closed before the connection is established. @ http://localhost:1420/plugins/@deepseek-ai/dsh-client-connection/client.js?rev=bc3c3fa9d26b:10055
[ 2099984ms] [WARNING] WebSocket connection to 'ws://localhost:1420/api/events.host' failed: WebSocket is closed before the connection is established. @ http://localhost:1420/plugins/@deepseek-ai/dsh-client-connection/client.js?rev=bc3c3fa9d26b:10055
[ 2099984ms] [WARNING] [web-runtime] connection lost, retry #271 @ http://localhost:1420/plugins/@deepseek-ai/dsh-client-connection/client.js?rev=bc3c3fa9d26b:115
[ 2103847ms] [ERROR] WebSocket connection to 'ws://localhost:1420/' failed: Error in connection establishment: net::ERR_CONNECTION_REFUSED @ http://localhost:1420/@vite/client:1034
[ 2105228ms] [ERROR] Failed to load resource: net::ERR_CONNECTION_REFUSED @ http://localhost:1420/api/host.describe:0
[ 2105229ms] [WARNING] WebSocket connection to 'ws://localhost:1420/api/events.mux' failed: WebSocket is closed before the connection is established. @ http://localhost:1420/plugins/@deepseek-ai/dsh-client-connection/client.js?rev=bc3c3fa9d26b:10055
[ 2105229ms] [WARNING] WebSocket connection to 'ws://localhost:1420/api/events.host' failed: WebSocket is closed before the connection is established. @ http://localhost:1420/plugins/@deepseek-ai/dsh-client-connection/client.js?rev=bc3c3fa9d26b:10055
[ 2105229ms] [WARNING] [web-runtime] connection lost, retry #272 @ http://localhost:1420/plugins/@deepseek-ai/dsh-client-connection/client.js?rev=bc3c3fa9d26b:115
[ 2109014ms] [ERROR] WebSocket connection to 'ws://localhost:1420/' failed: Error in connection establishment: net::ERR_CONNECTION_REFUSED @ http://localhost:1420/@vite/client:1034
[ 2112136ms] [ERROR] WebSocket connection to 'ws://localhost:1420/' failed: Error in connection establishment: net::ERR_CONNECTION_REFUSED @ http://localhost:1420/@vite/client:1034
[ 2114370ms] [ERROR] Failed to load resource: net::ERR_CONNECTION_REFUSED @ http://localhost:1420/api/host.describe:0
[ 2114370ms] [WARNING] WebSocket connection to 'ws://localhost:1420/api/events.mux' failed: WebSocket is closed before the connection is established. @ http://localhost:1420/plugins/@deepseek-ai/dsh-client-connection/client.js?rev=bc3c3fa9d26b:10055
[ 2114370ms] [WARNING] WebSocket connection to 'ws://localhost:1420/api/events.host' failed: WebSocket is closed before the connection is established. @ http://localhost:1420/plugins/@deepseek-ai/dsh-client-connection/client.js?rev=bc3c3fa9d26b:10055
[ 2114370ms] [WARNING] [web-runtime] connection lost, retry #273 @ http://localhost:1420/plugins/@deepseek-ai/dsh-client-connection/client.js?rev=bc3c3fa9d26b:115
[ 2115109ms] [ERROR] WebSocket connection to 'ws://localhost:1420/' failed: Error in connection establishment: net::ERR_CONNECTION_REFUSED @ http://localhost:1420/@vite/client:1034
[ 2118467ms] [ERROR] WebSocket connection to 'ws://localhost:1420/' failed: Error in connection establishment: net::ERR_CONNECTION_REFUSED @ http://localhost:1420/@vite/client:1034
[ 2119922ms] [ERROR] Failed to load resource: net::ERR_CONNECTION_REFUSED @ http://localhost:1420/api/host.describe:0
[ 2119922ms] [WARNING] WebSocket connection to 'ws://localhost:1420/api/events.mux' failed: WebSocket is closed before the connection is established. @ http://localhost:1420/plugins/@deepseek-ai/dsh-client-connection/client.js?rev=bc3c3fa9d26b:10055
[ 2119922ms] [WARNING] WebSocket connection to 'ws://localhost:1420/api/events.host' failed: WebSocket is closed before the connection is established. @ http://localhost:1420/plugins/@deepseek-ai/dsh-client-connection/client.js?rev=bc3c3fa9d26b:10055
[ 2119922ms] [WARNING] [web-runtime] connection lost, retry #274 @ http://localhost:1420/plugins/@deepseek-ai/dsh-client-connection/client.js?rev=bc3c3fa9d26b:115
[ 2123833ms] [ERROR] WebSocket connection to 'ws://localhost:1420/' failed: Error in connection establishment: net::ERR_CONNECTION_REFUSED @ http://localhost:1420/@vite/client:1034
[ 2125732ms] [ERROR] Failed to load resource: net::ERR_CONNECTION_REFUSED @ http://localhost:1420/api/host.describe:0
[ 2125732ms] [WARNING] WebSocket connection to 'ws://localhost:1420/api/events.mux' failed: WebSocket is closed before the connection is established. @ http://localhost:1420/plugins/@deepseek-ai/dsh-client-connection/client.js?rev=bc3c3fa9d26b:10055
[ 2125732ms] [WARNING] WebSocket connection to 'ws://localhost:1420/api/events.host' failed: WebSocket is closed before the connection is established. @ http://localhost:1420/plugins/@deepseek-ai/dsh-client-connection/client.js?rev=bc3c3fa9d26b:10055
[ 2125732ms] [WARNING] [web-runtime] connection lost, retry #275 @ http://localhost:1420/plugins/@deepseek-ai/dsh-client-connection/client.js?rev=bc3c3fa9d26b:115
[ 2129127ms] [ERROR] WebSocket connection to 'ws://localhost:1420/' failed: Error in connection establishment: net::ERR_CONNECTION_REFUSED @ http://localhost:1420/@vite/client:1034
[ 2131525ms] [ERROR] WebSocket connection to 'ws://localhost:1420/' failed: Error in connection establishment: net::ERR_CONNECTION_REFUSED @ http://localhost:1420/@vite/client:1034
[ 2132717ms] [ERROR] Failed to load resource: net::ERR_CONNECTION_REFUSED @ http://localhost:1420/api/host.describe:0
[ 2132717ms] [WARNING] WebSocket connection to 'ws://localhost:1420/api/events.mux' failed: WebSocket is closed before the connection is established. @ http://localhost:1420/plugins/@deepseek-ai/dsh-client-connection/client.js?rev=bc3c3fa9d26b:10055
[ 2132717ms] [WARNING] WebSocket connection to 'ws://localhost:1420/api/events.host' failed: WebSocket is closed before the connection is established. @ http://localhost:1420/plugins/@deepseek-ai/dsh-client-connection/client.js?rev=bc3c3fa9d26b:10055
[ 2132717ms] [WARNING] [web-runtime] connection lost, retry #276 @ http://localhost:1420/plugins/@deepseek-ai/dsh-client-connection/client.js?rev=bc3c3fa9d26b:115
[ 2135209ms] [ERROR] WebSocket connection to 'ws://localhost:1420/' failed: Error in connection establishment: net::ERR_CONNECTION_REFUSED @ http://localhost:1420/@vite/client:1034
[ 2137600ms] [ERROR] WebSocket connection to 'ws://localhost:1420/' failed: Error in connection establishment: net::ERR_CONNECTION_REFUSED @ http://localhost:1420/@vite/client:1034
[ 2139784ms] [ERROR] WebSocket connection to 'ws://localhost:1420/' failed: Error in connection establishment: net::ERR_CONNECTION_REFUSED @ http://localhost:1420/@vite/client:1034
[ 2140393ms] [ERROR] Failed to load resource: net::ERR_CONNECTION_REFUSED @ http://localhost:1420/api/host.describe:0
[ 2140393ms] [WARNING] WebSocket connection to 'ws://localhost:1420/api/events.mux' failed: WebSocket is closed before the connection is established. @ http://localhost:1420/plugins/@deepseek-ai/dsh-client-connection/client.js?rev=bc3c3fa9d26b:10055
[ 2140393ms] [WARNING] WebSocket connection to 'ws://localhost:1420/api/events.host' failed: WebSocket is closed before the connection is established. @ http://localhost:1420/plugins/@deepseek-ai/dsh-client-connection/client.js?rev=bc3c3fa9d26b:10055
[ 2140393ms] [WARNING] [web-runtime] connection lost, retry #277 @ http://localhost:1420/plugins/@deepseek-ai/dsh-client-connection/client.js?rev=bc3c3fa9d26b:115
[ 2143268ms] [ERROR] WebSocket connection to 'ws://localhost:1420/' failed: Error in connection establishment: net::ERR_CONNECTION_REFUSED @ http://localhost:1420/@vite/client:1034
[ 2147295ms] [ERROR] WebSocket connection to 'ws://localhost:1420/' failed: Error in connection establishment: net::ERR_CONNECTION_REFUSED @ http://localhost:1420/@vite/client:1034
[ 2147706ms] [ERROR] Failed to load resource: net::ERR_CONNECTION_REFUSED @ http://localhost:1420/api/host.describe:0
[ 2147706ms] [WARNING] WebSocket connection to 'ws://localhost:1420/api/events.mux' failed: WebSocket is closed before the connection is established. @ http://localhost:1420/plugins/@deepseek-ai/dsh-client-connection/client.js?rev=bc3c3fa9d26b:10055
[ 2147706ms] [WARNING] WebSocket connection to 'ws://localhost:1420/api/events.host' failed: WebSocket is closed before the connection is established. @ http://localhost:1420/plugins/@deepseek-ai/dsh-client-connection/client.js?rev=bc3c3fa9d26b:10055
[ 2147706ms] [WARNING] [web-runtime] connection lost, retry #278 @ http://localhost:1420/plugins/@deepseek-ai/dsh-client-connection/client.js?rev=bc3c3fa9d26b:115
[ 2149445ms] [ERROR] WebSocket connection to 'ws://localhost:1420/' failed: Error in connection establishment: net::ERR_CONNECTION_REFUSED @ http://localhost:1420/@vite/client:1034
[ 2154516ms] [ERROR] WebSocket connection to 'ws://localhost:1420/' failed: Error in connection establishment: net::ERR_CONNECTION_REFUSED @ http://localhost:1420/@vite/client:1034
[ 2155371ms] [ERROR] Failed to load resource: net::ERR_CONNECTION_REFUSED @ http://localhost:1420/api/host.describe:0
[ 2155371ms] [WARNING] WebSocket connection to 'ws://localhost:1420/api/events.mux' failed: WebSocket is closed before the connection is established. @ http://localhost:1420/plugins/@deepseek-ai/dsh-client-connection/client.js?rev=bc3c3fa9d26b:10055
[ 2155371ms] [WARNING] WebSocket connection to 'ws://localhost:1420/api/events.host' failed: WebSocket is closed before the connection is established. @ http://localhost:1420/plugins/@deepseek-ai/dsh-client-connection/client.js?rev=bc3c3fa9d26b:10055
[ 2155371ms] [WARNING] [web-runtime] connection lost, retry #279 @ http://localhost:1420/plugins/@deepseek-ai/dsh-client-connection/client.js?rev=bc3c3fa9d26b:115
[ 2160477ms] [ERROR] WebSocket connection to 'ws://localhost:1420/' failed: Error in connection establishment: net::ERR_CONNECTION_REFUSED @ http://localhost:1420/@vite/client:1034
[ 2163047ms] [ERROR] WebSocket connection to 'ws://localhost:1420/' failed: Error in connection establishment: net::ERR_CONNECTION_REFUSED @ http://localhost:1420/@vite/client:1034
[ 2163544ms] [ERROR] Failed to load resource: net::ERR_CONNECTION_REFUSED @ http://localhost:1420/api/host.describe:0
[ 2163544ms] [WARNING] WebSocket connection to 'ws://localhost:1420/api/events.mux' failed: WebSocket is closed before the connection is established. @ http://localhost:1420/plugins/@deepseek-ai/dsh-client-connection/client.js?rev=bc3c3fa9d26b:10055
[ 2163544ms] [WARNING] WebSocket connection to 'ws://localhost:1420/api/events.host' failed: WebSocket is closed before the connection is established. @ http://localhost:1420/plugins/@deepseek-ai/dsh-client-connection/client.js?rev=bc3c3fa9d26b:10055
[ 2163544ms] [WARNING] [web-runtime] connection lost, retry #280 @ http://localhost:1420/plugins/@deepseek-ai/dsh-client-connection/client.js?rev=bc3c3fa9d26b:115
[ 2165918ms] [ERROR] WebSocket connection to 'ws://localhost:1420/' failed: Error in connection establishment: net::ERR_CONNECTION_REFUSED @ http://localhost:1420/@vite/client:1034
[ 2169779ms] [ERROR] WebSocket connection to 'ws://localhost:1420/' failed: Error in connection establishment: net::ERR_CONNECTION_REFUSED @ http://localhost:1420/@vite/client:1034
[ 2170079ms] [ERROR] Failed to load resource: net::ERR_CONNECTION_REFUSED @ http://localhost:1420/api/host.describe:0
[ 2170080ms] [WARNING] WebSocket connection to 'ws://localhost:1420/api/events.mux' failed: WebSocket is closed before the connection is established. @ http://localhost:1420/plugins/@deepseek-ai/dsh-client-connection/client.js?rev=bc3c3fa9d26b:10055
[ 2170080ms] [WARNING] WebSocket connection to 'ws://localhost:1420/api/events.host' failed: WebSocket is closed before the connection is established. @ http://localhost:1420/plugins/@deepseek-ai/dsh-client-connection/client.js?rev=bc3c3fa9d26b:10055
[ 2170080ms] [WARNING] [web-runtime] connection lost, retry #281 @ http://localhost:1420/plugins/@deepseek-ai/dsh-client-connection/client.js?rev=bc3c3fa9d26b:115
[ 2174059ms] [ERROR] WebSocket connection to 'ws://localhost:1420/' failed: Error in connection establishment: net::ERR_CONNECTION_REFUSED @ http://localhost:1420/@vite/client:1034
[ 2176956ms] [ERROR] Failed to load resource: net::ERR_CONNECTION_REFUSED @ http://localhost:1420/api/host.describe:0
[ 2176956ms] [WARNING] WebSocket connection to 'ws://localhost:1420/api/events.mux' failed: WebSocket is closed before the connection is established. @ http://localhost:1420/plugins/@deepseek-ai/dsh-client-connection/client.js?rev=bc3c3fa9d26b:10055
[ 2176956ms] [WARNING] WebSocket connection to 'ws://localhost:1420/api/events.host' failed: WebSocket is closed before the connection is established. @ http://localhost:1420/plugins/@deepseek-ai/dsh-client-connection/client.js?rev=bc3c3fa9d26b:10055
[ 2176956ms] [WARNING] [web-runtime] connection lost, retry #282 @ http://localhost:1420/plugins/@deepseek-ai/dsh-client-connection/client.js?rev=bc3c3fa9d26b:115
[ 2177551ms] [ERROR] WebSocket connection to 'ws://localhost:1420/' failed: Error in connection establishment: net::ERR_CONNECTION_REFUSED @ http://localhost:1420/@vite/client:1034
[ 2183469ms] [ERROR] WebSocket connection to 'ws://localhost:1420/' failed: Error in connection establishment: net::ERR_CONNECTION_REFUSED @ http://localhost:1420/@vite/client:1034
[ 2184079ms] [ERROR] Failed to load resource: net::ERR_CONNECTION_REFUSED @ http://localhost:1420/api/host.describe:0
[ 2184079ms] [WARNING] WebSocket connection to 'ws://localhost:1420/api/events.mux' failed: WebSocket is closed before the connection is established. @ http://localhost:1420/plugins/@deepseek-ai/dsh-client-connection/client.js?rev=bc3c3fa9d26b:10055
[ 2184079ms] [WARNING] WebSocket connection to 'ws://localhost:1420/api/events.host' failed: WebSocket is closed before the connection is established. @ http://localhost:1420/plugins/@deepseek-ai/dsh-client-connection/client.js?rev=bc3c3fa9d26b:10055
[ 2184080ms] [WARNING] [web-runtime] connection lost, retry #283 @ http://localhost:1420/plugins/@deepseek-ai/dsh-client-connection/client.js?rev=bc3c3fa9d26b:115
[ 2189210ms] [ERROR] WebSocket connection to 'ws://localhost:1420/' failed: Error in connection establishment: net::ERR_CONNECTION_REFUSED @ http://localhost:1420/@vite/client:1034
[ 2189911ms] [ERROR] Failed to load resource: net::ERR_CONNECTION_REFUSED @ http://localhost:1420/api/host.describe:0
[ 2189911ms] [WARNING] WebSocket connection to 'ws://localhost:1420/api/events.mux' failed: WebSocket is closed before the connection is established. @ http://localhost:1420/plugins/@deepseek-ai/dsh-client-connection/client.js?rev=bc3c3fa9d26b:10055
[ 2189911ms] [WARNING] WebSocket connection to 'ws://localhost:1420/api/events.host' failed: WebSocket is closed before the connection is established. @ http://localhost:1420/plugins/@deepseek-ai/dsh-client-connection/client.js?rev=bc3c3fa9d26b:10055
[ 2189911ms] [WARNING] [web-runtime] connection lost, retry #284 @ http://localhost:1420/plugins/@deepseek-ai/dsh-client-connection/client.js?rev=bc3c3fa9d26b:115
[ 2194912ms] [ERROR] WebSocket connection to 'ws://localhost:1420/' failed: Error in connection establishment: net::ERR_CONNECTION_REFUSED @ http://localhost:1420/@vite/client:1034
[ 2197464ms] [ERROR] Failed to load resource: net::ERR_CONNECTION_REFUSED @ http://localhost:1420/api/host.describe:0
[ 2197464ms] [WARNING] WebSocket connection to 'ws://localhost:1420/api/events.mux' failed: WebSocket is closed before the connection is established. @ http://localhost:1420/plugins/@deepseek-ai/dsh-client-connection/client.js?rev=bc3c3fa9d26b:10055
[ 2197464ms] [WARNING] WebSocket connection to 'ws://localhost:1420/api/events.host' failed: WebSocket is closed before the connection is established. @ http://localhost:1420/plugins/@deepseek-ai/dsh-client-connection/client.js?rev=bc3c3fa9d26b:10055
[ 2197464ms] [WARNING] [web-runtime] connection lost, retry #285 @ http://localhost:1420/plugins/@deepseek-ai/dsh-client-connection/client.js?rev=bc3c3fa9d26b:115
[ 2200090ms] [ERROR] WebSocket connection to 'ws://localhost:1420/' failed: Error in connection establishment: net::ERR_CONNECTION_REFUSED @ http://localhost:1420/@vite/client:1034
[ 2204053ms] [ERROR] WebSocket connection to 'ws://localhost:1420/' failed: Error in connection establishment: net::ERR_CONNECTION_REFUSED @ http://localhost:1420/@vite/client:1034
[ 2206465ms] [ERROR] Failed to load resource: net::ERR_CONNECTION_REFUSED @ http://localhost:1420/api/host.describe:0
[ 2206465ms] [WARNING] WebSocket connection to 'ws://localhost:1420/api/events.mux' failed: WebSocket is closed before the connection is established. @ http://localhost:1420/plugins/@deepseek-ai/dsh-client-connection/client.js?rev=bc3c3fa9d26b:10055
[ 2206465ms] [WARNING] WebSocket connection to 'ws://localhost:1420/api/events.host' failed: WebSocket is closed before the connection is established. @ http://localhost:1420/plugins/@deepseek-ai/dsh-client-connection/client.js?rev=bc3c3fa9d26b:10055
[ 2206465ms] [WARNING] [web-runtime] connection lost, retry #286 @ http://localhost:1420/plugins/@deepseek-ai/dsh-client-connection/client.js?rev=bc3c3fa9d26b:115
[ 2208092ms] [ERROR] WebSocket connection to 'ws://localhost:1420/' failed: Error in connection establishment: net::ERR_CONNECTION_REFUSED @ http://localhost:1420/@vite/client:1034
[ 2211786ms] [ERROR] WebSocket connection to 'ws://localhost:1420/' failed: Error in connection establishment: net::ERR_CONNECTION_REFUSED @ http://localhost:1420/@vite/client:1034
[ 2216049ms] [ERROR] Failed to load resource: net::ERR_CONNECTION_REFUSED @ http://localhost:1420/api/host.describe:0
[ 2216049ms] [WARNING] WebSocket connection to 'ws://localhost:1420/api/events.mux' failed: WebSocket is closed before the connection is established. @ http://localhost:1420/plugins/@deepseek-ai/dsh-client-connection/client.js?rev=bc3c3fa9d26b:10055
[ 2216049ms] [WARNING] WebSocket connection to 'ws://localhost:1420/api/events.host' failed: WebSocket is closed before the connection is established. @ http://localhost:1420/plugins/@deepseek-ai/dsh-client-connection/client.js?rev=bc3c3fa9d26b:10055
[ 2216049ms] [WARNING] [web-runtime] connection lost, retry #287 @ http://localhost:1420/plugins/@deepseek-ai/dsh-client-connection/client.js?rev=bc3c3fa9d26b:115
[ 2217204ms] [ERROR] WebSocket connection to 'ws://localhost:1420/' failed: Error in connection establishment: net::ERR_CONNECTION_REFUSED @ http://localhost:1420/@vite/client:1034
[ 2220307ms] [ERROR] WebSocket connection to 'ws://localhost:1420/' failed: Error in connection establishment: net::ERR_CONNECTION_REFUSED @ http://localhost:1420/@vite/client:1034
[ 2224155ms] [ERROR] WebSocket connection to 'ws://localhost:1420/' failed: Error in connection establishment: net::ERR_CONNECTION_REFUSED @ http://localhost:1420/@vite/client:1034
[ 2226033ms] [ERROR] Failed to load resource: net::ERR_CONNECTION_REFUSED @ http://localhost:1420/api/host.describe:0
[ 2226033ms] [WARNING] WebSocket connection to 'ws://localhost:1420/api/events.mux' failed: WebSocket is closed before the connection is established. @ http://localhost:1420/plugins/@deepseek-ai/dsh-client-connection/client.js?rev=bc3c3fa9d26b:10055
[ 2226033ms] [WARNING] WebSocket connection to 'ws://localhost:1420/api/events.host' failed: WebSocket is closed before the connection is established. @ http://localhost:1420/plugins/@deepseek-ai/dsh-client-connection/client.js?rev=bc3c3fa9d26b:10055
[ 2226033ms] [WARNING] [web-runtime] connection lost, retry #288 @ http://localhost:1420/plugins/@deepseek-ai/dsh-client-connection/client.js?rev=bc3c3fa9d26b:115
[ 2229294ms] [ERROR] WebSocket connection to 'ws://localhost:1420/' failed: Error in connection establishment: net::ERR_CONNECTION_REFUSED @ http://localhost:1420/@vite/client:1034
[ 2231849ms] [ERROR] WebSocket connection to 'ws://localhost:1420/' failed: Error in connection establishment: net::ERR_CONNECTION_REFUSED @ http://localhost:1420/@vite/client:1034
[ 2236031ms] [ERROR] Failed to load resource: net::ERR_CONNECTION_REFUSED @ http://localhost:1420/api/host.describe:0
[ 2236031ms] [WARNING] WebSocket connection to 'ws://localhost:1420/api/events.mux' failed: WebSocket is closed before the connection is established. @ http://localhost:1420/plugins/@deepseek-ai/dsh-client-connection/client.js?rev=bc3c3fa9d26b:10055
[ 2236031ms] [WARNING] WebSocket connection to 'ws://localhost:1420/api/events.host' failed: WebSocket is closed before the connection is established. @ http://localhost:1420/plugins/@deepseek-ai/dsh-client-connection/client.js?rev=bc3c3fa9d26b:10055
[ 2236031ms] [WARNING] [web-runtime] connection lost, retry #289 @ http://localhost:1420/plugins/@deepseek-ai/dsh-client-connection/client.js?rev=bc3c3fa9d26b:115
[ 2236900ms] [ERROR] WebSocket connection to 'ws://localhost:1420/' failed: Error in connection establishment: net::ERR_CONNECTION_REFUSED @ http://localhost:1420/@vite/client:1034
[ 2239763ms] [ERROR] WebSocket connection to 'ws://localhost:1420/' failed: Error in connection establishment: net::ERR_CONNECTION_REFUSED @ http://localhost:1420/@vite/client:1034
[ 2241530ms] [ERROR] Failed to load resource: net::ERR_CONNECTION_REFUSED @ http://localhost:1420/api/host.describe:0
[ 2241531ms] [WARNING] WebSocket connection to 'ws://localhost:1420/api/events.mux' failed: WebSocket is closed before the connection is established. @ http://localhost:1420/plugins/@deepseek-ai/dsh-client-connection/client.js?rev=bc3c3fa9d26b:10055
[ 2241531ms] [WARNING] WebSocket connection to 'ws://localhost:1420/api/events.host' failed: WebSocket is closed before the connection is established. @ http://localhost:1420/plugins/@deepseek-ai/dsh-client-connection/client.js?rev=bc3c3fa9d26b:10055
[ 2241531ms] [WARNING] [web-runtime] connection lost, retry #290 @ http://localhost:1420/plugins/@deepseek-ai/dsh-client-connection/client.js?rev=bc3c3fa9d26b:115
[ 2245160ms] [ERROR] WebSocket connection to 'ws://localhost:1420/' failed: Error in connection establishment: net::ERR_CONNECTION_REFUSED @ http://localhost:1420/@vite/client:1034
[ 2247693ms] [ERROR] Failed to load resource: net::ERR_CONNECTION_REFUSED @ http://localhost:1420/api/host.describe:0
[ 2247693ms] [WARNING] WebSocket connection to 'ws://localhost:1420/api/events.mux' failed: WebSocket is closed before the connection is established. @ http://localhost:1420/plugins/@deepseek-ai/dsh-client-connection/client.js?rev=bc3c3fa9d26b:10055
[ 2247693ms] [WARNING] WebSocket connection to 'ws://localhost:1420/api/events.host' failed: WebSocket is closed before the connection is established. @ http://localhost:1420/plugins/@deepseek-ai/dsh-client-connection/client.js?rev=bc3c3fa9d26b:10055
[ 2247693ms] [WARNING] [web-runtime] connection lost, retry #291 @ http://localhost:1420/plugins/@deepseek-ai/dsh-client-connection/client.js?rev=bc3c3fa9d26b:115
[ 2250239ms] [ERROR] WebSocket connection to 'ws://localhost:1420/' failed: Error in connection establishment: net::ERR_CONNECTION_REFUSED @ http://localhost:1420/@vite/client:1034
[ 2252412ms] [ERROR] WebSocket connection to 'ws://localhost:1420/' failed: Error in connection establishment: net::ERR_CONNECTION_REFUSED @ http://localhost:1420/@vite/client:1034
[ 2254498ms] [ERROR] Failed to load resource: net::ERR_CONNECTION_REFUSED @ http://localhost:1420/api/host.describe:0
[ 2254498ms] [WARNING] WebSocket connection to 'ws://localhost:1420/api/events.mux' failed: WebSocket is closed before the connection is established. @ http://localhost:1420/plugins/@deepseek-ai/dsh-client-connection/client.js?rev=bc3c3fa9d26b:10055
[ 2254498ms] [WARNING] WebSocket connection to 'ws://localhost:1420/api/events.host' failed: WebSocket is closed before the connection is established. @ http://localhost:1420/plugins/@deepseek-ai/dsh-client-connection/client.js?rev=bc3c3fa9d26b:10055
[ 2254499ms] [WARNING] [web-runtime] connection lost, retry #292 @ http://localhost:1420/plugins/@deepseek-ai/dsh-client-connection/client.js?rev=bc3c3fa9d26b:115
[ 2258011ms] [ERROR] WebSocket connection to 'ws://localhost:1420/' failed: Error in connection establishment: net::ERR_CONNECTION_REFUSED @ http://localhost:1420/@vite/client:1034
[ 2261588ms] [ERROR] Failed to load resource: net::ERR_CONNECTION_REFUSED @ http://localhost:1420/api/host.describe:0
[ 2261588ms] [WARNING] WebSocket connection to 'ws://localhost:1420/api/events.mux' failed: WebSocket is closed before the connection is established. @ http://localhost:1420/plugins/@deepseek-ai/dsh-client-connection/client.js?rev=bc3c3fa9d26b:10055
[ 2261588ms] [WARNING] WebSocket connection to 'ws://localhost:1420/api/events.host' failed: WebSocket is closed before the connection is established. @ http://localhost:1420/plugins/@deepseek-ai/dsh-client-connection/client.js?rev=bc3c3fa9d26b:10055
[ 2261588ms] [WARNING] [web-runtime] connection lost, retry #293 @ http://localhost:1420/plugins/@deepseek-ai/dsh-client-connection/client.js?rev=bc3c3fa9d26b:115
[ 2262375ms] [ERROR] WebSocket connection to 'ws://localhost:1420/' failed: Error in connection establishment: net::ERR_CONNECTION_REFUSED @ http://localhost:1420/@vite/client:1034
[ 2266728ms] [ERROR] Failed to load resource: net::ERR_CONNECTION_REFUSED @ http://localhost:1420/api/host.describe:0
[ 2266729ms] [WARNING] WebSocket connection to 'ws://localhost:1420/api/events.mux' failed: WebSocket is closed before the connection is established. @ http://localhost:1420/plugins/@deepseek-ai/dsh-client-connection/client.js?rev=bc3c3fa9d26b:10055
[ 2266729ms] [WARNING] WebSocket connection to 'ws://localhost:1420/api/events.host' failed: WebSocket is closed before the connection is established. @ http://localhost:1420/plugins/@deepseek-ai/dsh-client-connection/client.js?rev=bc3c3fa9d26b:10055
[ 2266729ms] [WARNING] [web-runtime] connection lost, retry #294 @ http://localhost:1420/plugins/@deepseek-ai/dsh-client-connection/client.js?rev=bc3c3fa9d26b:115
[ 2268334ms] [ERROR] WebSocket connection to 'ws://localhost:1420/' failed: Error in connection establishment: net::ERR_CONNECTION_REFUSED @ http://localhost:1420/@vite/client:1034
[ 2272096ms] [ERROR] WebSocket connection to 'ws://localhost:1420/' failed: Error in connection establishment: net::ERR_CONNECTION_REFUSED @ http://localhost:1420/@vite/client:1034
[ 2274954ms] [ERROR] Failed to load resource: net::ERR_CONNECTION_REFUSED @ http://localhost:1420/api/host.describe:0
[ 2274954ms] [WARNING] WebSocket connection to 'ws://localhost:1420/api/events.mux' failed: WebSocket is closed before the connection is established. @ http://localhost:1420/plugins/@deepseek-ai/dsh-client-connection/client.js?rev=bc3c3fa9d26b:10055
[ 2274954ms] [WARNING] WebSocket connection to 'ws://localhost:1420/api/events.host' failed: WebSocket is closed before the connection is established. @ http://localhost:1420/plugins/@deepseek-ai/dsh-client-connection/client.js?rev=bc3c3fa9d26b:10055
[ 2274954ms] [WARNING] [web-runtime] connection lost, retry #295 @ http://localhost:1420/plugins/@deepseek-ai/dsh-client-connection/client.js?rev=bc3c3fa9d26b:115
[ 2277117ms] [ERROR] WebSocket connection to 'ws://localhost:1420/' failed: Error in connection establishment: net::ERR_CONNECTION_REFUSED @ http://localhost:1420/@vite/client:1034
[ 2281683ms] [ERROR] WebSocket connection to 'ws://localhost:1420/' failed: Error in connection establishment: net::ERR_CONNECTION_REFUSED @ http://localhost:1420/@vite/client:1034
[ 2283119ms] [ERROR] Failed to load resource: net::ERR_CONNECTION_REFUSED @ http://localhost:1420/api/host.describe:0
[ 2283120ms] [WARNING] WebSocket connection to 'ws://localhost:1420/api/events.mux' failed: WebSocket is closed before the connection is established. @ http://localhost:1420/plugins/@deepseek-ai/dsh-client-connection/client.js?rev=bc3c3fa9d26b:10055
[ 2283120ms] [WARNING] WebSocket connection to 'ws://localhost:1420/api/events.host' failed: WebSocket is closed before the connection is established. @ http://localhost:1420/plugins/@deepseek-ai/dsh-client-connection/client.js?rev=bc3c3fa9d26b:10055
[ 2283120ms] [WARNING] [web-runtime] connection lost, retry #296 @ http://localhost:1420/plugins/@deepseek-ai/dsh-client-connection/client.js?rev=bc3c3fa9d26b:115
[ 2284312ms] [ERROR] WebSocket connection to 'ws://localhost:1420/' failed: Error in connection establishment: net::ERR_CONNECTION_REFUSED @ http://localhost:1420/@vite/client:1034
[ 2288303ms] [ERROR] Failed to load resource: net::ERR_CONNECTION_REFUSED @ http://localhost:1420/api/host.describe:0
[ 2288304ms] [WARNING] WebSocket connection to 'ws://localhost:1420/api/events.mux' failed: WebSocket is closed before the connection is established. @ http://localhost:1420/plugins/@deepseek-ai/dsh-client-connection/client.js?rev=bc3c3fa9d26b:10055
[ 2288304ms] [WARNING] WebSocket connection to 'ws://localhost:1420/api/events.host' failed: WebSocket is closed before the connection is established. @ http://localhost:1420/plugins/@deepseek-ai/dsh-client-connection/client.js?rev=bc3c3fa9d26b:10055
[ 2288304ms] [WARNING] [web-runtime] connection lost, retry #297 @ http://localhost:1420/plugins/@deepseek-ai/dsh-client-connection/client.js?rev=bc3c3fa9d26b:115
[ 2288588ms] [ERROR] WebSocket connection to 'ws://localhost:1420/' failed: Error in connection establishment: net::ERR_CONNECTION_REFUSED @ http://localhost:1420/@vite/client:1034
[ 2293588ms] [ERROR] WebSocket connection to 'ws://localhost:1420/' failed: Error in connection establishment: net::ERR_CONNECTION_REFUSED @ http://localhost:1420/@vite/client:1034
[ 2293778ms] [ERROR] Failed to load resource: net::ERR_CONNECTION_REFUSED @ http://localhost:1420/api/host.describe:0
[ 2293778ms] [WARNING] WebSocket connection to 'ws://localhost:1420/api/events.mux' failed: WebSocket is closed before the connection is established. @ http://localhost:1420/plugins/@deepseek-ai/dsh-client-connection/client.js?rev=bc3c3fa9d26b:10055
[ 2293778ms] [WARNING] WebSocket connection to 'ws://localhost:1420/api/events.host' failed: WebSocket is closed before the connection is established. @ http://localhost:1420/plugins/@deepseek-ai/dsh-client-connection/client.js?rev=bc3c3fa9d26b:10055
[ 2293778ms] [WARNING] [web-runtime] connection lost, retry #298 @ http://localhost:1420/plugins/@deepseek-ai/dsh-client-connection/client.js?rev=bc3c3fa9d26b:115
[ 2298798ms] [ERROR] WebSocket connection to 'ws://localhost:1420/' failed: Error in connection establishment: net::ERR_CONNECTION_REFUSED @ http://localhost:1420/@vite/client:1034
[ 2300070ms] [ERROR] Failed to load resource: net::ERR_CONNECTION_REFUSED @ http://localhost:1420/api/host.describe:0
[ 2300070ms] [WARNING] WebSocket connection to 'ws://localhost:1420/api/events.mux' failed: WebSocket is closed before the connection is established. @ http://localhost:1420/plugins/@deepseek-ai/dsh-client-connection/client.js?rev=bc3c3fa9d26b:10055
[ 2300070ms] [WARNING] WebSocket connection to 'ws://localhost:1420/api/events.host' failed: WebSocket is closed before the connection is established. @ http://localhost:1420/plugins/@deepseek-ai/dsh-client-connection/client.js?rev=bc3c3fa9d26b:10055
[ 2300070ms] [WARNING] [web-runtime] connection lost, retry #299 @ http://localhost:1420/plugins/@deepseek-ai/dsh-client-connection/client.js?rev=bc3c3fa9d26b:115
[ 2304117ms] [ERROR] WebSocket connection to 'ws://localhost:1420/' failed: Error in connection establishment: net::ERR_CONNECTION_REFUSED @ http://localhost:1420/@vite/client:1034
[ 2306367ms] [ERROR] WebSocket connection to 'ws://localhost:1420/' failed: Error in connection establishment: net::ERR_CONNECTION_REFUSED @ http://localhost:1420/@vite/client:1034
[ 2309077ms] [ERROR] Failed to load resource: net::ERR_CONNECTION_REFUSED @ http://localhost:1420/api/host.describe:0
[ 2309077ms] [WARNING] WebSocket connection to 'ws://localhost:1420/api/events.mux' failed: WebSocket is closed before the connection is established. @ http://localhost:1420/plugins/@deepseek-ai/dsh-client-connection/client.js?rev=bc3c3fa9d26b:10055
[ 2309077ms] [WARNING] WebSocket connection to 'ws://localhost:1420/api/events.host' failed: WebSocket is closed before the connection is established. @ http://localhost:1420/plugins/@deepseek-ai/dsh-client-connection/client.js?rev=bc3c3fa9d26b:10055
[ 2309077ms] [WARNING] [web-runtime] connection lost, retry #300 @ http://localhost:1420/plugins/@deepseek-ai/dsh-client-connection/client.js?rev=bc3c3fa9d26b:115
[ 2310933ms] [ERROR] WebSocket connection to 'ws://localhost:1420/' failed: Error in connection establishment: net::ERR_CONNECTION_REFUSED @ http://localhost:1420/@vite/client:1034
[ 2312992ms] [ERROR] WebSocket connection to 'ws://localhost:1420/' failed: Error in connection establishment: net::ERR_CONNECTION_REFUSED @ http://localhost:1420/@vite/client:1034
[ 2315157ms] [ERROR] Failed to load resource: net::ERR_CONNECTION_REFUSED @ http://localhost:1420/api/host.describe:0
[ 2315157ms] [WARNING] WebSocket connection to 'ws://localhost:1420/api/events.mux' failed: WebSocket is closed before the connection is established. @ http://localhost:1420/plugins/@deepseek-ai/dsh-client-connection/client.js?rev=bc3c3fa9d26b:10055
[ 2315157ms] [WARNING] WebSocket connection to 'ws://localhost:1420/api/events.host' failed: WebSocket is closed before the connection is established. @ http://localhost:1420/plugins/@deepseek-ai/dsh-client-connection/client.js?rev=bc3c3fa9d26b:10055
[ 2315158ms] [WARNING] [web-runtime] connection lost, retry #301 @ http://localhost:1420/plugins/@deepseek-ai/dsh-client-connection/client.js?rev=bc3c3fa9d26b:115
[ 2317396ms] [ERROR] WebSocket connection to 'ws://localhost:1420/' failed: Error in connection establishment: net::ERR_CONNECTION_REFUSED @ http://localhost:1420/@vite/client:1034
[ 2321388ms] [ERROR] Failed to load resource: net::ERR_CONNECTION_REFUSED @ http://localhost:1420/api/host.describe:0
[ 2321388ms] [WARNING] WebSocket connection to 'ws://localhost:1420/api/events.mux' failed: WebSocket is closed before the connection is established. @ http://localhost:1420/plugins/@deepseek-ai/dsh-client-connection/client.js?rev=bc3c3fa9d26b:10055
[ 2321388ms] [WARNING] WebSocket connection to 'ws://localhost:1420/api/events.host' failed: WebSocket is closed before the connection is established. @ http://localhost:1420/plugins/@deepseek-ai/dsh-client-connection/client.js?rev=bc3c3fa9d26b:10055
[ 2321388ms] [WARNING] [web-runtime] connection lost, retry #302 @ http://localhost:1420/plugins/@deepseek-ai/dsh-client-connection/client.js?rev=bc3c3fa9d26b:115
[ 2323169ms] [ERROR] WebSocket connection to 'ws://localhost:1420/' failed: Error in connection establishment: net::ERR_CONNECTION_REFUSED @ http://localhost:1420/@vite/client:1034
[ 2325887ms] [ERROR] WebSocket connection to 'ws://localhost:1420/' failed: Error in connection establishment: net::ERR_CONNECTION_REFUSED @ http://localhost:1420/@vite/client:1034
[ 2329203ms] [ERROR] Failed to load resource: net::ERR_CONNECTION_REFUSED @ http://localhost:1420/api/host.describe:0
[ 2329204ms] [WARNING] WebSocket connection to 'ws://localhost:1420/api/events.mux' failed: WebSocket is closed before the connection is established. @ http://localhost:1420/plugins/@deepseek-ai/dsh-client-connection/client.js?rev=bc3c3fa9d26b:10055
[ 2329204ms] [WARNING] WebSocket connection to 'ws://localhost:1420/api/events.host' failed: WebSocket is closed before the connection is established. @ http://localhost:1420/plugins/@deepseek-ai/dsh-client-connection/client.js?rev=bc3c3fa9d26b:10055
[ 2329204ms] [WARNING] [web-runtime] connection lost, retry #303 @ http://localhost:1420/plugins/@deepseek-ai/dsh-client-connection/client.js?rev=bc3c3fa9d26b:115
[ 2329329ms] [ERROR] WebSocket connection to 'ws://localhost:1420/' failed: Error in connection establishment: net::ERR_CONNECTION_REFUSED @ http://localhost:1420/@vite/client:1034
[ 2334920ms] [ERROR] WebSocket connection to 'ws://localhost:1420/' failed: Error in connection establishment: net::ERR_CONNECTION_REFUSED @ http://localhost:1420/@vite/client:1034
[ 2337418ms] [ERROR] Failed to load resource: net::ERR_CONNECTION_REFUSED @ http://localhost:1420/api/host.describe:0
[ 2337418ms] [WARNING] WebSocket connection to 'ws://localhost:1420/api/events.mux' failed: WebSocket is closed before the connection is established. @ http://localhost:1420/plugins/@deepseek-ai/dsh-client-connection/client.js?rev=bc3c3fa9d26b:10055
[ 2337418ms] [WARNING] WebSocket connection to 'ws://localhost:1420/api/events.host' failed: WebSocket is closed before the connection is established. @ http://localhost:1420/plugins/@deepseek-ai/dsh-client-connection/client.js?rev=bc3c3fa9d26b:10055
[ 2337418ms] [WARNING] [web-runtime] connection lost, retry #304 @ http://localhost:1420/plugins/@deepseek-ai/dsh-client-connection/client.js?rev=bc3c3fa9d26b:115
[ 2340639ms] [ERROR] WebSocket connection to 'ws://localhost:1420/' failed: Error in connection establishment: net::ERR_CONNECTION_REFUSED @ http://localhost:1420/@vite/client:1034
[ 2344094ms] [ERROR] WebSocket connection to 'ws://localhost:1420/' failed: Error in connection establishment: net::ERR_CONNECTION_REFUSED @ http://localhost:1420/@vite/client:1034
[ 2344197ms] [ERROR] Failed to load resource: net::ERR_CONNECTION_REFUSED @ http://localhost:1420/api/host.describe:0
[ 2344198ms] [WARNING] WebSocket connection to 'ws://localhost:1420/api/events.mux' failed: WebSocket is closed before the connection is established. @ http://localhost:1420/plugins/@deepseek-ai/dsh-client-connection/client.js?rev=bc3c3fa9d26b:10055
[ 2344198ms] [WARNING] WebSocket connection to 'ws://localhost:1420/api/events.host' failed: WebSocket is closed before the connection is established. @ http://localhost:1420/plugins/@deepseek-ai/dsh-client-connection/client.js?rev=bc3c3fa9d26b:10055
[ 2344198ms] [WARNING] [web-runtime] connection lost, retry #305 @ http://localhost:1420/plugins/@deepseek-ai/dsh-client-connection/client.js?rev=bc3c3fa9d26b:115
[ 2346975ms] [ERROR] WebSocket connection to 'ws://localhost:1420/' failed: Error in connection establishment: net::ERR_CONNECTION_REFUSED @ http://localhost:1420/@vite/client:1034
[ 2352233ms] [ERROR] Failed to load resource: net::ERR_CONNECTION_REFUSED @ http://localhost:1420/api/host.describe:0
[ 2352233ms] [WARNING] WebSocket connection to 'ws://localhost:1420/api/events.mux' failed: WebSocket is closed before the connection is established. @ http://localhost:1420/plugins/@deepseek-ai/dsh-client-connection/client.js?rev=bc3c3fa9d26b:10055
[ 2352233ms] [WARNING] WebSocket connection to 'ws://localhost:1420/api/events.host' failed: WebSocket is closed before the connection is established. @ http://localhost:1420/plugins/@deepseek-ai/dsh-client-connection/client.js?rev=bc3c3fa9d26b:10055
[ 2352234ms] [WARNING] [web-runtime] connection lost, retry #306 @ http://localhost:1420/plugins/@deepseek-ai/dsh-client-connection/client.js?rev=bc3c3fa9d26b:115
[ 2352393ms] [ERROR] WebSocket connection to 'ws://localhost:1420/' failed: Error in connection establishment: net::ERR_CONNECTION_REFUSED @ http://localhost:1420/@vite/client:1034
[ 2357478ms] [ERROR] WebSocket connection to 'ws://localhost:1420/' failed: Error in connection establishment: net::ERR_CONNECTION_REFUSED @ http://localhost:1420/@vite/client:1034
[ 2359905ms] [ERROR] Failed to load resource: net::ERR_CONNECTION_REFUSED @ http://localhost:1420/api/host.describe:0
[ 2359905ms] [WARNING] WebSocket connection to 'ws://localhost:1420/api/events.mux' failed: WebSocket is closed before the connection is established. @ http://localhost:1420/plugins/@deepseek-ai/dsh-client-connection/client.js?rev=bc3c3fa9d26b:10055
[ 2359905ms] [WARNING] WebSocket connection to 'ws://localhost:1420/api/events.host' failed: WebSocket is closed before the connection is established. @ http://localhost:1420/plugins/@deepseek-ai/dsh-client-connection/client.js?rev=bc3c3fa9d26b:10055
[ 2359905ms] [WARNING] [web-runtime] connection lost, retry #307 @ http://localhost:1420/plugins/@deepseek-ai/dsh-client-connection/client.js?rev=bc3c3fa9d26b:115
[ 2360851ms] [ERROR] WebSocket connection to 'ws://localhost:1420/' failed: Error in connection establishment: net::ERR_CONNECTION_REFUSED @ http://localhost:1420/@vite/client:1034
[ 2365119ms] [ERROR] WebSocket connection to 'ws://localhost:1420/' failed: Error in connection establishment: net::ERR_CONNECTION_REFUSED @ http://localhost:1420/@vite/client:1034
[ 2369617ms] [ERROR] WebSocket connection to 'ws://localhost:1420/' failed: Error in connection establishment: net::ERR_CONNECTION_REFUSED @ http://localhost:1420/@vite/client:1034
[ 2369841ms] [ERROR] Failed to load resource: net::ERR_CONNECTION_REFUSED @ http://localhost:1420/api/host.describe:0
[ 2369842ms] [WARNING] WebSocket connection to 'ws://localhost:1420/api/events.mux' failed: WebSocket is closed before the connection is established. @ http://localhost:1420/plugins/@deepseek-ai/dsh-client-connection/client.js?rev=bc3c3fa9d26b:10055
[ 2369842ms] [WARNING] WebSocket connection to 'ws://localhost:1420/api/events.host' failed: WebSocket is closed before the connection is established. @ http://localhost:1420/plugins/@deepseek-ai/dsh-client-connection/client.js?rev=bc3c3fa9d26b:10055
[ 2369842ms] [WARNING] [web-runtime] connection lost, retry #308 @ http://localhost:1420/plugins/@deepseek-ai/dsh-client-connection/client.js?rev=bc3c3fa9d26b:115
[ 2374338ms] [ERROR] WebSocket connection to 'ws://localhost:1420/' failed: Error in connection establishment: net::ERR_CONNECTION_REFUSED @ http://localhost:1420/@vite/client:1034
[ 2377722ms] [ERROR] Failed to load resource: net::ERR_CONNECTION_REFUSED @ http://localhost:1420/api/host.describe:0
[ 2377723ms] [WARNING] WebSocket connection to 'ws://localhost:1420/api/events.mux' failed: WebSocket is closed before the connection is established. @ http://localhost:1420/plugins/@deepseek-ai/dsh-client-connection/client.js?rev=bc3c3fa9d26b:10055
[ 2377723ms] [WARNING] WebSocket connection to 'ws://localhost:1420/api/events.host' failed: WebSocket is closed before the connection is established. @ http://localhost:1420/plugins/@deepseek-ai/dsh-client-connection/client.js?rev=bc3c3fa9d26b:10055
[ 2377723ms] [WARNING] [web-runtime] connection lost, retry #309 @ http://localhost:1420/plugins/@deepseek-ai/dsh-client-connection/client.js?rev=bc3c3fa9d26b:115
[ 2379889ms] [ERROR] WebSocket connection to 'ws://localhost:1420/' failed: Error in connection establishment: net::ERR_CONNECTION_REFUSED @ http://localhost:1420/@vite/client:1034
[ 2385037ms] [ERROR] WebSocket connection to 'ws://localhost:1420/' failed: Error in connection establishment: net::ERR_CONNECTION_REFUSED @ http://localhost:1420/@vite/client:1034
[ 2386555ms] [ERROR] Failed to load resource: net::ERR_CONNECTION_REFUSED @ http://localhost:1420/api/host.describe:0
[ 2386555ms] [WARNING] WebSocket connection to 'ws://localhost:1420/api/events.mux' failed: WebSocket is closed before the connection is established. @ http://localhost:1420/plugins/@deepseek-ai/dsh-client-connection/client.js?rev=bc3c3fa9d26b:10055
[ 2386555ms] [WARNING] WebSocket connection to 'ws://localhost:1420/api/events.host' failed: WebSocket is closed before the connection is established. @ http://localhost:1420/plugins/@deepseek-ai/dsh-client-connection/client.js?rev=bc3c3fa9d26b:10055
[ 2386556ms] [WARNING] [web-runtime] connection lost, retry #310 @ http://localhost:1420/plugins/@deepseek-ai/dsh-client-connection/client.js?rev=bc3c3fa9d26b:115
[ 2389315ms] [ERROR] WebSocket connection to 'ws://localhost:1420/' failed: Error in connection establishment: net::ERR_CONNECTION_REFUSED @ http://localhost:1420/@vite/client:1034
[ 2391448ms] [ERROR] WebSocket connection to 'ws://localhost:1420/' failed: Error in connection establishment: net::ERR_CONNECTION_REFUSED @ http://localhost:1420/@vite/client:1034
[ 2394211ms] [ERROR] WebSocket connection to 'ws://localhost:1420/' failed: Error in connection establishment: net::ERR_CONNECTION_REFUSED @ http://localhost:1420/@vite/client:1034
[ 2395821ms] [ERROR] Failed to load resource: net::ERR_CONNECTION_REFUSED @ http://localhost:1420/api/host.describe:0
[ 2395821ms] [WARNING] WebSocket connection to 'ws://localhost:1420/api/events.mux' failed: WebSocket is closed before the connection is established. @ http://localhost:1420/plugins/@deepseek-ai/dsh-client-connection/client.js?rev=bc3c3fa9d26b:10055
[ 2395821ms] [WARNING] WebSocket connection to 'ws://localhost:1420/api/events.host' failed: WebSocket is closed before the connection is established. @ http://localhost:1420/plugins/@deepseek-ai/dsh-client-connection/client.js?rev=bc3c3fa9d26b:10055
[ 2395822ms] [WARNING] [web-runtime] connection lost, retry #311 @ http://localhost:1420/plugins/@deepseek-ai/dsh-client-connection/client.js?rev=bc3c3fa9d26b:115
[ 2398112ms] [ERROR] WebSocket connection to 'ws://localhost:1420/' failed: Error in connection establishment: net::ERR_CONNECTION_REFUSED @ http://localhost:1420/@vite/client:1034
[ 2401106ms] [ERROR] Failed to load resource: net::ERR_CONNECTION_REFUSED @ http://localhost:1420/api/host.describe:0
[ 2401106ms] [WARNING] WebSocket connection to 'ws://localhost:1420/api/events.mux' failed: WebSocket is closed before the connection is established. @ http://localhost:1420/plugins/@deepseek-ai/dsh-client-connection/client.js?rev=bc3c3fa9d26b:10055
[ 2401106ms] [WARNING] WebSocket connection to 'ws://localhost:1420/api/events.host' failed: WebSocket is closed before the connection is established. @ http://localhost:1420/plugins/@deepseek-ai/dsh-client-connection/client.js?rev=bc3c3fa9d26b:10055
[ 2401106ms] [WARNING] [web-runtime] connection lost, retry #312 @ http://localhost:1420/plugins/@deepseek-ai/dsh-client-connection/client.js?rev=bc3c3fa9d26b:115
[ 2402798ms] [ERROR] WebSocket connection to 'ws://localhost:1420/' failed: Error in connection establishment: net::ERR_CONNECTION_REFUSED @ http://localhost:1420/@vite/client:1034
[ 2405566ms] [ERROR] WebSocket connection to 'ws://localhost:1420/' failed: Error in connection establishment: net::ERR_CONNECTION_REFUSED @ http://localhost:1420/@vite/client:1034
[ 2408723ms] [ERROR] Failed to load resource: net::ERR_CONNECTION_REFUSED @ http://localhost:1420/api/host.describe:0
[ 2408724ms] [WARNING] WebSocket connection to 'ws://localhost:1420/api/events.mux' failed: WebSocket is closed before the connection is established. @ http://localhost:1420/plugins/@deepseek-ai/dsh-client-connection/client.js?rev=bc3c3fa9d26b:10055
[ 2408724ms] [WARNING] WebSocket connection to 'ws://localhost:1420/api/events.host' failed: WebSocket is closed before the connection is established. @ http://localhost:1420/plugins/@deepseek-ai/dsh-client-connection/client.js?rev=bc3c3fa9d26b:10055
[ 2408724ms] [WARNING] [web-runtime] connection lost, retry #313 @ http://localhost:1420/plugins/@deepseek-ai/dsh-client-connection/client.js?rev=bc3c3fa9d26b:115
[ 2408838ms] [ERROR] WebSocket connection to 'ws://localhost:1420/' failed: Error in connection establishment: net::ERR_CONNECTION_REFUSED @ http://localhost:1420/@vite/client:1034
[ 2410875ms] [ERROR] WebSocket connection to 'ws://localhost:1420/' failed: Error in connection establishment: net::ERR_CONNECTION_REFUSED @ http://localhost:1420/@vite/client:1034
[ 2414059ms] [ERROR] WebSocket connection to 'ws://localhost:1420/' failed: Error in connection establishment: net::ERR_CONNECTION_REFUSED @ http://localhost:1420/@vite/client:1034
[ 2415835ms] [ERROR] Failed to load resource: net::ERR_CONNECTION_REFUSED @ http://localhost:1420/api/host.describe:0
[ 2415835ms] [WARNING] WebSocket connection to 'ws://localhost:1420/api/events.mux' failed: WebSocket is closed before the connection is established. @ http://localhost:1420/plugins/@deepseek-ai/dsh-client-connection/client.js?rev=bc3c3fa9d26b:10055
[ 2415835ms] [WARNING] WebSocket connection to 'ws://localhost:1420/api/events.host' failed: WebSocket is closed before the connection is established. @ http://localhost:1420/plugins/@deepseek-ai/dsh-client-connection/client.js?rev=bc3c3fa9d26b:10055
[ 2415835ms] [WARNING] [web-runtime] connection lost, retry #314 @ http://localhost:1420/plugins/@deepseek-ai/dsh-client-connection/client.js?rev=bc3c3fa9d26b:115
[ 2418152ms] [ERROR] WebSocket connection to 'ws://localhost:1420/' failed: Error in connection establishment: net::ERR_CONNECTION_REFUSED @ http://localhost:1420/@vite/client:1034
[ 2421632ms] [ERROR] WebSocket connection to 'ws://localhost:1420/' failed: Error in connection establishment: net::ERR_CONNECTION_REFUSED @ http://localhost:1420/@vite/client:1034
[ 2422955ms] [ERROR] Failed to load resource: net::ERR_CONNECTION_REFUSED @ http://localhost:1420/api/host.describe:0
[ 2422956ms] [WARNING] WebSocket connection to 'ws://localhost:1420/api/events.mux' failed: WebSocket is closed before the connection is established. @ http://localhost:1420/plugins/@deepseek-ai/dsh-client-connection/client.js?rev=bc3c3fa9d26b:10055
[ 2422956ms] [WARNING] WebSocket connection to 'ws://localhost:1420/api/events.host' failed: WebSocket is closed before the connection is established. @ http://localhost:1420/plugins/@deepseek-ai/dsh-client-connection/client.js?rev=bc3c3fa9d26b:10055
[ 2422956ms] [WARNING] [web-runtime] connection lost, retry #315 @ http://localhost:1420/plugins/@deepseek-ai/dsh-client-connection/client.js?rev=bc3c3fa9d26b:115
[ 2423866ms] [ERROR] WebSocket connection to 'ws://localhost:1420/' failed: Error in connection establishment: net::ERR_CONNECTION_REFUSED @ http://localhost:1420/@vite/client:1034
[ 2428079ms] [ERROR] WebSocket connection to 'ws://localhost:1420/' failed: Error in connection establishment: net::ERR_CONNECTION_REFUSED @ http://localhost:1420/@vite/client:1034
[ 2431002ms] [ERROR] WebSocket connection to 'ws://localhost:1420/' failed: Error in connection establishment: net::ERR_CONNECTION_REFUSED @ http://localhost:1420/@vite/client:1034
[ 2432727ms] [ERROR] Failed to load resource: net::ERR_CONNECTION_REFUSED @ http://localhost:1420/api/host.describe:0
[ 2432727ms] [WARNING] WebSocket connection to 'ws://localhost:1420/api/events.mux' failed: WebSocket is closed before the connection is established. @ http://localhost:1420/plugins/@deepseek-ai/dsh-client-connection/client.js?rev=bc3c3fa9d26b:10055
[ 2432727ms] [WARNING] WebSocket connection to 'ws://localhost:1420/api/events.host' failed: WebSocket is closed before the connection is established. @ http://localhost:1420/plugins/@deepseek-ai/dsh-client-connection/client.js?rev=bc3c3fa9d26b:10055
[ 2432727ms] [WARNING] [web-runtime] connection lost, retry #316 @ http://localhost:1420/plugins/@deepseek-ai/dsh-client-connection/client.js?rev=bc3c3fa9d26b:115
[ 2433137ms] [ERROR] WebSocket connection to 'ws://localhost:1420/' failed: Error in connection establishment: net::ERR_CONNECTION_REFUSED @ http://localhost:1420/@vite/client:1034
[ 2437383ms] [ERROR] WebSocket connection to 'ws://localhost:1420/' failed: Error in connection establishment: net::ERR_CONNECTION_REFUSED @ http://localhost:1420/@vite/client:1034
[ 2438962ms] [ERROR] Failed to load resource: net::ERR_CONNECTION_REFUSED @ http://localhost:1420/api/host.describe:0
[ 2438962ms] [WARNING] WebSocket connection to 'ws://localhost:1420/api/events.mux' failed: WebSocket is closed before the connection is established. @ http://localhost:1420/plugins/@deepseek-ai/dsh-client-connection/client.js?rev=bc3c3fa9d26b:10055
[ 2438962ms] [WARNING] WebSocket connection to 'ws://localhost:1420/api/events.host' failed: WebSocket is closed before the connection is established. @ http://localhost:1420/plugins/@deepseek-ai/dsh-client-connection/client.js?rev=bc3c3fa9d26b:10055
[ 2438963ms] [WARNING] [web-runtime] connection lost, retry #317 @ http://localhost:1420/plugins/@deepseek-ai/dsh-client-connection/client.js?rev=bc3c3fa9d26b:115
[ 2442960ms] [ERROR] WebSocket connection to 'ws://localhost:1420/' failed: Error in connection establishment: net::ERR_CONNECTION_REFUSED @ http://localhost:1420/@vite/client:1034
[ 2446937ms] [ERROR] Failed to load resource: net::ERR_CONNECTION_REFUSED @ http://localhost:1420/api/host.describe:0
[ 2446938ms] [WARNING] WebSocket connection to 'ws://localhost:1420/api/events.mux' failed: WebSocket is closed before the connection is established. @ http://localhost:1420/plugins/@deepseek-ai/dsh-client-connection/client.js?rev=bc3c3fa9d26b:10055
[ 2446938ms] [WARNING] WebSocket connection to 'ws://localhost:1420/api/events.host' failed: WebSocket is closed before the connection is established. @ http://localhost:1420/plugins/@deepseek-ai/dsh-client-connection/client.js?rev=bc3c3fa9d26b:10055
[ 2446938ms] [WARNING] [web-runtime] connection lost, retry #318 @ http://localhost:1420/plugins/@deepseek-ai/dsh-client-connection/client.js?rev=bc3c3fa9d26b:115
[ 2448504ms] [ERROR] WebSocket connection to 'ws://localhost:1420/' failed: Error in connection establishment: net::ERR_CONNECTION_REFUSED @ http://localhost:1420/@vite/client:1034
[ 2452481ms] [ERROR] WebSocket connection to 'ws://localhost:1420/' failed: Error in connection establishment: net::ERR_CONNECTION_REFUSED @ http://localhost:1420/@vite/client:1034
[ 2454914ms] [ERROR] WebSocket connection to 'ws://localhost:1420/' failed: Error in connection establishment: net::ERR_CONNECTION_REFUSED @ http://localhost:1420/@vite/client:1034
[ 2456697ms] [ERROR] Failed to load resource: net::ERR_CONNECTION_REFUSED @ http://localhost:1420/api/host.describe:0
[ 2456698ms] [WARNING] WebSocket connection to 'ws://localhost:1420/api/events.mux' failed: WebSocket is closed before the connection is established. @ http://localhost:1420/plugins/@deepseek-ai/dsh-client-connection/client.js?rev=bc3c3fa9d26b:10055
[ 2456698ms] [WARNING] WebSocket connection to 'ws://localhost:1420/api/events.host' failed: WebSocket is closed before the connection is established. @ http://localhost:1420/plugins/@deepseek-ai/dsh-client-connection/client.js?rev=bc3c3fa9d26b:10055
[ 2456698ms] [WARNING] [web-runtime] connection lost, retry #319 @ http://localhost:1420/plugins/@deepseek-ai/dsh-client-connection/client.js?rev=bc3c3fa9d26b:115
[ 2457528ms] [ERROR] WebSocket connection to 'ws://localhost:1420/' failed: Error in connection establishment: net::ERR_CONNECTION_REFUSED @ http://localhost:1420/@vite/client:1034
[ 2462090ms] [ERROR] Failed to load resource: net::ERR_CONNECTION_REFUSED @ http://localhost:1420/api/host.describe:0
[ 2462090ms] [WARNING] WebSocket connection to 'ws://localhost:1420/api/events.mux' failed: WebSocket is closed before the connection is established. @ http://localhost:1420/plugins/@deepseek-ai/dsh-client-connection/client.js?rev=bc3c3fa9d26b:10055
[ 2462090ms] [WARNING] WebSocket connection to 'ws://localhost:1420/api/events.host' failed: WebSocket is closed before the connection is established. @ http://localhost:1420/plugins/@deepseek-ai/dsh-client-connection/client.js?rev=bc3c3fa9d26b:10055
[ 2462091ms] [WARNING] [web-runtime] connection lost, retry #320 @ http://localhost:1420/plugins/@deepseek-ai/dsh-client-connection/client.js?rev=bc3c3fa9d26b:115
[ 2463354ms] [ERROR] WebSocket connection to 'ws://localhost:1420/' failed: Error in connection establishment: net::ERR_CONNECTION_REFUSED @ http://localhost:1420/@vite/client:1034
[ 2467199ms] [ERROR] WebSocket connection to 'ws://localhost:1420/' failed: Error in connection establishment: net::ERR_CONNECTION_REFUSED @ http://localhost:1420/@vite/client:1034
[ 2467390ms] [ERROR] Failed to load resource: net::ERR_CONNECTION_REFUSED @ http://localhost:1420/api/host.describe:0
[ 2467390ms] [WARNING] WebSocket connection to 'ws://localhost:1420/api/events.mux' failed: WebSocket is closed before the connection is established. @ http://localhost:1420/plugins/@deepseek-ai/dsh-client-connection/client.js?rev=bc3c3fa9d26b:10055
[ 2467390ms] [WARNING] WebSocket connection to 'ws://localhost:1420/api/events.host' failed: WebSocket is closed before the connection is established. @ http://localhost:1420/plugins/@deepseek-ai/dsh-client-connection/client.js?rev=bc3c3fa9d26b:10055
[ 2467390ms] [WARNING] [web-runtime] connection lost, retry #321 @ http://localhost:1420/plugins/@deepseek-ai/dsh-client-connection/client.js?rev=bc3c3fa9d26b:115
[ 2470052ms] [ERROR] WebSocket connection to 'ws://localhost:1420/' failed: Error in connection establishment: net::ERR_CONNECTION_REFUSED @ http://localhost:1420/@vite/client:1034
[ 2472106ms] [ERROR] WebSocket connection to 'ws://localhost:1420/' failed: Error in connection establishment: net::ERR_CONNECTION_REFUSED @ http://localhost:1420/@vite/client:1034
[ 2473256ms] [ERROR] Failed to load resource: net::ERR_CONNECTION_REFUSED @ http://localhost:1420/api/host.describe:0
[ 2473257ms] [WARNING] WebSocket connection to 'ws://localhost:1420/api/events.mux' failed: WebSocket is closed before the connection is established. @ http://localhost:1420/plugins/@deepseek-ai/dsh-client-connection/client.js?rev=bc3c3fa9d26b:10055
[ 2473257ms] [WARNING] WebSocket connection to 'ws://localhost:1420/api/events.host' failed: WebSocket is closed before the connection is established. @ http://localhost:1420/plugins/@deepseek-ai/dsh-client-connection/client.js?rev=bc3c3fa9d26b:10055
[ 2473257ms] [WARNING] [web-runtime] connection lost, retry #322 @ http://localhost:1420/plugins/@deepseek-ai/dsh-client-connection/client.js?rev=bc3c3fa9d26b:115
[ 2475917ms] [ERROR] WebSocket connection to 'ws://localhost:1420/' failed: Error in connection establishment: net::ERR_CONNECTION_REFUSED @ http://localhost:1420/@vite/client:1034
[ 2478575ms] [ERROR] WebSocket connection to 'ws://localhost:1420/' failed: Error in connection establishment: net::ERR_CONNECTION_REFUSED @ http://localhost:1420/@vite/client:1034
[ 2480732ms] [ERROR] WebSocket connection to 'ws://localhost:1420/' failed: Error in connection establishment: net::ERR_CONNECTION_REFUSED @ http://localhost:1420/@vite/client:1034
[ 2481261ms] [ERROR] Failed to load resource: net::ERR_CONNECTION_REFUSED @ http://localhost:1420/api/host.describe:0
[ 2481261ms] [WARNING] WebSocket connection to 'ws://localhost:1420/api/events.mux' failed: WebSocket is closed before the connection is established. @ http://localhost:1420/plugins/@deepseek-ai/dsh-client-connection/client.js?rev=bc3c3fa9d26b:10055
[ 2481261ms] [WARNING] WebSocket connection to 'ws://localhost:1420/api/events.host' failed: WebSocket is closed before the connection is established. @ http://localhost:1420/plugins/@deepseek-ai/dsh-client-connection/client.js?rev=bc3c3fa9d26b:10055
[ 2481261ms] [WARNING] [web-runtime] connection lost, retry #323 @ http://localhost:1420/plugins/@deepseek-ai/dsh-client-connection/client.js?rev=bc3c3fa9d26b:115
[ 2484797ms] [ERROR] WebSocket connection to 'ws://localhost:1420/' failed: Error in connection establishment: net::ERR_CONNECTION_REFUSED @ http://localhost:1420/@vite/client:1034
[ 2487300ms] [ERROR] Failed to load resource: net::ERR_CONNECTION_REFUSED @ http://localhost:1420/api/host.describe:0
[ 2487300ms] [WARNING] WebSocket connection to 'ws://localhost:1420/api/events.mux' failed: WebSocket is closed before the connection is established. @ http://localhost:1420/plugins/@deepseek-ai/dsh-client-connection/client.js?rev=bc3c3fa9d26b:10055
[ 2487300ms] [WARNING] WebSocket connection to 'ws://localhost:1420/api/events.host' failed: WebSocket is closed before the connection is established. @ http://localhost:1420/plugins/@deepseek-ai/dsh-client-connection/client.js?rev=bc3c3fa9d26b:10055
[ 2487300ms] [WARNING] [web-runtime] connection lost, retry #324 @ http://localhost:1420/plugins/@deepseek-ai/dsh-client-connection/client.js?rev=bc3c3fa9d26b:115
[ 2488710ms] [ERROR] WebSocket connection to 'ws://localhost:1420/' failed: Error in connection establishment: net::ERR_CONNECTION_REFUSED @ http://localhost:1420/@vite/client:1034
[ 2493732ms] [ERROR] WebSocket connection to 'ws://localhost:1420/' failed: Error in connection establishment: net::ERR_CONNECTION_REFUSED @ http://localhost:1420/@vite/client:1034
[ 2496711ms] [ERROR] Failed to load resource: net::ERR_CONNECTION_REFUSED @ http://localhost:1420/api/host.describe:0
[ 2496712ms] [WARNING] WebSocket connection to 'ws://localhost:1420/api/events.mux' failed: WebSocket is closed before the connection is established. @ http://localhost:1420/plugins/@deepseek-ai/dsh-client-connection/client.js?rev=bc3c3fa9d26b:10055
[ 2496712ms] [WARNING] WebSocket connection to 'ws://localhost:1420/api/events.host' failed: WebSocket is closed before the connection is established. @ http://localhost:1420/plugins/@deepseek-ai/dsh-client-connection/client.js?rev=bc3c3fa9d26b:10055
[ 2496713ms] [WARNING] [web-runtime] connection lost, retry #325 @ http://localhost:1420/plugins/@deepseek-ai/dsh-client-connection/client.js?rev=bc3c3fa9d26b:115
[ 2497345ms] [ERROR] WebSocket connection to 'ws://localhost:1420/' failed: Error in connection establishment: net::ERR_CONNECTION_REFUSED @ http://localhost:1420/@vite/client:1034
[ 2500155ms] [ERROR] WebSocket connection to 'ws://localhost:1420/' failed: Error in connection establishment: net::ERR_CONNECTION_REFUSED @ http://localhost:1420/@vite/client:1034
[ 2504250ms] [ERROR] Failed to load resource: net::ERR_CONNECTION_REFUSED @ http://localhost:1420/api/host.describe:0
[ 2504251ms] [WARNING] WebSocket connection to 'ws://localhost:1420/api/events.mux' failed: WebSocket is closed before the connection is established. @ http://localhost:1420/plugins/@deepseek-ai/dsh-client-connection/client.js?rev=bc3c3fa9d26b:10055
[ 2504251ms] [WARNING] WebSocket connection to 'ws://localhost:1420/api/events.host' failed: WebSocket is closed before the connection is established. @ http://localhost:1420/plugins/@deepseek-ai/dsh-client-connection/client.js?rev=bc3c3fa9d26b:10055
[ 2504251ms] [WARNING] [web-runtime] connection lost, retry #326 @ http://localhost:1420/plugins/@deepseek-ai/dsh-client-connection/client.js?rev=bc3c3fa9d26b:115
[ 2505131ms] [ERROR] WebSocket connection to 'ws://localhost:1420/' failed: Error in connection establishment: net::ERR_CONNECTION_REFUSED @ http://localhost:1420/@vite/client:1034
[ 2507424ms] [ERROR] WebSocket connection to 'ws://localhost:1420/' failed: Error in connection establishment: net::ERR_CONNECTION_REFUSED @ http://localhost:1420/@vite/client:1034
[ 2509723ms] [ERROR] WebSocket connection to 'ws://localhost:1420/' failed: Error in connection establishment: net::ERR_CONNECTION_REFUSED @ http://localhost:1420/@vite/client:1034
[ 2509898ms] [ERROR] Failed to load resource: net::ERR_CONNECTION_REFUSED @ http://localhost:1420/api/host.describe:0
[ 2509898ms] [WARNING] WebSocket connection to 'ws://localhost:1420/api/events.mux' failed: WebSocket is closed before the connection is established. @ http://localhost:1420/plugins/@deepseek-ai/dsh-client-connection/client.js?rev=bc3c3fa9d26b:10055
[ 2509898ms] [WARNING] WebSocket connection to 'ws://localhost:1420/api/events.host' failed: WebSocket is closed before the connection is established. @ http://localhost:1420/plugins/@deepseek-ai/dsh-client-connection/client.js?rev=bc3c3fa9d26b:10055
[ 2509898ms] [WARNING] [web-runtime] connection lost, retry #327 @ http://localhost:1420/plugins/@deepseek-ai/dsh-client-connection/client.js?rev=bc3c3fa9d26b:115
[ 2514231ms] [ERROR] WebSocket connection to 'ws://localhost:1420/' failed: Error in connection establishment: net::ERR_CONNECTION_REFUSED @ http://localhost:1420/@vite/client:1034
[ 2515181ms] [ERROR] Failed to load resource: net::ERR_CONNECTION_REFUSED @ http://localhost:1420/api/host.describe:0
[ 2515182ms] [WARNING] WebSocket connection to 'ws://localhost:1420/api/events.mux' failed: WebSocket is closed before the connection is established. @ http://localhost:1420/plugins/@deepseek-ai/dsh-client-connection/client.js?rev=bc3c3fa9d26b:10055
[ 2515182ms] [WARNING] WebSocket connection to 'ws://localhost:1420/api/events.host' failed: WebSocket is closed before the connection is established. @ http://localhost:1420/plugins/@deepseek-ai/dsh-client-connection/client.js?rev=bc3c3fa9d26b:10055
[ 2515182ms] [WARNING] [web-runtime] connection lost, retry #328 @ http://localhost:1420/plugins/@deepseek-ai/dsh-client-connection/client.js?rev=bc3c3fa9d26b:115
[ 2518523ms] [ERROR] WebSocket connection to 'ws://localhost:1420/' failed: Error in connection establishment: net::ERR_CONNECTION_REFUSED @ http://localhost:1420/@vite/client:1034
[ 2524202ms] [ERROR] WebSocket connection to 'ws://localhost:1420/' failed: Error in connection establishment: net::ERR_CONNECTION_REFUSED @ http://localhost:1420/@vite/client:1034
[ 2524408ms] [ERROR] Failed to load resource: net::ERR_CONNECTION_REFUSED @ http://localhost:1420/api/host.describe:0
[ 2524409ms] [WARNING] WebSocket connection to 'ws://localhost:1420/api/events.mux' failed: WebSocket is closed before the connection is established. @ http://localhost:1420/plugins/@deepseek-ai/dsh-client-connection/client.js?rev=bc3c3fa9d26b:10055
[ 2524409ms] [WARNING] WebSocket connection to 'ws://localhost:1420/api/events.host' failed: WebSocket is closed before the connection is established. @ http://localhost:1420/plugins/@deepseek-ai/dsh-client-connection/client.js?rev=bc3c3fa9d26b:10055
[ 2524409ms] [WARNING] [web-runtime] connection lost, retry #329 @ http://localhost:1420/plugins/@deepseek-ai/dsh-client-connection/client.js?rev=bc3c3fa9d26b:115
[ 2528311ms] [ERROR] WebSocket connection to 'ws://localhost:1420/' failed: Error in connection establishment: net::ERR_CONNECTION_REFUSED @ http://localhost:1420/@vite/client:1034
[ 2533589ms] [ERROR] WebSocket connection to 'ws://localhost:1420/' failed: Error in connection establishment: net::ERR_CONNECTION_REFUSED @ http://localhost:1420/@vite/client:1034
[ 2534077ms] [ERROR] Failed to load resource: net::ERR_CONNECTION_REFUSED @ http://localhost:1420/api/host.describe:0
[ 2534077ms] [WARNING] WebSocket connection to 'ws://localhost:1420/api/events.mux' failed: WebSocket is closed before the connection is established. @ http://localhost:1420/plugins/@deepseek-ai/dsh-client-connection/client.js?rev=bc3c3fa9d26b:10055
[ 2534077ms] [WARNING] WebSocket connection to 'ws://localhost:1420/api/events.host' failed: WebSocket is closed before the connection is established. @ http://localhost:1420/plugins/@deepseek-ai/dsh-client-connection/client.js?rev=bc3c3fa9d26b:10055
[ 2534077ms] [WARNING] [web-runtime] connection lost, retry #330 @ http://localhost:1420/plugins/@deepseek-ai/dsh-client-connection/client.js?rev=bc3c3fa9d26b:115
[ 2537636ms] [ERROR] WebSocket connection to 'ws://localhost:1420/' failed: Error in connection establishment: net::ERR_CONNECTION_REFUSED @ http://localhost:1420/@vite/client:1034
[ 2539860ms] [ERROR] WebSocket connection to 'ws://localhost:1420/' failed: Error in connection establishment: net::ERR_CONNECTION_REFUSED @ http://localhost:1420/@vite/client:1034
[ 2541654ms] [ERROR] Failed to load resource: net::ERR_CONNECTION_REFUSED @ http://localhost:1420/api/host.describe:0
[ 2541654ms] [WARNING] WebSocket connection to 'ws://localhost:1420/api/events.mux' failed: WebSocket is closed before the connection is established. @ http://localhost:1420/plugins/@deepseek-ai/dsh-client-connection/client.js?rev=bc3c3fa9d26b:10055
[ 2541654ms] [WARNING] WebSocket connection to 'ws://localhost:1420/api/events.host' failed: WebSocket is closed before the connection is established. @ http://localhost:1420/plugins/@deepseek-ai/dsh-client-connection/client.js?rev=bc3c3fa9d26b:10055
[ 2541654ms] [WARNING] [web-runtime] connection lost, retry #331 @ http://localhost:1420/plugins/@deepseek-ai/dsh-client-connection/client.js?rev=bc3c3fa9d26b:115
[ 2545482ms] [ERROR] WebSocket connection to 'ws://localhost:1420/' failed: Error in connection establishment: net::ERR_CONNECTION_REFUSED @ http://localhost:1420/@vite/client:1034
[ 2546939ms] [ERROR] Failed to load resource: net::ERR_CONNECTION_REFUSED @ http://localhost:1420/api/host.describe:0
[ 2546939ms] [WARNING] WebSocket connection to 'ws://localhost:1420/api/events.mux' failed: WebSocket is closed before the connection is established. @ http://localhost:1420/plugins/@deepseek-ai/dsh-client-connection/client.js?rev=bc3c3fa9d26b:10055
[ 2546939ms] [WARNING] WebSocket connection to 'ws://localhost:1420/api/events.host' failed: WebSocket is closed before the connection is established. @ http://localhost:1420/plugins/@deepseek-ai/dsh-client-connection/client.js?rev=bc3c3fa9d26b:10055
[ 2546939ms] [WARNING] [web-runtime] connection lost, retry #332 @ http://localhost:1420/plugins/@deepseek-ai/dsh-client-connection/client.js?rev=bc3c3fa9d26b:115
[ 2550857ms] [ERROR] WebSocket connection to 'ws://localhost:1420/' failed: Error in connection establishment: net::ERR_CONNECTION_REFUSED @ http://localhost:1420/@vite/client:1034
[ 2554505ms] [ERROR] Failed to load resource: net::ERR_CONNECTION_REFUSED @ http://localhost:1420/api/host.describe:0
[ 2554505ms] [WARNING] WebSocket connection to 'ws://localhost:1420/api/events.mux' failed: WebSocket is closed before the connection is established. @ http://localhost:1420/plugins/@deepseek-ai/dsh-client-connection/client.js?rev=bc3c3fa9d26b:10055
[ 2554505ms] [WARNING] WebSocket connection to 'ws://localhost:1420/api/events.host' failed: WebSocket is closed before the connection is established. @ http://localhost:1420/plugins/@deepseek-ai/dsh-client-connection/client.js?rev=bc3c3fa9d26b:10055
[ 2554505ms] [WARNING] [web-runtime] connection lost, retry #333 @ http://localhost:1420/plugins/@deepseek-ai/dsh-client-connection/client.js?rev=bc3c3fa9d26b:115
[ 2556363ms] [ERROR] WebSocket connection to 'ws://localhost:1420/' failed: Error in connection establishment: net::ERR_CONNECTION_REFUSED @ http://localhost:1420/@vite/client:1034
[ 2558380ms] [ERROR] WebSocket connection to 'ws://localhost:1420/' failed: Error in connection establishment: net::ERR_CONNECTION_REFUSED @ http://localhost:1420/@vite/client:1034
[ 2560185ms] [ERROR] Failed to load resource: net::ERR_CONNECTION_REFUSED @ http://localhost:1420/api/host.describe:0
[ 2560185ms] [WARNING] WebSocket connection to 'ws://localhost:1420/api/events.mux' failed: WebSocket is closed before the connection is established. @ http://localhost:1420/plugins/@deepseek-ai/dsh-client-connection/client.js?rev=bc3c3fa9d26b:10055
[ 2560185ms] [WARNING] WebSocket connection to 'ws://localhost:1420/api/events.host' failed: WebSocket is closed before the connection is established. @ http://localhost:1420/plugins/@deepseek-ai/dsh-client-connection/client.js?rev=bc3c3fa9d26b:10055
[ 2560185ms] [WARNING] [web-runtime] connection lost, retry #334 @ http://localhost:1420/plugins/@deepseek-ai/dsh-client-connection/client.js?rev=bc3c3fa9d26b:115
[ 2560572ms] [ERROR] WebSocket connection to 'ws://localhost:1420/' failed: Error in connection establishment: net::ERR_CONNECTION_REFUSED @ http://localhost:1420/@vite/client:1034
[ 2566343ms] [ERROR] WebSocket connection to 'ws://localhost:1420/' failed: Error in connection establishment: net::ERR_CONNECTION_REFUSED @ http://localhost:1420/@vite/client:1034
[ 2568651ms] [ERROR] Failed to load resource: net::ERR_CONNECTION_REFUSED @ http://localhost:1420/api/host.describe:0
[ 2568652ms] [WARNING] WebSocket connection to 'ws://localhost:1420/api/events.mux' failed: WebSocket is closed before the connection is established. @ http://localhost:1420/plugins/@deepseek-ai/dsh-client-connection/client.js?rev=bc3c3fa9d26b:10055
[ 2568652ms] [WARNING] WebSocket connection to 'ws://localhost:1420/api/events.host' failed: WebSocket is closed before the connection is established. @ http://localhost:1420/plugins/@deepseek-ai/dsh-client-connection/client.js?rev=bc3c3fa9d26b:10055
[ 2568652ms] [WARNING] [web-runtime] connection lost, retry #335 @ http://localhost:1420/plugins/@deepseek-ai/dsh-client-connection/client.js?rev=bc3c3fa9d26b:115
[ 2570100ms] [ERROR] WebSocket connection to 'ws://localhost:1420/' failed: Error in connection establishment: net::ERR_CONNECTION_REFUSED @ http://localhost:1420/@vite/client:1034
[ 2572178ms] [ERROR] WebSocket connection to 'ws://localhost:1420/' failed: Error in connection establishment: net::ERR_CONNECTION_REFUSED @ http://localhost:1420/@vite/client:1034
[ 2575972ms] [ERROR] Failed to load resource: net::ERR_CONNECTION_REFUSED @ http://localhost:1420/api/host.describe:0
[ 2575972ms] [WARNING] WebSocket connection to 'ws://localhost:1420/api/events.mux' failed: WebSocket is closed before the connection is established. @ http://localhost:1420/plugins/@deepseek-ai/dsh-client-connection/client.js?rev=bc3c3fa9d26b:10055
[ 2575972ms] [WARNING] WebSocket connection to 'ws://localhost:1420/api/events.host' failed: WebSocket is closed before the connection is established. @ http://localhost:1420/plugins/@deepseek-ai/dsh-client-connection/client.js?rev=bc3c3fa9d26b:10055
[ 2575972ms] [WARNING] [web-runtime] connection lost, retry #336 @ http://localhost:1420/plugins/@deepseek-ai/dsh-client-connection/client.js?rev=bc3c3fa9d26b:115
[ 2577071ms] [ERROR] WebSocket connection to 'ws://localhost:1420/' failed: Error in connection establishment: net::ERR_CONNECTION_REFUSED @ http://localhost:1420/@vite/client:1034
[ 2580817ms] [ERROR] WebSocket connection to 'ws://localhost:1420/' failed: Error in connection establishment: net::ERR_CONNECTION_REFUSED @ http://localhost:1420/@vite/client:1034
[ 2583131ms] [ERROR] Failed to load resource: net::ERR_CONNECTION_REFUSED @ http://localhost:1420/api/host.describe:0
[ 2583131ms] [WARNING] WebSocket connection to 'ws://localhost:1420/api/events.mux' failed: WebSocket is closed before the connection is established. @ http://localhost:1420/plugins/@deepseek-ai/dsh-client-connection/client.js?rev=bc3c3fa9d26b:10055
[ 2583131ms] [WARNING] WebSocket connection to 'ws://localhost:1420/api/events.host' failed: WebSocket is closed before the connection is established. @ http://localhost:1420/plugins/@deepseek-ai/dsh-client-connection/client.js?rev=bc3c3fa9d26b:10055
[ 2583131ms] [WARNING] [web-runtime] connection lost, retry #337 @ http://localhost:1420/plugins/@deepseek-ai/dsh-client-connection/client.js?rev=bc3c3fa9d26b:115
[ 2584694ms] [ERROR] WebSocket connection to 'ws://localhost:1420/' failed: Error in connection establishment: net::ERR_CONNECTION_REFUSED @ http://localhost:1420/@vite/client:1034
[ 2587238ms] [ERROR] WebSocket connection to 'ws://localhost:1420/' failed: Error in connection establishment: net::ERR_CONNECTION_REFUSED @ http://localhost:1420/@vite/client:1034
[ 2591235ms] [ERROR] WebSocket connection to 'ws://localhost:1420/' failed: Error in connection establishment: net::ERR_CONNECTION_REFUSED @ http://localhost:1420/@vite/client:1034
[ 2593064ms] [ERROR] Failed to load resource: net::ERR_CONNECTION_REFUSED @ http://localhost:1420/api/host.describe:0
[ 2593064ms] [WARNING] WebSocket connection to 'ws://localhost:1420/api/events.mux' failed: WebSocket is closed before the connection is established. @ http://localhost:1420/plugins/@deepseek-ai/dsh-client-connection/client.js?rev=bc3c3fa9d26b:10055
[ 2593064ms] [WARNING] WebSocket connection to 'ws://localhost:1420/api/events.host' failed: WebSocket is closed before the connection is established. @ http://localhost:1420/plugins/@deepseek-ai/dsh-client-connection/client.js?rev=bc3c3fa9d26b:10055
[ 2593064ms] [WARNING] [web-runtime] connection lost, retry #338 @ http://localhost:1420/plugins/@deepseek-ai/dsh-client-connection/client.js?rev=bc3c3fa9d26b:115
[ 2597058ms] [ERROR] WebSocket connection to 'ws://localhost:1420/' failed: Error in connection establishment: net::ERR_CONNECTION_REFUSED @ http://localhost:1420/@vite/client:1034
[ 2598167ms] [ERROR] Failed to load resource: net::ERR_CONNECTION_REFUSED @ http://localhost:1420/api/host.describe:0
[ 2598167ms] [WARNING] WebSocket connection to 'ws://localhost:1420/api/events.mux' failed: WebSocket is closed before the connection is established. @ http://localhost:1420/plugins/@deepseek-ai/dsh-client-connection/client.js?rev=bc3c3fa9d26b:10055
[ 2598167ms] [WARNING] WebSocket connection to 'ws://localhost:1420/api/events.host' failed: WebSocket is closed before the connection is established. @ http://localhost:1420/plugins/@deepseek-ai/dsh-client-connection/client.js?rev=bc3c3fa9d26b:10055
[ 2598167ms] [WARNING] [web-runtime] connection lost, retry #339 @ http://localhost:1420/plugins/@deepseek-ai/dsh-client-connection/client.js?rev=bc3c3fa9d26b:115
[ 2602838ms] [ERROR] WebSocket connection to 'ws://localhost:1420/' failed: Error in connection establishment: net::ERR_CONNECTION_REFUSED @ http://localhost:1420/@vite/client:1034
[ 2606041ms] [ERROR] Failed to load resource: net::ERR_CONNECTION_REFUSED @ http://localhost:1420/api/host.describe:0
[ 2606041ms] [WARNING] WebSocket connection to 'ws://localhost:1420/api/events.mux' failed: WebSocket is closed before the connection is established. @ http://localhost:1420/plugins/@deepseek-ai/dsh-client-connection/client.js?rev=bc3c3fa9d26b:10055
[ 2606041ms] [WARNING] WebSocket connection to 'ws://localhost:1420/api/events.host' failed: WebSocket is closed before the connection is established. @ http://localhost:1420/plugins/@deepseek-ai/dsh-client-connection/client.js?rev=bc3c3fa9d26b:10055
[ 2606041ms] [WARNING] [web-runtime] connection lost, retry #340 @ http://localhost:1420/plugins/@deepseek-ai/dsh-client-connection/client.js?rev=bc3c3fa9d26b:115
[ 2606632ms] [ERROR] WebSocket connection to 'ws://localhost:1420/' failed: Error in connection establishment: net::ERR_CONNECTION_REFUSED @ http://localhost:1420/@vite/client:1034
[ 2612412ms] [ERROR] WebSocket connection to 'ws://localhost:1420/' failed: Error in connection establishment: net::ERR_CONNECTION_REFUSED @ http://localhost:1420/@vite/client:1034
[ 2615719ms] [ERROR] Failed to load resource: net::ERR_CONNECTION_REFUSED @ http://localhost:1420/api/host.describe:0
[ 2615719ms] [WARNING] WebSocket connection to 'ws://localhost:1420/api/events.mux' failed: WebSocket is closed before the connection is established. @ http://localhost:1420/plugins/@deepseek-ai/dsh-client-connection/client.js?rev=bc3c3fa9d26b:10055
[ 2615719ms] [WARNING] WebSocket connection to 'ws://localhost:1420/api/events.host' failed: WebSocket is closed before the connection is established. @ http://localhost:1420/plugins/@deepseek-ai/dsh-client-connection/client.js?rev=bc3c3fa9d26b:10055
[ 2615719ms] [WARNING] [web-runtime] connection lost, retry #341 @ http://localhost:1420/plugins/@deepseek-ai/dsh-client-connection/client.js?rev=bc3c3fa9d26b:115
[ 2618261ms] [ERROR] WebSocket connection to 'ws://localhost:1420/' failed: Error in connection establishment: net::ERR_CONNECTION_REFUSED @ http://localhost:1420/@vite/client:1034
[ 2620823ms] [ERROR] Failed to load resource: net::ERR_CONNECTION_REFUSED @ http://localhost:1420/api/host.describe:0
[ 2620823ms] [WARNING] WebSocket connection to 'ws://localhost:1420/api/events.mux' failed: WebSocket is closed before the connection is established. @ http://localhost:1420/plugins/@deepseek-ai/dsh-client-connection/client.js?rev=bc3c3fa9d26b:10055
[ 2620823ms] [WARNING] WebSocket connection to 'ws://localhost:1420/api/events.host' failed: WebSocket is closed before the connection is established. @ http://localhost:1420/plugins/@deepseek-ai/dsh-client-connection/client.js?rev=bc3c3fa9d26b:10055
[ 2620823ms] [WARNING] [web-runtime] connection lost, retry #342 @ http://localhost:1420/plugins/@deepseek-ai/dsh-client-connection/client.js?rev=bc3c3fa9d26b:115
[ 2621703ms] [ERROR] WebSocket connection to 'ws://localhost:1420/' failed: Error in connection establishment: net::ERR_CONNECTION_REFUSED @ http://localhost:1420/@vite/client:1034
[ 2626953ms] [ERROR] WebSocket connection to 'ws://localhost:1420/' failed: Error in connection establishment: net::ERR_CONNECTION_REFUSED @ http://localhost:1420/@vite/client:1034
[ 2630513ms] [ERROR] Failed to load resource: net::ERR_CONNECTION_REFUSED @ http://localhost:1420/api/host.describe:0
[ 2630513ms] [WARNING] WebSocket connection to 'ws://localhost:1420/api/events.mux' failed: WebSocket is closed before the connection is established. @ http://localhost:1420/plugins/@deepseek-ai/dsh-client-connection/client.js?rev=bc3c3fa9d26b:10055
[ 2630513ms] [WARNING] WebSocket connection to 'ws://localhost:1420/api/events.host' failed: WebSocket is closed before the connection is established. @ http://localhost:1420/plugins/@deepseek-ai/dsh-client-connection/client.js?rev=bc3c3fa9d26b:10055
[ 2630514ms] [WARNING] [web-runtime] connection lost, retry #343 @ http://localhost:1420/plugins/@deepseek-ai/dsh-client-connection/client.js?rev=bc3c3fa9d26b:115
[ 2631385ms] [ERROR] WebSocket connection to 'ws://localhost:1420/' failed: Error in connection establishment: net::ERR_CONNECTION_REFUSED @ http://localhost:1420/@vite/client:1034
[ 2635255ms] [ERROR] WebSocket connection to 'ws://localhost:1420/' failed: Error in connection establishment: net::ERR_CONNECTION_REFUSED @ http://localhost:1420/@vite/client:1034
[ 2639127ms] [ERROR] Failed to load resource: net::ERR_CONNECTION_REFUSED @ http://localhost:1420/api/host.describe:0
[ 2639127ms] [WARNING] WebSocket connection to 'ws://localhost:1420/api/events.mux' failed: WebSocket is closed before the connection is established. @ http://localhost:1420/plugins/@deepseek-ai/dsh-client-connection/client.js?rev=bc3c3fa9d26b:10055
[ 2639127ms] [WARNING] WebSocket connection to 'ws://localhost:1420/api/events.host' failed: WebSocket is closed before the connection is established. @ http://localhost:1420/plugins/@deepseek-ai/dsh-client-connection/client.js?rev=bc3c3fa9d26b:10055
[ 2639128ms] [WARNING] [web-runtime] connection lost, retry #344 @ http://localhost:1420/plugins/@deepseek-ai/dsh-client-connection/client.js?rev=bc3c3fa9d26b:115
[ 2640980ms] [ERROR] WebSocket connection to 'ws://localhost:1420/' failed: Error in connection establishment: net::ERR_CONNECTION_REFUSED @ http://localhost:1420/@vite/client:1034
[ 2643094ms] [ERROR] WebSocket connection to 'ws://localhost:1420/' failed: Error in connection establishment: net::ERR_CONNECTION_REFUSED @ http://localhost:1420/@vite/client:1034
[ 2645706ms] [ERROR] Failed to load resource: net::ERR_CONNECTION_REFUSED @ http://localhost:1420/api/host.describe:0
[ 2645706ms] [WARNING] WebSocket connection to 'ws://localhost:1420/api/events.mux' failed: WebSocket is closed before the connection is established. @ http://localhost:1420/plugins/@deepseek-ai/dsh-client-connection/client.js?rev=bc3c3fa9d26b:10055
[ 2645706ms] [WARNING] WebSocket connection to 'ws://localhost:1420/api/events.host' failed: WebSocket is closed before the connection is established. @ http://localhost:1420/plugins/@deepseek-ai/dsh-client-connection/client.js?rev=bc3c3fa9d26b:10055
[ 2645706ms] [WARNING] [web-runtime] connection lost, retry #345 @ http://localhost:1420/plugins/@deepseek-ai/dsh-client-connection/client.js?rev=bc3c3fa9d26b:115
[ 2646689ms] [ERROR] WebSocket connection to 'ws://localhost:1420/' failed: Error in connection establishment: net::ERR_CONNECTION_REFUSED @ http://localhost:1420/@vite/client:1034
[ 2651073ms] [ERROR] WebSocket connection to 'ws://localhost:1420/' failed: Error in connection establishment: net::ERR_CONNECTION_REFUSED @ http://localhost:1420/@vite/client:1034
[ 2653300ms] [ERROR] Failed to load resource: net::ERR_CONNECTION_REFUSED @ http://localhost:1420/api/host.describe:0
[ 2653300ms] [WARNING] WebSocket connection to 'ws://localhost:1420/api/events.mux' failed: WebSocket is closed before the connection is established. @ http://localhost:1420/plugins/@deepseek-ai/dsh-client-connection/client.js?rev=bc3c3fa9d26b:10055
[ 2653300ms] [WARNING] WebSocket connection to 'ws://localhost:1420/api/events.host' failed: WebSocket is closed before the connection is established. @ http://localhost:1420/plugins/@deepseek-ai/dsh-client-connection/client.js?rev=bc3c3fa9d26b:10055
[ 2653300ms] [WARNING] [web-runtime] connection lost, retry #346 @ http://localhost:1420/plugins/@deepseek-ai/dsh-client-connection/client.js?rev=bc3c3fa9d26b:115
[ 2656563ms] [ERROR] WebSocket connection to 'ws://localhost:1420/' failed: Error in connection establishment: net::ERR_CONNECTION_REFUSED @ http://localhost:1420/@vite/client:1034
[ 2659123ms] [ERROR] Failed to load resource: net::ERR_CONNECTION_REFUSED @ http://localhost:1420/api/host.describe:0
[ 2659124ms] [WARNING] WebSocket connection to 'ws://localhost:1420/api/events.mux' failed: WebSocket is closed before the connection is established. @ http://localhost:1420/plugins/@deepseek-ai/dsh-client-connection/client.js?rev=bc3c3fa9d26b:10055
[ 2659124ms] [WARNING] WebSocket connection to 'ws://localhost:1420/api/events.host' failed: WebSocket is closed before the connection is established. @ http://localhost:1420/plugins/@deepseek-ai/dsh-client-connection/client.js?rev=bc3c3fa9d26b:10055
[ 2659124ms] [WARNING] [web-runtime] connection lost, retry #347 @ http://localhost:1420/plugins/@deepseek-ai/dsh-client-connection/client.js?rev=bc3c3fa9d26b:115
[ 2662334ms] [ERROR] WebSocket connection to 'ws://localhost:1420/' failed: Error in connection establishment: net::ERR_CONNECTION_REFUSED @ http://localhost:1420/@vite/client:1034
[ 2664609ms] [ERROR] Failed to load resource: net::ERR_CONNECTION_REFUSED @ http://localhost:1420/api/host.describe:0
[ 2664609ms] [WARNING] WebSocket connection to 'ws://localhost:1420/api/events.mux' failed: WebSocket is closed before the connection is established. @ http://localhost:1420/plugins/@deepseek-ai/dsh-client-connection/client.js?rev=bc3c3fa9d26b:10055
[ 2664609ms] [WARNING] WebSocket connection to 'ws://localhost:1420/api/events.host' failed: WebSocket is closed before the connection is established. @ http://localhost:1420/plugins/@deepseek-ai/dsh-client-connection/client.js?rev=bc3c3fa9d26b:10055
[ 2664609ms] [WARNING] [web-runtime] connection lost, retry #348 @ http://localhost:1420/plugins/@deepseek-ai/dsh-client-connection/client.js?rev=bc3c3fa9d26b:115
[ 2667504ms] [ERROR] WebSocket connection to 'ws://localhost:1420/' failed: Error in connection establishment: net::ERR_CONNECTION_REFUSED @ http://localhost:1420/@vite/client:1034
[ 2671859ms] [ERROR] WebSocket connection to 'ws://localhost:1420/' failed: Error in connection establishment: net::ERR_CONNECTION_REFUSED @ http://localhost:1420/@vite/client:1034
[ 2673403ms] [ERROR] Failed to load resource: net::ERR_CONNECTION_REFUSED @ http://localhost:1420/api/host.describe:0
[ 2673403ms] [WARNING] WebSocket connection to 'ws://localhost:1420/api/events.mux' failed: WebSocket is closed before the connection is established. @ http://localhost:1420/plugins/@deepseek-ai/dsh-client-connection/client.js?rev=bc3c3fa9d26b:10055
[ 2673404ms] [WARNING] WebSocket connection to 'ws://localhost:1420/api/events.host' failed: WebSocket is closed before the connection is established. @ http://localhost:1420/plugins/@deepseek-ai/dsh-client-connection/client.js?rev=bc3c3fa9d26b:10055
[ 2673404ms] [WARNING] [web-runtime] connection lost, retry #349 @ http://localhost:1420/plugins/@deepseek-ai/dsh-client-connection/client.js?rev=bc3c3fa9d26b:115
[ 2675053ms] [ERROR] WebSocket connection to 'ws://localhost:1420/' failed: Error in connection establishment: net::ERR_CONNECTION_REFUSED @ http://localhost:1420/@vite/client:1034
[ 2677521ms] [ERROR] WebSocket connection to 'ws://localhost:1420/' failed: Error in connection establishment: net::ERR_CONNECTION_REFUSED @ http://localhost:1420/@vite/client:1034
[ 2680506ms] [ERROR] Failed to load resource: net::ERR_CONNECTION_REFUSED @ http://localhost:1420/api/host.describe:0
[ 2680506ms] [WARNING] WebSocket connection to 'ws://localhost:1420/api/events.mux' failed: WebSocket is closed before the connection is established. @ http://localhost:1420/plugins/@deepseek-ai/dsh-client-connection/client.js?rev=bc3c3fa9d26b:10055
[ 2680506ms] [WARNING] WebSocket connection to 'ws://localhost:1420/api/events.host' failed: WebSocket is closed before the connection is established. @ http://localhost:1420/plugins/@deepseek-ai/dsh-client-connection/client.js?rev=bc3c3fa9d26b:10055
[ 2680506ms] [WARNING] [web-runtime] connection lost, retry #350 @ http://localhost:1420/plugins/@deepseek-ai/dsh-client-connection/client.js?rev=bc3c3fa9d26b:115
[ 2682156ms] [ERROR] WebSocket connection to 'ws://localhost:1420/' failed: Error in connection establishment: net::ERR_CONNECTION_REFUSED @ http://localhost:1420/@vite/client:1034
[ 2687164ms] [ERROR] WebSocket connection to 'ws://localhost:1420/' failed: Error in connection establishment: net::ERR_CONNECTION_REFUSED @ http://localhost:1420/@vite/client:1034
[ 2687792ms] [ERROR] Failed to load resource: net::ERR_CONNECTION_REFUSED @ http://localhost:1420/api/host.describe:0
[ 2687792ms] [WARNING] WebSocket connection to 'ws://localhost:1420/api/events.mux' failed: WebSocket is closed before the connection is established. @ http://localhost:1420/plugins/@deepseek-ai/dsh-client-connection/client.js?rev=bc3c3fa9d26b:10055
[ 2687792ms] [WARNING] WebSocket connection to 'ws://localhost:1420/api/events.host' failed: WebSocket is closed before the connection is established. @ http://localhost:1420/plugins/@deepseek-ai/dsh-client-connection/client.js?rev=bc3c3fa9d26b:10055
[ 2687792ms] [WARNING] [web-runtime] connection lost, retry #351 @ http://localhost:1420/plugins/@deepseek-ai/dsh-client-connection/client.js?rev=bc3c3fa9d26b:115
[ 2692001ms] [ERROR] WebSocket connection to 'ws://localhost:1420/' failed: Error in connection establishment: net::ERR_CONNECTION_REFUSED @ http://localhost:1420/@vite/client:1034
[ 2693693ms] [ERROR] Failed to load resource: net::ERR_CONNECTION_REFUSED @ http://localhost:1420/api/host.describe:0
[ 2693693ms] [WARNING] WebSocket connection to 'ws://localhost:1420/api/events.mux' failed: WebSocket is closed before the connection is established. @ http://localhost:1420/plugins/@deepseek-ai/dsh-client-connection/client.js?rev=bc3c3fa9d26b:10055
[ 2693693ms] [WARNING] WebSocket connection to 'ws://localhost:1420/api/events.host' failed: WebSocket is closed before the connection is established. @ http://localhost:1420/plugins/@deepseek-ai/dsh-client-connection/client.js?rev=bc3c3fa9d26b:10055
[ 2693693ms] [WARNING] [web-runtime] connection lost, retry #352 @ http://localhost:1420/plugins/@deepseek-ai/dsh-client-connection/client.js?rev=bc3c3fa9d26b:115
[ 2697642ms] [ERROR] WebSocket connection to 'ws://localhost:1420/' failed: Error in connection establishment: net::ERR_CONNECTION_REFUSED @ http://localhost:1420/@vite/client:1034
[ 2699822ms] [ERROR] WebSocket connection to 'ws://localhost:1420/' failed: Error in connection establishment: net::ERR_CONNECTION_REFUSED @ http://localhost:1420/@vite/client:1034
[ 2701921ms] [ERROR] WebSocket connection to 'ws://localhost:1420/' failed: Error in connection establishment: net::ERR_CONNECTION_REFUSED @ http://localhost:1420/@vite/client:1034
[ 2702018ms] [ERROR] Failed to load resource: net::ERR_CONNECTION_REFUSED @ http://localhost:1420/api/host.describe:0
[ 2702018ms] [WARNING] WebSocket connection to 'ws://localhost:1420/api/events.mux' failed: WebSocket is closed before the connection is established. @ http://localhost:1420/plugins/@deepseek-ai/dsh-client-connection/client.js?rev=bc3c3fa9d26b:10055
[ 2702019ms] [WARNING] WebSocket connection to 'ws://localhost:1420/api/events.host' failed: WebSocket is closed before the connection is established. @ http://localhost:1420/plugins/@deepseek-ai/dsh-client-connection/client.js?rev=bc3c3fa9d26b:10055
[ 2702019ms] [WARNING] [web-runtime] connection lost, retry #353 @ http://localhost:1420/plugins/@deepseek-ai/dsh-client-connection/client.js?rev=bc3c3fa9d26b:115
[ 2704907ms] [ERROR] WebSocket connection to 'ws://localhost:1420/' failed: Error in connection establishment: net::ERR_CONNECTION_REFUSED @ http://localhost:1420/@vite/client:1034
[ 2708378ms] [ERROR] WebSocket connection to 'ws://localhost:1420/' failed: Error in connection establishment: net::ERR_CONNECTION_REFUSED @ http://localhost:1420/@vite/client:1034
[ 2711205ms] [ERROR] Failed to load resource: net::ERR_CONNECTION_REFUSED @ http://localhost:1420/api/host.describe:0
[ 2711206ms] [WARNING] WebSocket connection to 'ws://localhost:1420/api/events.mux' failed: WebSocket is closed before the connection is established. @ http://localhost:1420/plugins/@deepseek-ai/dsh-client-connection/client.js?rev=bc3c3fa9d26b:10055
[ 2711206ms] [WARNING] WebSocket connection to 'ws://localhost:1420/api/events.host' failed: WebSocket is closed before the connection is established. @ http://localhost:1420/plugins/@deepseek-ai/dsh-client-connection/client.js?rev=bc3c3fa9d26b:10055
[ 2711206ms] [WARNING] [web-runtime] connection lost, retry #354 @ http://localhost:1420/plugins/@deepseek-ai/dsh-client-connection/client.js?rev=bc3c3fa9d26b:115
[ 2713288ms] [ERROR] WebSocket connection to 'ws://localhost:1420/' failed: Error in connection establishment: net::ERR_CONNECTION_REFUSED @ http://localhost:1420/@vite/client:1034
[ 2718961ms] [ERROR] WebSocket connection to 'ws://localhost:1420/' failed: Error in connection establishment: net::ERR_CONNECTION_REFUSED @ http://localhost:1420/@vite/client:1034
[ 2720267ms] [ERROR] Failed to load resource: net::ERR_CONNECTION_REFUSED @ http://localhost:1420/api/host.describe:0
[ 2720267ms] [WARNING] WebSocket connection to 'ws://localhost:1420/api/events.mux' failed: WebSocket is closed before the connection is established. @ http://localhost:1420/plugins/@deepseek-ai/dsh-client-connection/client.js?rev=bc3c3fa9d26b:10055
[ 2720267ms] [WARNING] WebSocket connection to 'ws://localhost:1420/api/events.host' failed: WebSocket is closed before the connection is established. @ http://localhost:1420/plugins/@deepseek-ai/dsh-client-connection/client.js?rev=bc3c3fa9d26b:10055
[ 2720267ms] [WARNING] [web-runtime] connection lost, retry #355 @ http://localhost:1420/plugins/@deepseek-ai/dsh-client-connection/client.js?rev=bc3c3fa9d26b:115
[ 2723348ms] [ERROR] WebSocket connection to 'ws://localhost:1420/' failed: Error in connection establishment: net::ERR_CONNECTION_REFUSED @ http://localhost:1420/@vite/client:1034
[ 2725343ms] [ERROR] Failed to load resource: net::ERR_CONNECTION_REFUSED @ http://localhost:1420/api/host.describe:0
[ 2725343ms] [WARNING] WebSocket connection to 'ws://localhost:1420/api/events.mux' failed: WebSocket is closed before the connection is established. @ http://localhost:1420/plugins/@deepseek-ai/dsh-client-connection/client.js?rev=bc3c3fa9d26b:10055
[ 2725343ms] [WARNING] WebSocket connection to 'ws://localhost:1420/api/events.host' failed: WebSocket is closed before the connection is established. @ http://localhost:1420/plugins/@deepseek-ai/dsh-client-connection/client.js?rev=bc3c3fa9d26b:10055
[ 2725343ms] [WARNING] [web-runtime] connection lost, retry #356 @ http://localhost:1420/plugins/@deepseek-ai/dsh-client-connection/client.js?rev=bc3c3fa9d26b:115
[ 2727355ms] [ERROR] WebSocket connection to 'ws://localhost:1420/' failed: Error in connection establishment: net::ERR_CONNECTION_REFUSED @ http://localhost:1420/@vite/client:1034
[ 2730631ms] [ERROR] Failed to load resource: net::ERR_CONNECTION_REFUSED @ http://localhost:1420/api/host.describe:0
[ 2730631ms] [WARNING] WebSocket connection to 'ws://localhost:1420/api/events.mux' failed: WebSocket is closed before the connection is established. @ http://localhost:1420/plugins/@deepseek-ai/dsh-client-connection/client.js?rev=bc3c3fa9d26b:10055
[ 2730631ms] [WARNING] WebSocket connection to 'ws://localhost:1420/api/events.host' failed: WebSocket is closed before the connection is established. @ http://localhost:1420/plugins/@deepseek-ai/dsh-client-connection/client.js?rev=bc3c3fa9d26b:10055
[ 2730632ms] [WARNING] [web-runtime] connection lost, retry #357 @ http://localhost:1420/plugins/@deepseek-ai/dsh-client-connection/client.js?rev=bc3c3fa9d26b:115
[ 2732614ms] [ERROR] WebSocket connection to 'ws://localhost:1420/' failed: Error in connection establishment: net::ERR_CONNECTION_REFUSED @ http://localhost:1420/@vite/client:1034
[ 2737261ms] [ERROR] WebSocket connection to 'ws://localhost:1420/' failed: Error in connection establishment: net::ERR_CONNECTION_REFUSED @ http://localhost:1420/@vite/client:1034
[ 2737652ms] [ERROR] Failed to load resource: net::ERR_CONNECTION_REFUSED @ http://localhost:1420/api/host.describe:0
[ 2737652ms] [WARNING] WebSocket connection to 'ws://localhost:1420/api/events.mux' failed: WebSocket is closed before the connection is established. @ http://localhost:1420/plugins/@deepseek-ai/dsh-client-connection/client.js?rev=bc3c3fa9d26b:10055
[ 2737652ms] [WARNING] WebSocket connection to 'ws://localhost:1420/api/events.host' failed: WebSocket is closed before the connection is established. @ http://localhost:1420/plugins/@deepseek-ai/dsh-client-connection/client.js?rev=bc3c3fa9d26b:10055
[ 2737652ms] [WARNING] [web-runtime] connection lost, retry #358 @ http://localhost:1420/plugins/@deepseek-ai/dsh-client-connection/client.js?rev=bc3c3fa9d26b:115
[ 2742904ms] [ERROR] WebSocket connection to 'ws://localhost:1420/' failed: Error in connection establishment: net::ERR_CONNECTION_REFUSED @ http://localhost:1420/@vite/client:1034
[ 2746017ms] [ERROR] Failed to load resource: net::ERR_CONNECTION_REFUSED @ http://localhost:1420/api/host.describe:0
[ 2746018ms] [WARNING] WebSocket connection to 'ws://localhost:1420/api/events.mux' failed: WebSocket is closed before the connection is established. @ http://localhost:1420/plugins/@deepseek-ai/dsh-client-connection/client.js?rev=bc3c3fa9d26b:10055
[ 2746018ms] [WARNING] WebSocket connection to 'ws://localhost:1420/api/events.host' failed: WebSocket is closed before the connection is established. @ http://localhost:1420/plugins/@deepseek-ai/dsh-client-connection/client.js?rev=bc3c3fa9d26b:10055
[ 2746018ms] [WARNING] [web-runtime] connection lost, retry #359 @ http://localhost:1420/plugins/@deepseek-ai/dsh-client-connection/client.js?rev=bc3c3fa9d26b:115
[ 2748005ms] [ERROR] WebSocket connection to 'ws://localhost:1420/' failed: Error in connection establishment: net::ERR_CONNECTION_REFUSED @ http://localhost:1420/@vite/client:1034
[ 2750483ms] [ERROR] WebSocket connection to 'ws://localhost:1420/' failed: Error in connection establishment: net::ERR_CONNECTION_REFUSED @ http://localhost:1420/@vite/client:1034
[ 2754380ms] [ERROR] WebSocket connection to 'ws://localhost:1420/' failed: Error in connection establishment: net::ERR_CONNECTION_REFUSED @ http://localhost:1420/@vite/client:1034
[ 2755987ms] [ERROR] Failed to load resource: net::ERR_CONNECTION_REFUSED @ http://localhost:1420/api/host.describe:0
[ 2755988ms] [WARNING] WebSocket connection to 'ws://localhost:1420/api/events.mux' failed: WebSocket is closed before the connection is established. @ http://localhost:1420/plugins/@deepseek-ai/dsh-client-connection/client.js?rev=bc3c3fa9d26b:10055
[ 2755988ms] [WARNING] WebSocket connection to 'ws://localhost:1420/api/events.host' failed: WebSocket is closed before the connection is established. @ http://localhost:1420/plugins/@deepseek-ai/dsh-client-connection/client.js?rev=bc3c3fa9d26b:10055
[ 2755988ms] [WARNING] [web-runtime] connection lost, retry #360 @ http://localhost:1420/plugins/@deepseek-ai/dsh-client-connection/client.js?rev=bc3c3fa9d26b:115
[ 2757179ms] [ERROR] WebSocket connection to 'ws://localhost:1420/' failed: Error in connection establishment: net::ERR_CONNECTION_REFUSED @ http://localhost:1420/@vite/client:1034
[ 2761819ms] [ERROR] WebSocket connection to 'ws://localhost:1420/' failed: Error in connection establishment: net::ERR_CONNECTION_REFUSED @ http://localhost:1420/@vite/client:1034
[ 2762159ms] [ERROR] Failed to load resource: net::ERR_CONNECTION_REFUSED @ http://localhost:1420/api/host.describe:0
[ 2762159ms] [WARNING] WebSocket connection to 'ws://localhost:1420/api/events.mux' failed: WebSocket is closed before the connection is established. @ http://localhost:1420/plugins/@deepseek-ai/dsh-client-connection/client.js?rev=bc3c3fa9d26b:10055
[ 2762159ms] [WARNING] WebSocket connection to 'ws://localhost:1420/api/events.host' failed: WebSocket is closed before the connection is established. @ http://localhost:1420/plugins/@deepseek-ai/dsh-client-connection/client.js?rev=bc3c3fa9d26b:10055
[ 2762159ms] [WARNING] [web-runtime] connection lost, retry #361 @ http://localhost:1420/plugins/@deepseek-ai/dsh-client-connection/client.js?rev=bc3c3fa9d26b:115
[ 2767511ms] [ERROR] WebSocket connection to 'ws://localhost:1420/' failed: Error in connection establishment: net::ERR_CONNECTION_REFUSED @ http://localhost:1420/@vite/client:1034
[ 2767749ms] [ERROR] Failed to load resource: net::ERR_CONNECTION_REFUSED @ http://localhost:1420/api/host.describe:0
[ 2767750ms] [WARNING] WebSocket connection to 'ws://localhost:1420/api/events.mux' failed: WebSocket is closed before the connection is established. @ http://localhost:1420/plugins/@deepseek-ai/dsh-client-connection/client.js?rev=bc3c3fa9d26b:10055
[ 2767750ms] [WARNING] WebSocket connection to 'ws://localhost:1420/api/events.host' failed: WebSocket is closed before the connection is established. @ http://localhost:1420/plugins/@deepseek-ai/dsh-client-connection/client.js?rev=bc3c3fa9d26b:10055
[ 2767750ms] [WARNING] [web-runtime] connection lost, retry #362 @ http://localhost:1420/plugins/@deepseek-ai/dsh-client-connection/client.js?rev=bc3c3fa9d26b:115
[ 2770904ms] [ERROR] WebSocket connection to 'ws://localhost:1420/' failed: Error in connection establishment: net::ERR_CONNECTION_REFUSED @ http://localhost:1420/@vite/client:1034
[ 2773738ms] [ERROR] WebSocket connection to 'ws://localhost:1420/' failed: Error in connection establishment: net::ERR_CONNECTION_REFUSED @ http://localhost:1420/@vite/client:1034
[ 2776658ms] [ERROR] Failed to load resource: net::ERR_CONNECTION_REFUSED @ http://localhost:1420/api/host.describe:0
[ 2776658ms] [WARNING] WebSocket connection to 'ws://localhost:1420/api/events.mux' failed: WebSocket is closed before the connection is established. @ http://localhost:1420/plugins/@deepseek-ai/dsh-client-connection/client.js?rev=bc3c3fa9d26b:10055
[ 2776658ms] [WARNING] WebSocket connection to 'ws://localhost:1420/api/events.host' failed: WebSocket is closed before the connection is established. @ http://localhost:1420/plugins/@deepseek-ai/dsh-client-connection/client.js?rev=bc3c3fa9d26b:10055
[ 2776659ms] [WARNING] [web-runtime] connection lost, retry #363 @ http://localhost:1420/plugins/@deepseek-ai/dsh-client-connection/client.js?rev=bc3c3fa9d26b:115
[ 2778515ms] [ERROR] WebSocket connection to 'ws://localhost:1420/' failed: Error in connection establishment: net::ERR_CONNECTION_REFUSED @ http://localhost:1420/@vite/client:1034
[ 2780679ms] [ERROR] WebSocket connection to 'ws://localhost:1420/' failed: Error in connection establishment: net::ERR_CONNECTION_REFUSED @ http://localhost:1420/@vite/client:1034
[ 2783852ms] [ERROR] Failed to load resource: net::ERR_CONNECTION_REFUSED @ http://localhost:1420/api/host.describe:0
[ 2783852ms] [WARNING] WebSocket connection to 'ws://localhost:1420/api/events.mux' failed: WebSocket is closed before the connection is established. @ http://localhost:1420/plugins/@deepseek-ai/dsh-client-connection/client.js?rev=bc3c3fa9d26b:10055
[ 2783852ms] [WARNING] WebSocket connection to 'ws://localhost:1420/api/events.host' failed: WebSocket is closed before the connection is established. @ http://localhost:1420/plugins/@deepseek-ai/dsh-client-connection/client.js?rev=bc3c3fa9d26b:10055
[ 2783852ms] [WARNING] [web-runtime] connection lost, retry #364 @ http://localhost:1420/plugins/@deepseek-ai/dsh-client-connection/client.js?rev=bc3c3fa9d26b:115
[ 2786671ms] [ERROR] WebSocket connection to 'ws://localhost:1420/' failed: Error in connection establishment: net::ERR_CONNECTION_REFUSED @ http://localhost:1420/@vite/client:1034
[ 2792593ms] [ERROR] WebSocket connection to 'ws://localhost:1420/' failed: Error in connection establishment: net::ERR_CONNECTION_REFUSED @ http://localhost:1420/@vite/client:1034
[ 2793139ms] [ERROR] Failed to load resource: net::ERR_CONNECTION_REFUSED @ http://localhost:1420/api/host.describe:0
[ 2793139ms] [WARNING] WebSocket connection to 'ws://localhost:1420/api/events.mux' failed: WebSocket is closed before the connection is established. @ http://localhost:1420/plugins/@deepseek-ai/dsh-client-connection/client.js?rev=bc3c3fa9d26b:10055
[ 2793139ms] [WARNING] WebSocket connection to 'ws://localhost:1420/api/events.host' failed: WebSocket is closed before the connection is established. @ http://localhost:1420/plugins/@deepseek-ai/dsh-client-connection/client.js?rev=bc3c3fa9d26b:10055
[ 2793139ms] [WARNING] [web-runtime] connection lost, retry #365 @ http://localhost:1420/plugins/@deepseek-ai/dsh-client-connection/client.js?rev=bc3c3fa9d26b:115
[ 2797989ms] [ERROR] WebSocket connection to 'ws://localhost:1420/' failed: Error in connection establishment: net::ERR_CONNECTION_REFUSED @ http://localhost:1420/@vite/client:1034
[ 2802842ms] [ERROR] Failed to load resource: net::ERR_CONNECTION_REFUSED @ http://localhost:1420/api/host.describe:0
[ 2802842ms] [WARNING] WebSocket connection to 'ws://localhost:1420/api/events.mux' failed: WebSocket is closed before the connection is established. @ http://localhost:1420/plugins/@deepseek-ai/dsh-client-connection/client.js?rev=bc3c3fa9d26b:10055
[ 2802842ms] [WARNING] WebSocket connection to 'ws://localhost:1420/api/events.host' failed: WebSocket is closed before the connection is established. @ http://localhost:1420/plugins/@deepseek-ai/dsh-client-connection/client.js?rev=bc3c3fa9d26b:10055
[ 2802843ms] [WARNING] [web-runtime] connection lost, retry #366 @ http://localhost:1420/plugins/@deepseek-ai/dsh-client-connection/client.js?rev=bc3c3fa9d26b:115
[ 2803132ms] [ERROR] WebSocket connection to 'ws://localhost:1420/' failed: Error in connection establishment: net::ERR_CONNECTION_REFUSED @ http://localhost:1420/@vite/client:1034
[ 2806753ms] [ERROR] WebSocket connection to 'ws://localhost:1420/' failed: Error in connection establishment: net::ERR_CONNECTION_REFUSED @ http://localhost:1420/@vite/client:1034
[ 2809803ms] [ERROR] WebSocket connection to 'ws://localhost:1420/' failed: Error in connection establishment: net::ERR_CONNECTION_REFUSED @ http://localhost:1420/@vite/client:1034
[ 2810587ms] [ERROR] Failed to load resource: net::ERR_CONNECTION_REFUSED @ http://localhost:1420/api/host.describe:0
[ 2810587ms] [WARNING] WebSocket connection to 'ws://localhost:1420/api/events.mux' failed: WebSocket is closed before the connection is established. @ http://localhost:1420/plugins/@deepseek-ai/dsh-client-connection/client.js?rev=bc3c3fa9d26b:10055
[ 2810587ms] [WARNING] WebSocket connection to 'ws://localhost:1420/api/events.host' failed: WebSocket is closed before the connection is established. @ http://localhost:1420/plugins/@deepseek-ai/dsh-client-connection/client.js?rev=bc3c3fa9d26b:10055
[ 2810587ms] [WARNING] [web-runtime] connection lost, retry #367 @ http://localhost:1420/plugins/@deepseek-ai/dsh-client-connection/client.js?rev=bc3c3fa9d26b:115
[ 2812041ms] [ERROR] WebSocket connection to 'ws://localhost:1420/' failed: Error in connection establishment: net::ERR_CONNECTION_REFUSED @ http://localhost:1420/@vite/client:1034
[ 2814283ms] [ERROR] WebSocket connection to 'ws://localhost:1420/' failed: Error in connection establishment: net::ERR_CONNECTION_REFUSED @ http://localhost:1420/@vite/client:1034
[ 2816510ms] [ERROR] Failed to load resource: net::ERR_CONNECTION_REFUSED @ http://localhost:1420/api/host.describe:0
[ 2816510ms] [WARNING] WebSocket connection to 'ws://localhost:1420/api/events.mux' failed: WebSocket is closed before the connection is established. @ http://localhost:1420/plugins/@deepseek-ai/dsh-client-connection/client.js?rev=bc3c3fa9d26b:10055
[ 2816510ms] [WARNING] WebSocket connection to 'ws://localhost:1420/api/events.host' failed: WebSocket is closed before the connection is established. @ http://localhost:1420/plugins/@deepseek-ai/dsh-client-connection/client.js?rev=bc3c3fa9d26b:10055
[ 2816510ms] [WARNING] [web-runtime] connection lost, retry #368 @ http://localhost:1420/plugins/@deepseek-ai/dsh-client-connection/client.js?rev=bc3c3fa9d26b:115
[ 2818764ms] [ERROR] WebSocket connection to 'ws://localhost:1420/' failed: Error in connection establishment: net::ERR_CONNECTION_REFUSED @ http://localhost:1420/@vite/client:1034
[ 2823802ms] [ERROR] WebSocket connection to 'ws://localhost:1420/' failed: Error in connection establishment: net::ERR_CONNECTION_REFUSED @ http://localhost:1420/@vite/client:1034
[ 2825243ms] [ERROR] Failed to load resource: net::ERR_CONNECTION_REFUSED @ http://localhost:1420/api/host.describe:0
[ 2825243ms] [WARNING] WebSocket connection to 'ws://localhost:1420/api/events.mux' failed: WebSocket is closed before the connection is established. @ http://localhost:1420/plugins/@deepseek-ai/dsh-client-connection/client.js?rev=bc3c3fa9d26b:10055
[ 2825243ms] [WARNING] WebSocket connection to 'ws://localhost:1420/api/events.host' failed: WebSocket is closed before the connection is established. @ http://localhost:1420/plugins/@deepseek-ai/dsh-client-connection/client.js?rev=bc3c3fa9d26b:10055
[ 2825244ms] [WARNING] [web-runtime] connection lost, retry #369 @ http://localhost:1420/plugins/@deepseek-ai/dsh-client-connection/client.js?rev=bc3c3fa9d26b:115
[ 2828490ms] [ERROR] WebSocket connection to 'ws://localhost:1420/' failed: Error in connection establishment: net::ERR_CONNECTION_REFUSED @ http://localhost:1420/@vite/client:1034
[ 2832494ms] [ERROR] WebSocket connection to 'ws://localhost:1420/' failed: Error in connection establishment: net::ERR_CONNECTION_REFUSED @ http://localhost:1420/@vite/client:1034
[ 2833272ms] [ERROR] Failed to load resource: net::ERR_CONNECTION_REFUSED @ http://localhost:1420/api/host.describe:0
[ 2833273ms] [WARNING] WebSocket connection to 'ws://localhost:1420/api/events.mux' failed: WebSocket is closed before the connection is established. @ http://localhost:1420/plugins/@deepseek-ai/dsh-client-connection/client.js?rev=bc3c3fa9d26b:10055
[ 2833273ms] [WARNING] WebSocket connection to 'ws://localhost:1420/api/events.host' failed: WebSocket is closed before the connection is established. @ http://localhost:1420/plugins/@deepseek-ai/dsh-client-connection/client.js?rev=bc3c3fa9d26b:10055
[ 2833273ms] [WARNING] [web-runtime] connection lost, retry #370 @ http://localhost:1420/plugins/@deepseek-ai/dsh-client-connection/client.js?rev=bc3c3fa9d26b:115
[ 2834753ms] [ERROR] WebSocket connection to 'ws://localhost:1420/' failed: Error in connection establishment: net::ERR_CONNECTION_REFUSED @ http://localhost:1420/@vite/client:1034
[ 2837011ms] [ERROR] WebSocket connection to 'ws://localhost:1420/' failed: Error in connection establishment: net::ERR_CONNECTION_REFUSED @ http://localhost:1420/@vite/client:1034
[ 2839896ms] [ERROR] Failed to load resource: net::ERR_CONNECTION_REFUSED @ http://localhost:1420/api/host.describe:0
[ 2839896ms] [WARNING] WebSocket connection to 'ws://localhost:1420/api/events.mux' failed: WebSocket is closed before the connection is established. @ http://localhost:1420/plugins/@deepseek-ai/dsh-client-connection/client.js?rev=bc3c3fa9d26b:10055
[ 2839896ms] [WARNING] WebSocket connection to 'ws://localhost:1420/api/events.host' failed: WebSocket is closed before the connection is established. @ http://localhost:1420/plugins/@deepseek-ai/dsh-client-connection/client.js?rev=bc3c3fa9d26b:10055
[ 2839897ms] [WARNING] [web-runtime] connection lost, retry #371 @ http://localhost:1420/plugins/@deepseek-ai/dsh-client-connection/client.js?rev=bc3c3fa9d26b:115
[ 2842853ms] [ERROR] WebSocket connection to 'ws://localhost:1420/' failed: Error in connection establishment: net::ERR_CONNECTION_REFUSED @ http://localhost:1420/@vite/client:1034
[ 2845174ms] [ERROR] WebSocket connection to 'ws://localhost:1420/' failed: Error in connection establishment: net::ERR_CONNECTION_REFUSED @ http://localhost:1420/@vite/client:1034
[ 2845280ms] [ERROR] Failed to load resource: net::ERR_CONNECTION_REFUSED @ http://localhost:1420/api/host.describe:0
[ 2845280ms] [WARNING] WebSocket connection to 'ws://localhost:1420/api/events.mux' failed: WebSocket is closed before the connection is established. @ http://localhost:1420/plugins/@deepseek-ai/dsh-client-connection/client.js?rev=bc3c3fa9d26b:10055
[ 2845280ms] [WARNING] WebSocket connection to 'ws://localhost:1420/api/events.host' failed: WebSocket is closed before the connection is established. @ http://localhost:1420/plugins/@deepseek-ai/dsh-client-connection/client.js?rev=bc3c3fa9d26b:10055
[ 2845281ms] [WARNING] [web-runtime] connection lost, retry #372 @ http://localhost:1420/plugins/@deepseek-ai/dsh-client-connection/client.js?rev=bc3c3fa9d26b:115
[ 2850977ms] [ERROR] WebSocket connection to 'ws://localhost:1420/' failed: Error in connection establishment: net::ERR_CONNECTION_REFUSED @ http://localhost:1420/@vite/client:1034
[ 2853818ms] [ERROR] Failed to load resource: net::ERR_CONNECTION_REFUSED @ http://localhost:1420/api/host.describe:0
[ 2853818ms] [WARNING] WebSocket connection to 'ws://localhost:1420/api/events.mux' failed: WebSocket is closed before the connection is established. @ http://localhost:1420/plugins/@deepseek-ai/dsh-client-connection/client.js?rev=bc3c3fa9d26b:10055
[ 2853818ms] [WARNING] WebSocket connection to 'ws://localhost:1420/api/events.host' failed: WebSocket is closed before the connection is established. @ http://localhost:1420/plugins/@deepseek-ai/dsh-client-connection/client.js?rev=bc3c3fa9d26b:10055
[ 2853818ms] [WARNING] [web-runtime] connection lost, retry #373 @ http://localhost:1420/plugins/@deepseek-ai/dsh-client-connection/client.js?rev=bc3c3fa9d26b:115
[ 2856697ms] [ERROR] WebSocket connection to 'ws://localhost:1420/' failed: Error in connection establishment: net::ERR_CONNECTION_REFUSED @ http://localhost:1420/@vite/client:1034
[ 2859622ms] [ERROR] WebSocket connection to 'ws://localhost:1420/' failed: Error in connection establishment: net::ERR_CONNECTION_REFUSED @ http://localhost:1420/@vite/client:1034
[ 2861894ms] [ERROR] WebSocket connection to 'ws://localhost:1420/' failed: Error in connection establishment: net::ERR_CONNECTION_REFUSED @ http://localhost:1420/@vite/client:1034
[ 2863667ms] [ERROR] Failed to load resource: net::ERR_CONNECTION_REFUSED @ http://localhost:1420/api/host.describe:0
[ 2863667ms] [WARNING] WebSocket connection to 'ws://localhost:1420/api/events.mux' failed: WebSocket is closed before the connection is established. @ http://localhost:1420/plugins/@deepseek-ai/dsh-client-connection/client.js?rev=bc3c3fa9d26b:10055
[ 2863667ms] [WARNING] WebSocket connection to 'ws://localhost:1420/api/events.host' failed: WebSocket is closed before the connection is established. @ http://localhost:1420/plugins/@deepseek-ai/dsh-client-connection/client.js?rev=bc3c3fa9d26b:10055
[ 2863667ms] [WARNING] [web-runtime] connection lost, retry #374 @ http://localhost:1420/plugins/@deepseek-ai/dsh-client-connection/client.js?rev=bc3c3fa9d26b:115
[ 2866089ms] [ERROR] WebSocket connection to 'ws://localhost:1420/' failed: Error in connection establishment: net::ERR_CONNECTION_REFUSED @ http://localhost:1420/@vite/client:1034
[ 2867209ms] [ERROR] WebSocket connection to 'ws://localhost:1420/' failed: Error in connection establishment: net::ERR_CONNECTION_REFUSED @ http://localhost:1420/@vite/client:1034
[ 2868214ms] [ERROR] WebSocket connection to 'ws://localhost:1420/' failed: Error in connection establishment: net::ERR_CONNECTION_REFUSED @ http://localhost:1420/@vite/client:1034
[ 2869218ms] [ERROR] WebSocket connection to 'ws://localhost:1420/' failed: Error in connection establishment: net::ERR_CONNECTION_REFUSED @ http://localhost:1420/@vite/client:1034
[ 2869698ms] [ERROR] Failed to load resource: net::ERR_CONNECTION_REFUSED @ http://localhost:1420/api/host.describe:0
[ 2869699ms] [WARNING] WebSocket connection to 'ws://localhost:1420/api/events.mux' failed: WebSocket is closed before the connection is established. @ http://localhost:1420/plugins/@deepseek-ai/dsh-client-connection/client.js?rev=bc3c3fa9d26b:10055
[ 2869699ms] [WARNING] WebSocket connection to 'ws://localhost:1420/api/events.host' failed: WebSocket is closed before the connection is established. @ http://localhost:1420/plugins/@deepseek-ai/dsh-client-connection/client.js?rev=bc3c3fa9d26b:10055
[ 2869699ms] [WARNING] [web-runtime] connection lost, retry #375 @ http://localhost:1420/plugins/@deepseek-ai/dsh-client-connection/client.js?rev=bc3c3fa9d26b:115
[ 2870226ms] [ERROR] WebSocket connection to 'ws://localhost:1420/' failed: Error in connection establishment: net::ERR_CONNECTION_REFUSED @ http://localhost:1420/@vite/client:1034
[ 2871236ms] [ERROR] WebSocket connection to 'ws://localhost:1420/' failed: Error in connection establishment: net::ERR_CONNECTION_REFUSED @ http://localhost:1420/@vite/client:1034
[ 2872262ms] [ERROR] WebSocket connection to 'ws://localhost:1420/' failed: Error in connection establishment: net::ERR_CONNECTION_REFUSED @ http://localhost:1420/@vite/client:1034
[ 2873276ms] [ERROR] WebSocket connection to 'ws://localhost:1420/' failed: Error in connection establishment: net::ERR_CONNECTION_REFUSED @ http://localhost:1420/@vite/client:1034
[ 2874318ms] [ERROR] WebSocket connection to 'ws://localhost:1420/' failed: Error in connection establishment: net::ERR_CONNECTION_REFUSED @ http://localhost:1420/@vite/client:1034
[ 2875448ms] [ERROR] WebSocket connection to 'ws://localhost:1420/' failed: Error in connection establishment: net::ERR_CONNECTION_REFUSED @ http://localhost:1420/@vite/client:1034
[ 2876373ms] [ERROR] Failed to load resource: net::ERR_CONNECTION_REFUSED @ http://localhost:1420/api/host.describe:0
[ 2876373ms] [WARNING] WebSocket connection to 'ws://localhost:1420/api/events.mux' failed: WebSocket is closed before the connection is established. @ http://localhost:1420/plugins/@deepseek-ai/dsh-client-connection/client.js?rev=bc3c3fa9d26b:10055
[ 2876373ms] [WARNING] WebSocket connection to 'ws://localhost:1420/api/events.host' failed: WebSocket is closed before the connection is established. @ http://localhost:1420/plugins/@deepseek-ai/dsh-client-connection/client.js?rev=bc3c3fa9d26b:10055
[ 2876373ms] [WARNING] [web-runtime] connection lost, retry #376 @ http://localhost:1420/plugins/@deepseek-ai/dsh-client-connection/client.js?rev=bc3c3fa9d26b:115
[ 2877152ms] [ERROR] WebSocket connection to 'ws://localhost:1420/' failed: Error in connection establishment: net::ERR_CONNECTION_REFUSED @ http://localhost:1420/@vite/client:1034
[ 2878845ms] [ERROR] WebSocket connection to 'ws://localhost:1420/' failed: Error in connection establishment: net::ERR_CONNECTION_REFUSED @ http://localhost:1420/@vite/client:1034
[ 2881255ms] [ERROR] WebSocket connection to 'ws://localhost:1420/' failed: Error in connection establishment: net::ERR_CONNECTION_REFUSED @ http://localhost:1420/@vite/client:1034
[ 2883760ms] [ERROR] Failed to load resource: net::ERR_CONNECTION_REFUSED @ http://localhost:1420/api/host.describe:0
[ 2883761ms] [WARNING] WebSocket connection to 'ws://localhost:1420/api/events.mux' failed: WebSocket is closed before the connection is established. @ http://localhost:1420/plugins/@deepseek-ai/dsh-client-connection/client.js?rev=bc3c3fa9d26b:10055
[ 2883761ms] [WARNING] WebSocket connection to 'ws://localhost:1420/api/events.host' failed: WebSocket is closed before the connection is established. @ http://localhost:1420/plugins/@deepseek-ai/dsh-client-connection/client.js?rev=bc3c3fa9d26b:10055
[ 2883761ms] [WARNING] [web-runtime] connection lost, retry #377 @ http://localhost:1420/plugins/@deepseek-ai/dsh-client-connection/client.js?rev=bc3c3fa9d26b:115
[ 2884179ms] [ERROR] WebSocket connection to 'ws://localhost:1420/' failed: Error in connection establishment: net::ERR_CONNECTION_REFUSED @ http://localhost:1420/@vite/client:1034
[ 2887415ms] [ERROR] WebSocket connection to 'ws://localhost:1420/' failed: Error in connection establishment: net::ERR_CONNECTION_REFUSED @ http://localhost:1420/@vite/client:1034
[ 2889499ms] [ERROR] WebSocket connection to 'ws://localhost:1420/' failed: Error in connection establishment: net::ERR_CONNECTION_REFUSED @ http://localhost:1420/@vite/client:1034
[ 2891040ms] [ERROR] Failed to load resource: net::ERR_CONNECTION_REFUSED @ http://localhost:1420/api/host.describe:0
[ 2891040ms] [WARNING] WebSocket connection to 'ws://localhost:1420/api/events.mux' failed: WebSocket is closed before the connection is established. @ http://localhost:1420/plugins/@deepseek-ai/dsh-client-connection/client.js?rev=bc3c3fa9d26b:10055
[ 2891040ms] [WARNING] WebSocket connection to 'ws://localhost:1420/api/events.host' failed: WebSocket is closed before the connection is established. @ http://localhost:1420/plugins/@deepseek-ai/dsh-client-connection/client.js?rev=bc3c3fa9d26b:10055
[ 2891040ms] [WARNING] [web-runtime] connection lost, retry #378 @ http://localhost:1420/plugins/@deepseek-ai/dsh-client-connection/client.js?rev=bc3c3fa9d26b:115
[ 2894075ms] [ERROR] WebSocket connection to 'ws://localhost:1420/' failed: Error in connection establishment: net::ERR_CONNECTION_REFUSED @ http://localhost:1420/@vite/client:1034
[ 2899341ms] [ERROR] WebSocket connection to 'ws://localhost:1420/' failed: Error in connection establishment: net::ERR_CONNECTION_REFUSED @ http://localhost:1420/@vite/client:1034
[ 2899776ms] [ERROR] Failed to load resource: net::ERR_CONNECTION_REFUSED @ http://localhost:1420/api/host.describe:0
[ 2899776ms] [WARNING] WebSocket connection to 'ws://localhost:1420/api/events.mux' failed: WebSocket is closed before the connection is established. @ http://localhost:1420/plugins/@deepseek-ai/dsh-client-connection/client.js?rev=bc3c3fa9d26b:10055
[ 2899776ms] [WARNING] WebSocket connection to 'ws://localhost:1420/api/events.host' failed: WebSocket is closed before the connection is established. @ http://localhost:1420/plugins/@deepseek-ai/dsh-client-connection/client.js?rev=bc3c3fa9d26b:10055
[ 2899776ms] [WARNING] [web-runtime] connection lost, retry #379 @ http://localhost:1420/plugins/@deepseek-ai/dsh-client-connection/client.js?rev=bc3c3fa9d26b:115
[ 2904513ms] [ERROR] WebSocket connection to 'ws://localhost:1420/' failed: Error in connection establishment: net::ERR_CONNECTION_REFUSED @ http://localhost:1420/@vite/client:1034
[ 2906300ms] [ERROR] Failed to load resource: net::ERR_CONNECTION_REFUSED @ http://localhost:1420/api/host.describe:0
[ 2906300ms] [WARNING] WebSocket connection to 'ws://localhost:1420/api/events.mux' failed: WebSocket is closed before the connection is established. @ http://localhost:1420/plugins/@deepseek-ai/dsh-client-connection/client.js?rev=bc3c3fa9d26b:10055
[ 2906300ms] [WARNING] WebSocket connection to 'ws://localhost:1420/api/events.host' failed: WebSocket is closed before the connection is established. @ http://localhost:1420/plugins/@deepseek-ai/dsh-client-connection/client.js?rev=bc3c3fa9d26b:10055
[ 2906300ms] [WARNING] [web-runtime] connection lost, retry #380 @ http://localhost:1420/plugins/@deepseek-ai/dsh-client-connection/client.js?rev=bc3c3fa9d26b:115
[ 2909213ms] [ERROR] WebSocket connection to 'ws://localhost:1420/' failed: Error in connection establishment: net::ERR_CONNECTION_REFUSED @ http://localhost:1420/@vite/client:1034
[ 2913210ms] [ERROR] WebSocket connection to 'ws://localhost:1420/' failed: Error in connection establishment: net::ERR_CONNECTION_REFUSED @ http://localhost:1420/@vite/client:1034
[ 2913324ms] [ERROR] Failed to load resource: net::ERR_CONNECTION_REFUSED @ http://localhost:1420/api/host.describe:0
[ 2913324ms] [WARNING] WebSocket connection to 'ws://localhost:1420/api/events.mux' failed: WebSocket is closed before the connection is established. @ http://localhost:1420/plugins/@deepseek-ai/dsh-client-connection/client.js?rev=bc3c3fa9d26b:10055
[ 2913324ms] [WARNING] WebSocket connection to 'ws://localhost:1420/api/events.host' failed: WebSocket is closed before the connection is established. @ http://localhost:1420/plugins/@deepseek-ai/dsh-client-connection/client.js?rev=bc3c3fa9d26b:10055
[ 2913325ms] [WARNING] [web-runtime] connection lost, retry #381 @ http://localhost:1420/plugins/@deepseek-ai/dsh-client-connection/client.js?rev=bc3c3fa9d26b:115
[ 2915656ms] [ERROR] WebSocket connection to 'ws://localhost:1420/' failed: Error in connection establishment: net::ERR_CONNECTION_REFUSED @ http://localhost:1420/@vite/client:1034
[ 2917981ms] [ERROR] WebSocket connection to 'ws://localhost:1420/' failed: Error in connection establishment: net::ERR_CONNECTION_REFUSED @ http://localhost:1420/@vite/client:1034
[ 2918907ms] [ERROR] Failed to load resource: net::ERR_CONNECTION_REFUSED @ http://localhost:1420/api/host.describe:0
[ 2918907ms] [WARNING] WebSocket connection to 'ws://localhost:1420/api/events.mux' failed: WebSocket is closed before the connection is established. @ http://localhost:1420/plugins/@deepseek-ai/dsh-client-connection/client.js?rev=bc3c3fa9d26b:10055
[ 2918908ms] [WARNING] WebSocket connection to 'ws://localhost:1420/api/events.host' failed: WebSocket is closed before the connection is established. @ http://localhost:1420/plugins/@deepseek-ai/dsh-client-connection/client.js?rev=bc3c3fa9d26b:10055
[ 2918908ms] [WARNING] [web-runtime] connection lost, retry #382 @ http://localhost:1420/plugins/@deepseek-ai/dsh-client-connection/client.js?rev=bc3c3fa9d26b:115
[ 2921214ms] [ERROR] WebSocket connection to 'ws://localhost:1420/' failed: Error in connection establishment: net::ERR_CONNECTION_REFUSED @ http://localhost:1420/@vite/client:1034
[ 2924626ms] [ERROR] Failed to load resource: net::ERR_CONNECTION_REFUSED @ http://localhost:1420/api/host.describe:0
[ 2924626ms] [WARNING] WebSocket connection to 'ws://localhost:1420/api/events.mux' failed: WebSocket is closed before the connection is established. @ http://localhost:1420/plugins/@deepseek-ai/dsh-client-connection/client.js?rev=bc3c3fa9d26b:10055
[ 2924626ms] [WARNING] WebSocket connection to 'ws://localhost:1420/api/events.host' failed: WebSocket is closed before the connection is established. @ http://localhost:1420/plugins/@deepseek-ai/dsh-client-connection/client.js?rev=bc3c3fa9d26b:10055
[ 2924626ms] [WARNING] [web-runtime] connection lost, retry #383 @ http://localhost:1420/plugins/@deepseek-ai/dsh-client-connection/client.js?rev=bc3c3fa9d26b:115
[ 2924971ms] [ERROR] WebSocket connection to 'ws://localhost:1420/' failed: Error in connection establishment: net::ERR_CONNECTION_REFUSED @ http://localhost:1420/@vite/client:1034
[ 2927752ms] [ERROR] WebSocket connection to 'ws://localhost:1420/' failed: Error in connection establishment: net::ERR_CONNECTION_REFUSED @ http://localhost:1420/@vite/client:1034
[ 2930082ms] [ERROR] WebSocket connection to 'ws://localhost:1420/' failed: Error in connection establishment: net::ERR_CONNECTION_REFUSED @ http://localhost:1420/@vite/client:1034
[ 2930575ms] [ERROR] Failed to load resource: net::ERR_CONNECTION_REFUSED @ http://localhost:1420/api/host.describe:0
[ 2930576ms] [WARNING] WebSocket connection to 'ws://localhost:1420/api/events.mux' failed: WebSocket is closed before the connection is established. @ http://localhost:1420/plugins/@deepseek-ai/dsh-client-connection/client.js?rev=bc3c3fa9d26b:10055
[ 2930576ms] [WARNING] WebSocket connection to 'ws://localhost:1420/api/events.host' failed: WebSocket is closed before the connection is established. @ http://localhost:1420/plugins/@deepseek-ai/dsh-client-connection/client.js?rev=bc3c3fa9d26b:10055
[ 2930576ms] [WARNING] [web-runtime] connection lost, retry #384 @ http://localhost:1420/plugins/@deepseek-ai/dsh-client-connection/client.js?rev=bc3c3fa9d26b:115
[ 2935882ms] [ERROR] WebSocket connection to 'ws://localhost:1420/' failed: Error in connection establishment: net::ERR_CONNECTION_REFUSED @ http://localhost:1420/@vite/client:1034
[ 2938699ms] [ERROR] Failed to load resource: net::ERR_CONNECTION_REFUSED @ http://localhost:1420/api/host.describe:0
[ 2938699ms] [WARNING] WebSocket connection to 'ws://localhost:1420/api/events.mux' failed: WebSocket is closed before the connection is established. @ http://localhost:1420/plugins/@deepseek-ai/dsh-client-connection/client.js?rev=bc3c3fa9d26b:10055
[ 2938699ms] [WARNING] WebSocket connection to 'ws://localhost:1420/api/events.host' failed: WebSocket is closed before the connection is established. @ http://localhost:1420/plugins/@deepseek-ai/dsh-client-connection/client.js?rev=bc3c3fa9d26b:10055
[ 2938699ms] [WARNING] [web-runtime] connection lost, retry #385 @ http://localhost:1420/plugins/@deepseek-ai/dsh-client-connection/client.js?rev=bc3c3fa9d26b:115
[ 2939345ms] [ERROR] WebSocket connection to 'ws://localhost:1420/' failed: Error in connection establishment: net::ERR_CONNECTION_REFUSED @ http://localhost:1420/@vite/client:1034
[ 2944357ms] [ERROR] WebSocket connection to 'ws://localhost:1420/' failed: Error in connection establishment: net::ERR_CONNECTION_REFUSED @ http://localhost:1420/@vite/client:1034
[ 2947255ms] [ERROR] Failed to load resource: net::ERR_CONNECTION_REFUSED @ http://localhost:1420/api/host.describe:0
[ 2947255ms] [WARNING] WebSocket connection to 'ws://localhost:1420/api/events.mux' failed: WebSocket is closed before the connection is established. @ http://localhost:1420/plugins/@deepseek-ai/dsh-client-connection/client.js?rev=bc3c3fa9d26b:10055
[ 2947255ms] [WARNING] WebSocket connection to 'ws://localhost:1420/api/events.host' failed: WebSocket is closed before the connection is established. @ http://localhost:1420/plugins/@deepseek-ai/dsh-client-connection/client.js?rev=bc3c3fa9d26b:10055
[ 2947256ms] [WARNING] [web-runtime] connection lost, retry #386 @ http://localhost:1420/plugins/@deepseek-ai/dsh-client-connection/client.js?rev=bc3c3fa9d26b:115
[ 2949420ms] [ERROR] WebSocket connection to 'ws://localhost:1420/' failed: Error in connection establishment: net::ERR_CONNECTION_REFUSED @ http://localhost:1420/@vite/client:1034
[ 2952251ms] [ERROR] WebSocket connection to 'ws://localhost:1420/' failed: Error in connection establishment: net::ERR_CONNECTION_REFUSED @ http://localhost:1420/@vite/client:1034
[ 2952572ms] [ERROR] Failed to load resource: net::ERR_CONNECTION_REFUSED @ http://localhost:1420/api/host.describe:0
[ 2952572ms] [WARNING] WebSocket connection to 'ws://localhost:1420/api/events.mux' failed: WebSocket is closed before the connection is established. @ http://localhost:1420/plugins/@deepseek-ai/dsh-client-connection/client.js?rev=bc3c3fa9d26b:10055
[ 2952572ms] [WARNING] WebSocket connection to 'ws://localhost:1420/api/events.host' failed: WebSocket is closed before the connection is established. @ http://localhost:1420/plugins/@deepseek-ai/dsh-client-connection/client.js?rev=bc3c3fa9d26b:10055
[ 2952572ms] [WARNING] [web-runtime] connection lost, retry #387 @ http://localhost:1420/plugins/@deepseek-ai/dsh-client-connection/client.js?rev=bc3c3fa9d26b:115
[ 2956414ms] [ERROR] WebSocket connection to 'ws://localhost:1420/' failed: Error in connection establishment: net::ERR_CONNECTION_REFUSED @ http://localhost:1420/@vite/client:1034
[ 2957986ms] [ERROR] Failed to load resource: net::ERR_CONNECTION_REFUSED @ http://localhost:1420/api/host.describe:0
[ 2957986ms] [WARNING] WebSocket connection to 'ws://localhost:1420/api/events.mux' failed: WebSocket is closed before the connection is established. @ http://localhost:1420/plugins/@deepseek-ai/dsh-client-connection/client.js?rev=bc3c3fa9d26b:10055
[ 2957986ms] [WARNING] WebSocket connection to 'ws://localhost:1420/api/events.host' failed: WebSocket is closed before the connection is established. @ http://localhost:1420/plugins/@deepseek-ai/dsh-client-connection/client.js?rev=bc3c3fa9d26b:10055
[ 2957986ms] [WARNING] [web-runtime] connection lost, retry #388 @ http://localhost:1420/plugins/@deepseek-ai/dsh-client-connection/client.js?rev=bc3c3fa9d26b:115
[ 2959832ms] [ERROR] WebSocket connection to 'ws://localhost:1420/' failed: Error in connection establishment: net::ERR_CONNECTION_REFUSED @ http://localhost:1420/@vite/client:1034
[ 2962641ms] [ERROR] WebSocket connection to 'ws://localhost:1420/' failed: Error in connection establishment: net::ERR_CONNECTION_REFUSED @ http://localhost:1420/@vite/client:1034
[ 2966276ms] [ERROR] Failed to load resource: net::ERR_CONNECTION_REFUSED @ http://localhost:1420/api/host.describe:0
[ 2966276ms] [WARNING] WebSocket connection to 'ws://localhost:1420/api/events.mux' failed: WebSocket is closed before the connection is established. @ http://localhost:1420/plugins/@deepseek-ai/dsh-client-connection/client.js?rev=bc3c3fa9d26b:10055
[ 2966276ms] [WARNING] WebSocket connection to 'ws://localhost:1420/api/events.host' failed: WebSocket is closed before the connection is established. @ http://localhost:1420/plugins/@deepseek-ai/dsh-client-connection/client.js?rev=bc3c3fa9d26b:10055
[ 2966276ms] [WARNING] [web-runtime] connection lost, retry #389 @ http://localhost:1420/plugins/@deepseek-ai/dsh-client-connection/client.js?rev=bc3c3fa9d26b:115
[ 2967984ms] [ERROR] WebSocket connection to 'ws://localhost:1420/' failed: Error in connection establishment: net::ERR_CONNECTION_REFUSED @ http://localhost:1420/@vite/client:1034
[ 2973772ms] [ERROR] WebSocket connection to 'ws://localhost:1420/' failed: Error in connection establishment: net::ERR_CONNECTION_REFUSED @ http://localhost:1420/@vite/client:1034
[ 2974876ms] [ERROR] Failed to load resource: net::ERR_CONNECTION_REFUSED @ http://localhost:1420/api/host.describe:0
[ 2974876ms] [WARNING] WebSocket connection to 'ws://localhost:1420/api/events.mux' failed: WebSocket is closed before the connection is established. @ http://localhost:1420/plugins/@deepseek-ai/dsh-client-connection/client.js?rev=bc3c3fa9d26b:10055
[ 2974876ms] [WARNING] WebSocket connection to 'ws://localhost:1420/api/events.host' failed: WebSocket is closed before the connection is established. @ http://localhost:1420/plugins/@deepseek-ai/dsh-client-connection/client.js?rev=bc3c3fa9d26b:10055
[ 2974876ms] [WARNING] [web-runtime] connection lost, retry #390 @ http://localhost:1420/plugins/@deepseek-ai/dsh-client-connection/client.js?rev=bc3c3fa9d26b:115
[ 2976266ms] [ERROR] WebSocket connection to 'ws://localhost:1420/' failed: Error in connection establishment: net::ERR_CONNECTION_REFUSED @ http://localhost:1420/@vite/client:1034
[ 2979939ms] [ERROR] WebSocket connection to 'ws://localhost:1420/' failed: Error in connection establishment: net::ERR_CONNECTION_REFUSED @ http://localhost:1420/@vite/client:1034
[ 2982438ms] [ERROR] WebSocket connection to 'ws://localhost:1420/' failed: Error in connection establishment: net::ERR_CONNECTION_REFUSED @ http://localhost:1420/@vite/client:1034
[ 2983517ms] [ERROR] Failed to load resource: net::ERR_CONNECTION_REFUSED @ http://localhost:1420/api/host.describe:0
[ 2983517ms] [WARNING] WebSocket connection to 'ws://localhost:1420/api/events.mux' failed: WebSocket is closed before the connection is established. @ http://localhost:1420/plugins/@deepseek-ai/dsh-client-connection/client.js?rev=bc3c3fa9d26b:10055
[ 2983517ms] [WARNING] WebSocket connection to 'ws://localhost:1420/api/events.host' failed: WebSocket is closed before the connection is established. @ http://localhost:1420/plugins/@deepseek-ai/dsh-client-connection/client.js?rev=bc3c3fa9d26b:10055
[ 2983517ms] [WARNING] [web-runtime] connection lost, retry #391 @ http://localhost:1420/plugins/@deepseek-ai/dsh-client-connection/client.js?rev=bc3c3fa9d26b:115
[ 2986075ms] [ERROR] WebSocket connection to 'ws://localhost:1420/' failed: Error in connection establishment: net::ERR_CONNECTION_REFUSED @ http://localhost:1420/@vite/client:1034
[ 2989467ms] [ERROR] WebSocket connection to 'ws://localhost:1420/' failed: Error in connection establishment: net::ERR_CONNECTION_REFUSED @ http://localhost:1420/@vite/client:1034
[ 2990212ms] [ERROR] Failed to load resource: net::ERR_CONNECTION_REFUSED @ http://localhost:1420/api/host.describe:0
[ 2990213ms] [WARNING] WebSocket connection to 'ws://localhost:1420/api/events.mux' failed: WebSocket is closed before the connection is established. @ http://localhost:1420/plugins/@deepseek-ai/dsh-client-connection/client.js?rev=bc3c3fa9d26b:10055
[ 2990213ms] [WARNING] WebSocket connection to 'ws://localhost:1420/api/events.host' failed: WebSocket is closed before the connection is established. @ http://localhost:1420/plugins/@deepseek-ai/dsh-client-connection/client.js?rev=bc3c3fa9d26b:10055
[ 2990213ms] [WARNING] [web-runtime] connection lost, retry #392 @ http://localhost:1420/plugins/@deepseek-ai/dsh-client-connection/client.js?rev=bc3c3fa9d26b:115
[ 2992039ms] [ERROR] WebSocket connection to 'ws://localhost:1420/' failed: Error in connection establishment: net::ERR_CONNECTION_REFUSED @ http://localhost:1420/@vite/client:1034
[ 2995827ms] [ERROR] Failed to load resource: net::ERR_CONNECTION_REFUSED @ http://localhost:1420/api/host.describe:0
[ 2995827ms] [WARNING] WebSocket connection to 'ws://localhost:1420/api/events.mux' failed: WebSocket is closed before the connection is established. @ http://localhost:1420/plugins/@deepseek-ai/dsh-client-connection/client.js?rev=bc3c3fa9d26b:10055
[ 2995827ms] [WARNING] WebSocket connection to 'ws://localhost:1420/api/events.host' failed: WebSocket is closed before the connection is established. @ http://localhost:1420/plugins/@deepseek-ai/dsh-client-connection/client.js?rev=bc3c3fa9d26b:10055
[ 2995827ms] [WARNING] [web-runtime] connection lost, retry #393 @ http://localhost:1420/plugins/@deepseek-ai/dsh-client-connection/client.js?rev=bc3c3fa9d26b:115
[ 2997134ms] [ERROR] WebSocket connection to 'ws://localhost:1420/' failed: Error in connection establishment: net::ERR_CONNECTION_REFUSED @ http://localhost:1420/@vite/client:1034
[ 3000869ms] [ERROR] WebSocket connection to 'ws://localhost:1420/' failed: Error in connection establishment: net::ERR_CONNECTION_REFUSED @ http://localhost:1420/@vite/client:1034
[ 3003648ms] [ERROR] Failed to load resource: net::ERR_CONNECTION_REFUSED @ http://localhost:1420/api/host.describe:0
[ 3003648ms] [WARNING] WebSocket connection to 'ws://localhost:1420/api/events.mux' failed: WebSocket is closed before the connection is established. @ http://localhost:1420/plugins/@deepseek-ai/dsh-client-connection/client.js?rev=bc3c3fa9d26b:10055
[ 3003648ms] [WARNING] WebSocket connection to 'ws://localhost:1420/api/events.host' failed: WebSocket is closed before the connection is established. @ http://localhost:1420/plugins/@deepseek-ai/dsh-client-connection/client.js?rev=bc3c3fa9d26b:10055
[ 3003648ms] [WARNING] [web-runtime] connection lost, retry #394 @ http://localhost:1420/plugins/@deepseek-ai/dsh-client-connection/client.js?rev=bc3c3fa9d26b:115
[ 3005547ms] [ERROR] WebSocket connection to 'ws://localhost:1420/' failed: Error in connection establishment: net::ERR_CONNECTION_REFUSED @ http://localhost:1420/@vite/client:1034
[ 3009667ms] [ERROR] Failed to load resource: net::ERR_CONNECTION_REFUSED @ http://localhost:1420/api/host.describe:0
[ 3009668ms] [WARNING] WebSocket connection to 'ws://localhost:1420/api/events.mux' failed: WebSocket is closed before the connection is established. @ http://localhost:1420/plugins/@deepseek-ai/dsh-client-connection/client.js?rev=bc3c3fa9d26b:10055
[ 3009668ms] [WARNING] WebSocket connection to 'ws://localhost:1420/api/events.host' failed: WebSocket is closed before the connection is established. @ http://localhost:1420/plugins/@deepseek-ai/dsh-client-connection/client.js?rev=bc3c3fa9d26b:10055
[ 3009668ms] [WARNING] [web-runtime] connection lost, retry #395 @ http://localhost:1420/plugins/@deepseek-ai/dsh-client-connection/client.js?rev=bc3c3fa9d26b:115
[ 3009955ms] [ERROR] WebSocket connection to 'ws://localhost:1420/' failed: Error in connection establishment: net::ERR_CONNECTION_REFUSED @ http://localhost:1420/@vite/client:1034
[ 3015665ms] [ERROR] WebSocket connection to 'ws://localhost:1420/' failed: Error in connection establishment: net::ERR_CONNECTION_REFUSED @ http://localhost:1420/@vite/client:1034
[ 3019431ms] [ERROR] Failed to load resource: net::ERR_CONNECTION_REFUSED @ http://localhost:1420/api/host.describe:0
[ 3019431ms] [WARNING] WebSocket connection to 'ws://localhost:1420/api/events.mux' failed: WebSocket is closed before the connection is established. @ http://localhost:1420/plugins/@deepseek-ai/dsh-client-connection/client.js?rev=bc3c3fa9d26b:10055
[ 3019431ms] [WARNING] WebSocket connection to 'ws://localhost:1420/api/events.host' failed: WebSocket is closed before the connection is established. @ http://localhost:1420/plugins/@deepseek-ai/dsh-client-connection/client.js?rev=bc3c3fa9d26b:10055
[ 3019431ms] [WARNING] [web-runtime] connection lost, retry #396 @ http://localhost:1420/plugins/@deepseek-ai/dsh-client-connection/client.js?rev=bc3c3fa9d26b:115
[ 3021640ms] [ERROR] WebSocket connection to 'ws://localhost:1420/' failed: Error in connection establishment: net::ERR_CONNECTION_REFUSED @ http://localhost:1420/@vite/client:1034
[ 3024596ms] [ERROR] WebSocket connection to 'ws://localhost:1420/' failed: Error in connection establishment: net::ERR_CONNECTION_REFUSED @ http://localhost:1420/@vite/client:1034
[ 3026068ms] [ERROR] Failed to load resource: net::ERR_CONNECTION_REFUSED @ http://localhost:1420/api/host.describe:0
[ 3026068ms] [WARNING] WebSocket connection to 'ws://localhost:1420/api/events.mux' failed: WebSocket is closed before the connection is established. @ http://localhost:1420/plugins/@deepseek-ai/dsh-client-connection/client.js?rev=bc3c3fa9d26b:10055
[ 3026068ms] [WARNING] WebSocket connection to 'ws://localhost:1420/api/events.host' failed: WebSocket is closed before the connection is established. @ http://localhost:1420/plugins/@deepseek-ai/dsh-client-connection/client.js?rev=bc3c3fa9d26b:10055
[ 3026069ms] [WARNING] [web-runtime] connection lost, retry #397 @ http://localhost:1420/plugins/@deepseek-ai/dsh-client-connection/client.js?rev=bc3c3fa9d26b:115
[ 3027274ms] [ERROR] WebSocket connection to 'ws://localhost:1420/' failed: Error in connection establishment: net::ERR_CONNECTION_REFUSED @ http://localhost:1420/@vite/client:1034
[ 3029505ms] [ERROR] WebSocket connection to 'ws://localhost:1420/' failed: Error in connection establishment: net::ERR_CONNECTION_REFUSED @ http://localhost:1420/@vite/client:1034
[ 3031534ms] [ERROR] Failed to load resource: net::ERR_CONNECTION_REFUSED @ http://localhost:1420/api/host.describe:0
[ 3031535ms] [WARNING] WebSocket connection to 'ws://localhost:1420/api/events.mux' failed: WebSocket is closed before the connection is established. @ http://localhost:1420/plugins/@deepseek-ai/dsh-client-connection/client.js?rev=bc3c3fa9d26b:10055
[ 3031535ms] [WARNING] WebSocket connection to 'ws://localhost:1420/api/events.host' failed: WebSocket is closed before the connection is established. @ http://localhost:1420/plugins/@deepseek-ai/dsh-client-connection/client.js?rev=bc3c3fa9d26b:10055
[ 3031535ms] [WARNING] [web-runtime] connection lost, retry #398 @ http://localhost:1420/plugins/@deepseek-ai/dsh-client-connection/client.js?rev=bc3c3fa9d26b:115
[ 3031784ms] [ERROR] WebSocket connection to 'ws://localhost:1420/' failed: Error in connection establishment: net::ERR_CONNECTION_REFUSED @ http://localhost:1420/@vite/client:1034
[ 3036709ms] [ERROR] WebSocket connection to 'ws://localhost:1420/' failed: Error in connection establishment: net::ERR_CONNECTION_REFUSED @ http://localhost:1420/@vite/client:1034
[ 3041153ms] [ERROR] Failed to load resource: net::ERR_CONNECTION_REFUSED @ http://localhost:1420/api/host.describe:0
[ 3041153ms] [WARNING] WebSocket connection to 'ws://localhost:1420/api/events.mux' failed: WebSocket is closed before the connection is established. @ http://localhost:1420/plugins/@deepseek-ai/dsh-client-connection/client.js?rev=bc3c3fa9d26b:10055
[ 3041153ms] [WARNING] WebSocket connection to 'ws://localhost:1420/api/events.host' failed: WebSocket is closed before the connection is established. @ http://localhost:1420/plugins/@deepseek-ai/dsh-client-connection/client.js?rev=bc3c3fa9d26b:10055
[ 3041153ms] [WARNING] [web-runtime] connection lost, retry #399 @ http://localhost:1420/plugins/@deepseek-ai/dsh-client-connection/client.js?rev=bc3c3fa9d26b:115
[ 3042542ms] [ERROR] WebSocket connection to 'ws://localhost:1420/' failed: Error in connection establishment: net::ERR_CONNECTION_REFUSED @ http://localhost:1420/@vite/client:1034
[ 3046877ms] [ERROR] WebSocket connection to 'ws://localhost:1420/' failed: Error in connection establishment: net::ERR_CONNECTION_REFUSED @ http://localhost:1420/@vite/client:1034
[ 3047543ms] [ERROR] Failed to load resource: net::ERR_CONNECTION_REFUSED @ http://localhost:1420/api/host.describe:0
[ 3047543ms] [WARNING] WebSocket connection to 'ws://localhost:1420/api/events.mux' failed: WebSocket is closed before the connection is established. @ http://localhost:1420/plugins/@deepseek-ai/dsh-client-connection/client.js?rev=bc3c3fa9d26b:10055
[ 3047543ms] [WARNING] WebSocket connection to 'ws://localhost:1420/api/events.host' failed: WebSocket is closed before the connection is established. @ http://localhost:1420/plugins/@deepseek-ai/dsh-client-connection/client.js?rev=bc3c3fa9d26b:10055
[ 3047543ms] [WARNING] [web-runtime] connection lost, retry #400 @ http://localhost:1420/plugins/@deepseek-ai/dsh-client-connection/client.js?rev=bc3c3fa9d26b:115
[ 3049525ms] [ERROR] WebSocket connection to 'ws://localhost:1420/' failed: Error in connection establishment: net::ERR_CONNECTION_REFUSED @ http://localhost:1420/@vite/client:1034
[ 3053870ms] [ERROR] WebSocket connection to 'ws://localhost:1420/' failed: Error in connection establishment: net::ERR_CONNECTION_REFUSED @ http://localhost:1420/@vite/client:1034
[ 3057372ms] [ERROR] Failed to load resource: net::ERR_CONNECTION_REFUSED @ http://localhost:1420/api/host.describe:0
[ 3057372ms] [WARNING] WebSocket connection to 'ws://localhost:1420/api/events.mux' failed: WebSocket is closed before the connection is established. @ http://localhost:1420/plugins/@deepseek-ai/dsh-client-connection/client.js?rev=bc3c3fa9d26b:10055
[ 3057372ms] [WARNING] WebSocket connection to 'ws://localhost:1420/api/events.host' failed: WebSocket is closed before the connection is established. @ http://localhost:1420/plugins/@deepseek-ai/dsh-client-connection/client.js?rev=bc3c3fa9d26b:10055
[ 3057372ms] [WARNING] [web-runtime] connection lost, retry #401 @ http://localhost:1420/plugins/@deepseek-ai/dsh-client-connection/client.js?rev=bc3c3fa9d26b:115
[ 3057837ms] [ERROR] WebSocket connection to 'ws://localhost:1420/' failed: Error in connection establishment: net::ERR_CONNECTION_REFUSED @ http://localhost:1420/@vite/client:1034
[ 3060063ms] [ERROR] WebSocket connection to 'ws://localhost:1420/' failed: Error in connection establishment: net::ERR_CONNECTION_REFUSED @ http://localhost:1420/@vite/client:1034
[ 3063950ms] [ERROR] WebSocket connection to 'ws://localhost:1420/' failed: Error in connection establishment: net::ERR_CONNECTION_REFUSED @ http://localhost:1420/@vite/client:1034
[ 3065313ms] [ERROR] Failed to load resource: net::ERR_CONNECTION_REFUSED @ http://localhost:1420/api/host.describe:0
[ 3065313ms] [WARNING] WebSocket connection to 'ws://localhost:1420/api/events.mux' failed: WebSocket is closed before the connection is established. @ http://localhost:1420/plugins/@deepseek-ai/dsh-client-connection/client.js?rev=bc3c3fa9d26b:10055
[ 3065313ms] [WARNING] WebSocket connection to 'ws://localhost:1420/api/events.host' failed: WebSocket is closed before the connection is established. @ http://localhost:1420/plugins/@deepseek-ai/dsh-client-connection/client.js?rev=bc3c3fa9d26b:10055
[ 3065313ms] [WARNING] [web-runtime] connection lost, retry #402 @ http://localhost:1420/plugins/@deepseek-ai/dsh-client-connection/client.js?rev=bc3c3fa9d26b:115
[ 3069465ms] [ERROR] WebSocket connection to 'ws://localhost:1420/' failed: Error in connection establishment: net::ERR_CONNECTION_REFUSED @ http://localhost:1420/@vite/client:1034
[ 3070588ms] [ERROR] Failed to load resource: net::ERR_CONNECTION_REFUSED @ http://localhost:1420/api/host.describe:0
[ 3070588ms] [WARNING] WebSocket connection to 'ws://localhost:1420/api/events.mux' failed: WebSocket is closed before the connection is established. @ http://localhost:1420/plugins/@deepseek-ai/dsh-client-connection/client.js?rev=bc3c3fa9d26b:10055
[ 3070588ms] [WARNING] WebSocket connection to 'ws://localhost:1420/api/events.host' failed: WebSocket is closed before the connection is established. @ http://localhost:1420/plugins/@deepseek-ai/dsh-client-connection/client.js?rev=bc3c3fa9d26b:10055
[ 3070588ms] [WARNING] [web-runtime] connection lost, retry #403 @ http://localhost:1420/plugins/@deepseek-ai/dsh-client-connection/client.js?rev=bc3c3fa9d26b:115
[ 3074428ms] [ERROR] WebSocket connection to 'ws://localhost:1420/' failed: Error in connection establishment: net::ERR_CONNECTION_REFUSED @ http://localhost:1420/@vite/client:1034
[ 3077151ms] [ERROR] Failed to load resource: net::ERR_CONNECTION_REFUSED @ http://localhost:1420/api/host.describe:0
[ 3077151ms] [WARNING] WebSocket connection to 'ws://localhost:1420/api/events.mux' failed: WebSocket is closed before the connection is established. @ http://localhost:1420/plugins/@deepseek-ai/dsh-client-connection/client.js?rev=bc3c3fa9d26b:10055
[ 3077151ms] [WARNING] WebSocket connection to 'ws://localhost:1420/api/events.host' failed: WebSocket is closed before the connection is established. @ http://localhost:1420/plugins/@deepseek-ai/dsh-client-connection/client.js?rev=bc3c3fa9d26b:10055
[ 3077151ms] [WARNING] [web-runtime] connection lost, retry #404 @ http://localhost:1420/plugins/@deepseek-ai/dsh-client-connection/client.js?rev=bc3c3fa9d26b:115
[ 3078764ms] [ERROR] WebSocket connection to 'ws://localhost:1420/' failed: Error in connection establishment: net::ERR_CONNECTION_REFUSED @ http://localhost:1420/@vite/client:1034
[ 3082389ms] [ERROR] Failed to load resource: net::ERR_CONNECTION_REFUSED @ http://localhost:1420/api/host.describe:0
[ 3082389ms] [WARNING] WebSocket connection to 'ws://localhost:1420/api/events.mux' failed: WebSocket is closed before the connection is established. @ http://localhost:1420/plugins/@deepseek-ai/dsh-client-connection/client.js?rev=bc3c3fa9d26b:10055
[ 3082389ms] [WARNING] WebSocket connection to 'ws://localhost:1420/api/events.host' failed: WebSocket is closed before the connection is established. @ http://localhost:1420/plugins/@deepseek-ai/dsh-client-connection/client.js?rev=bc3c3fa9d26b:10055
[ 3082389ms] [WARNING] [web-runtime] connection lost, retry #405 @ http://localhost:1420/plugins/@deepseek-ai/dsh-client-connection/client.js?rev=bc3c3fa9d26b:115
[ 3083315ms] [ERROR] WebSocket connection to 'ws://localhost:1420/' failed: Error in connection establishment: net::ERR_CONNECTION_REFUSED @ http://localhost:1420/@vite/client:1034
[ 3087202ms] [ERROR] WebSocket connection to 'ws://localhost:1420/' failed: Error in connection establishment: net::ERR_CONNECTION_REFUSED @ http://localhost:1420/@vite/client:1034
[ 3089117ms] [ERROR] Failed to load resource: net::ERR_CONNECTION_REFUSED @ http://localhost:1420/api/host.describe:0
[ 3089117ms] [WARNING] WebSocket connection to 'ws://localhost:1420/api/events.mux' failed: WebSocket is closed before the connection is established. @ http://localhost:1420/plugins/@deepseek-ai/dsh-client-connection/client.js?rev=bc3c3fa9d26b:10055
[ 3089117ms] [WARNING] WebSocket connection to 'ws://localhost:1420/api/events.host' failed: WebSocket is closed before the connection is established. @ http://localhost:1420/plugins/@deepseek-ai/dsh-client-connection/client.js?rev=bc3c3fa9d26b:10055
[ 3089117ms] [WARNING] [web-runtime] connection lost, retry #406 @ http://localhost:1420/plugins/@deepseek-ai/dsh-client-connection/client.js?rev=bc3c3fa9d26b:115
[ 3090856ms] [ERROR] WebSocket connection to 'ws://localhost:1420/' failed: Error in connection establishment: net::ERR_CONNECTION_REFUSED @ http://localhost:1420/@vite/client:1034
[ 3096301ms] [ERROR] WebSocket connection to 'ws://localhost:1420/' failed: Error in connection establishment: net::ERR_CONNECTION_REFUSED @ http://localhost:1420/@vite/client:1034
[ 3097529ms] [ERROR] Failed to load resource: net::ERR_CONNECTION_REFUSED @ http://localhost:1420/api/host.describe:0
[ 3097529ms] [WARNING] WebSocket connection to 'ws://localhost:1420/api/events.mux' failed: WebSocket is closed before the connection is established. @ http://localhost:1420/plugins/@deepseek-ai/dsh-client-connection/client.js?rev=bc3c3fa9d26b:10055
[ 3097529ms] [WARNING] WebSocket connection to 'ws://localhost:1420/api/events.host' failed: WebSocket is closed before the connection is established. @ http://localhost:1420/plugins/@deepseek-ai/dsh-client-connection/client.js?rev=bc3c3fa9d26b:10055
[ 3097529ms] [WARNING] [web-runtime] connection lost, retry #407 @ http://localhost:1420/plugins/@deepseek-ai/dsh-client-connection/client.js?rev=bc3c3fa9d26b:115
[ 3099446ms] [ERROR] WebSocket connection to 'ws://localhost:1420/' failed: Error in connection establishment: net::ERR_CONNECTION_REFUSED @ http://localhost:1420/@vite/client:1034
[ 3103757ms] [ERROR] Failed to load resource: net::ERR_CONNECTION_REFUSED @ http://localhost:1420/api/host.describe:0
[ 3103757ms] [WARNING] WebSocket connection to 'ws://localhost:1420/api/events.mux' failed: WebSocket is closed before the connection is established. @ http://localhost:1420/plugins/@deepseek-ai/dsh-client-connection/client.js?rev=bc3c3fa9d26b:10055
[ 3103757ms] [WARNING] WebSocket connection to 'ws://localhost:1420/api/events.host' failed: WebSocket is closed before the connection is established. @ http://localhost:1420/plugins/@deepseek-ai/dsh-client-connection/client.js?rev=bc3c3fa9d26b:10055
[ 3103757ms] [WARNING] [web-runtime] connection lost, retry #408 @ http://localhost:1420/plugins/@deepseek-ai/dsh-client-connection/client.js?rev=bc3c3fa9d26b:115
[ 3103798ms] [ERROR] WebSocket connection to 'ws://localhost:1420/' failed: Error in connection establishment: net::ERR_CONNECTION_REFUSED @ http://localhost:1420/@vite/client:1034
[ 3109441ms] [ERROR] WebSocket connection to 'ws://localhost:1420/' failed: Error in connection establishment: net::ERR_CONNECTION_REFUSED @ http://localhost:1420/@vite/client:1034
[ 3110229ms] [ERROR] Failed to load resource: net::ERR_CONNECTION_REFUSED @ http://localhost:1420/api/host.describe:0
[ 3110229ms] [WARNING] WebSocket connection to 'ws://localhost:1420/api/events.mux' failed: WebSocket is closed before the connection is established. @ http://localhost:1420/plugins/@deepseek-ai/dsh-client-connection/client.js?rev=bc3c3fa9d26b:10055
[ 3110229ms] [WARNING] WebSocket connection to 'ws://localhost:1420/api/events.host' failed: WebSocket is closed before the connection is established. @ http://localhost:1420/plugins/@deepseek-ai/dsh-client-connection/client.js?rev=bc3c3fa9d26b:10055
[ 3110229ms] [WARNING] [web-runtime] connection lost, retry #409 @ http://localhost:1420/plugins/@deepseek-ai/dsh-client-connection/client.js?rev=bc3c3fa9d26b:115
[ 3112948ms] [ERROR] WebSocket connection to 'ws://localhost:1420/' failed: Error in connection establishment: net::ERR_CONNECTION_REFUSED @ http://localhost:1420/@vite/client:1034
[ 3117405ms] [ERROR] WebSocket connection to 'ws://localhost:1420/' failed: Error in connection establishment: net::ERR_CONNECTION_REFUSED @ http://localhost:1420/@vite/client:1034
[ 3118926ms] [ERROR] Failed to load resource: net::ERR_CONNECTION_REFUSED @ http://localhost:1420/api/host.describe:0
[ 3118927ms] [WARNING] WebSocket connection to 'ws://localhost:1420/api/events.mux' failed: WebSocket is closed before the connection is established. @ http://localhost:1420/plugins/@deepseek-ai/dsh-client-connection/client.js?rev=bc3c3fa9d26b:10055
[ 3118927ms] [WARNING] WebSocket connection to 'ws://localhost:1420/api/events.host' failed: WebSocket is closed before the connection is established. @ http://localhost:1420/plugins/@deepseek-ai/dsh-client-connection/client.js?rev=bc3c3fa9d26b:10055
[ 3118927ms] [WARNING] [web-runtime] connection lost, retry #410 @ http://localhost:1420/plugins/@deepseek-ai/dsh-client-connection/client.js?rev=bc3c3fa9d26b:115
[ 3120019ms] [ERROR] WebSocket connection to 'ws://localhost:1420/' failed: Error in connection establishment: net::ERR_CONNECTION_REFUSED @ http://localhost:1420/@vite/client:1034
[ 3124905ms] [ERROR] WebSocket connection to 'ws://localhost:1420/' failed: Error in connection establishment: net::ERR_CONNECTION_REFUSED @ http://localhost:1420/@vite/client:1034
[ 3127202ms] [ERROR] Failed to load resource: net::ERR_CONNECTION_REFUSED @ http://localhost:1420/api/host.describe:0
[ 3127202ms] [WARNING] WebSocket connection to 'ws://localhost:1420/api/events.mux' failed: WebSocket is closed before the connection is established. @ http://localhost:1420/plugins/@deepseek-ai/dsh-client-connection/client.js?rev=bc3c3fa9d26b:10055
[ 3127203ms] [WARNING] WebSocket connection to 'ws://localhost:1420/api/events.host' failed: WebSocket is closed before the connection is established. @ http://localhost:1420/plugins/@deepseek-ai/dsh-client-connection/client.js?rev=bc3c3fa9d26b:10055
[ 3127203ms] [WARNING] [web-runtime] connection lost, retry #411 @ http://localhost:1420/plugins/@deepseek-ai/dsh-client-connection/client.js?rev=bc3c3fa9d26b:115
[ 3127381ms] [ERROR] WebSocket connection to 'ws://localhost:1420/' failed: Error in connection establishment: net::ERR_CONNECTION_REFUSED @ http://localhost:1420/@vite/client:1034
[ 3133380ms] [ERROR] WebSocket connection to 'ws://localhost:1420/' failed: Error in connection establishment: net::ERR_CONNECTION_REFUSED @ http://localhost:1420/@vite/client:1034
[ 3134374ms] [ERROR] Failed to load resource: net::ERR_CONNECTION_REFUSED @ http://localhost:1420/api/host.describe:0
[ 3134374ms] [WARNING] WebSocket connection to 'ws://localhost:1420/api/events.mux' failed: WebSocket is closed before the connection is established. @ http://localhost:1420/plugins/@deepseek-ai/dsh-client-connection/client.js?rev=bc3c3fa9d26b:10055
[ 3134375ms] [WARNING] WebSocket connection to 'ws://localhost:1420/api/events.host' failed: WebSocket is closed before the connection is established. @ http://localhost:1420/plugins/@deepseek-ai/dsh-client-connection/client.js?rev=bc3c3fa9d26b:10055
[ 3134375ms] [WARNING] [web-runtime] connection lost, retry #412 @ http://localhost:1420/plugins/@deepseek-ai/dsh-client-connection/client.js?rev=bc3c3fa9d26b:115
[ 3138830ms] [ERROR] WebSocket connection to 'ws://localhost:1420/' failed: Error in connection establishment: net::ERR_CONNECTION_REFUSED @ http://localhost:1420/@vite/client:1034
[ 3140416ms] [ERROR] Failed to load resource: net::ERR_CONNECTION_REFUSED @ http://localhost:1420/api/host.describe:0
[ 3140416ms] [WARNING] WebSocket connection to 'ws://localhost:1420/api/events.mux' failed: WebSocket is closed before the connection is established. @ http://localhost:1420/plugins/@deepseek-ai/dsh-client-connection/client.js?rev=bc3c3fa9d26b:10055
[ 3140416ms] [WARNING] WebSocket connection to 'ws://localhost:1420/api/events.host' failed: WebSocket is closed before the connection is established. @ http://localhost:1420/plugins/@deepseek-ai/dsh-client-connection/client.js?rev=bc3c3fa9d26b:10055
[ 3140416ms] [WARNING] [web-runtime] connection lost, retry #413 @ http://localhost:1420/plugins/@deepseek-ai/dsh-client-connection/client.js?rev=bc3c3fa9d26b:115
[ 3144580ms] [ERROR] WebSocket connection to 'ws://localhost:1420/' failed: Error in connection establishment: net::ERR_CONNECTION_REFUSED @ http://localhost:1420/@vite/client:1034
[ 3148933ms] [ERROR] WebSocket connection to 'ws://localhost:1420/' failed: Error in connection establishment: net::ERR_CONNECTION_REFUSED @ http://localhost:1420/@vite/client:1034
[ 3150272ms] [ERROR] Failed to load resource: net::ERR_CONNECTION_REFUSED @ http://localhost:1420/api/host.describe:0
[ 3150273ms] [WARNING] WebSocket connection to 'ws://localhost:1420/api/events.mux' failed: WebSocket is closed before the connection is established. @ http://localhost:1420/plugins/@deepseek-ai/dsh-client-connection/client.js?rev=bc3c3fa9d26b:10055
[ 3150273ms] [WARNING] WebSocket connection to 'ws://localhost:1420/api/events.host' failed: WebSocket is closed before the connection is established. @ http://localhost:1420/plugins/@deepseek-ai/dsh-client-connection/client.js?rev=bc3c3fa9d26b:10055
[ 3150273ms] [WARNING] [web-runtime] connection lost, retry #414 @ http://localhost:1420/plugins/@deepseek-ai/dsh-client-connection/client.js?rev=bc3c3fa9d26b:115
[ 3153526ms] [ERROR] WebSocket connection to 'ws://localhost:1420/' failed: Error in connection establishment: net::ERR_CONNECTION_REFUSED @ http://localhost:1420/@vite/client:1034
[ 3156342ms] [ERROR] WebSocket connection to 'ws://localhost:1420/' failed: Error in connection establishment: net::ERR_CONNECTION_REFUSED @ http://localhost:1420/@vite/client:1034
[ 3159341ms] [ERROR] WebSocket connection to 'ws://localhost:1420/' failed: Error in connection establishment: net::ERR_CONNECTION_REFUSED @ http://localhost:1420/@vite/client:1034
[ 3160161ms] [ERROR] Failed to load resource: net::ERR_CONNECTION_REFUSED @ http://localhost:1420/api/host.describe:0
[ 3160162ms] [WARNING] WebSocket connection to 'ws://localhost:1420/api/events.mux' failed: WebSocket is closed before the connection is established. @ http://localhost:1420/plugins/@deepseek-ai/dsh-client-connection/client.js?rev=bc3c3fa9d26b:10055
[ 3160162ms] [WARNING] WebSocket connection to 'ws://localhost:1420/api/events.host' failed: WebSocket is closed before the connection is established. @ http://localhost:1420/plugins/@deepseek-ai/dsh-client-connection/client.js?rev=bc3c3fa9d26b:10055
[ 3160162ms] [WARNING] [web-runtime] connection lost, retry #415 @ http://localhost:1420/plugins/@deepseek-ai/dsh-client-connection/client.js?rev=bc3c3fa9d26b:115
[ 3165009ms] [ERROR] WebSocket connection to 'ws://localhost:1420/' failed: Error in connection establishment: net::ERR_CONNECTION_REFUSED @ http://localhost:1420/@vite/client:1034
[ 3166152ms] [ERROR] Failed to load resource: net::ERR_CONNECTION_REFUSED @ http://localhost:1420/api/host.describe:0
[ 3166153ms] [WARNING] WebSocket connection to 'ws://localhost:1420/api/events.mux' failed: WebSocket is closed before the connection is established. @ http://localhost:1420/plugins/@deepseek-ai/dsh-client-connection/client.js?rev=bc3c3fa9d26b:10055
[ 3166153ms] [WARNING] WebSocket connection to 'ws://localhost:1420/api/events.host' failed: WebSocket is closed before the connection is established. @ http://localhost:1420/plugins/@deepseek-ai/dsh-client-connection/client.js?rev=bc3c3fa9d26b:10055
[ 3166153ms] [WARNING] [web-runtime] connection lost, retry #416 @ http://localhost:1420/plugins/@deepseek-ai/dsh-client-connection/client.js?rev=bc3c3fa9d26b:115
[ 3167659ms] [ERROR] WebSocket connection to 'ws://localhost:1420/' failed: Error in connection establishment: net::ERR_CONNECTION_REFUSED @ http://localhost:1420/@vite/client:1034
[ 3170991ms] [ERROR] WebSocket connection to 'ws://localhost:1420/' failed: Error in connection establishment: net::ERR_CONNECTION_REFUSED @ http://localhost:1420/@vite/client:1034
[ 3172159ms] [ERROR] Failed to load resource: net::ERR_CONNECTION_REFUSED @ http://localhost:1420/api/host.describe:0
[ 3172159ms] [WARNING] WebSocket connection to 'ws://localhost:1420/api/events.mux' failed: WebSocket is closed before the connection is established. @ http://localhost:1420/plugins/@deepseek-ai/dsh-client-connection/client.js?rev=bc3c3fa9d26b:10055
[ 3172159ms] [WARNING] WebSocket connection to 'ws://localhost:1420/api/events.host' failed: WebSocket is closed before the connection is established. @ http://localhost:1420/plugins/@deepseek-ai/dsh-client-connection/client.js?rev=bc3c3fa9d26b:10055
[ 3172159ms] [WARNING] [web-runtime] connection lost, retry #417 @ http://localhost:1420/plugins/@deepseek-ai/dsh-client-connection/client.js?rev=bc3c3fa9d26b:115
[ 3173132ms] [ERROR] WebSocket connection to 'ws://localhost:1420/' failed: Error in connection establishment: net::ERR_CONNECTION_REFUSED @ http://localhost:1420/@vite/client:1034
[ 3177269ms] [ERROR] WebSocket connection to 'ws://localhost:1420/' failed: Error in connection establishment: net::ERR_CONNECTION_REFUSED @ http://localhost:1420/@vite/client:1034
[ 3180223ms] [ERROR] WebSocket connection to 'ws://localhost:1420/' failed: Error in connection establishment: net::ERR_CONNECTION_REFUSED @ http://localhost:1420/@vite/client:1034
[ 3180403ms] [ERROR] Failed to load resource: net::ERR_CONNECTION_REFUSED @ http://localhost:1420/api/host.describe:0
[ 3180403ms] [WARNING] WebSocket connection to 'ws://localhost:1420/api/events.mux' failed: WebSocket is closed before the connection is established. @ http://localhost:1420/plugins/@deepseek-ai/dsh-client-connection/client.js?rev=bc3c3fa9d26b:10055
[ 3180403ms] [WARNING] WebSocket connection to 'ws://localhost:1420/api/events.host' failed: WebSocket is closed before the connection is established. @ http://localhost:1420/plugins/@deepseek-ai/dsh-client-connection/client.js?rev=bc3c3fa9d26b:10055
[ 3180403ms] [WARNING] [web-runtime] connection lost, retry #418 @ http://localhost:1420/plugins/@deepseek-ai/dsh-client-connection/client.js?rev=bc3c3fa9d26b:115
[ 3185982ms] [ERROR] WebSocket connection to 'ws://localhost:1420/' failed: Error in connection establishment: net::ERR_CONNECTION_REFUSED @ http://localhost:1420/@vite/client:1034
[ 3188904ms] [ERROR] Failed to load resource: net::ERR_CONNECTION_REFUSED @ http://localhost:1420/api/host.describe:0
[ 3188904ms] [WARNING] WebSocket connection to 'ws://localhost:1420/api/events.mux' failed: WebSocket is closed before the connection is established. @ http://localhost:1420/plugins/@deepseek-ai/dsh-client-connection/client.js?rev=bc3c3fa9d26b:10055
[ 3188904ms] [WARNING] WebSocket connection to 'ws://localhost:1420/api/events.host' failed: WebSocket is closed before the connection is established. @ http://localhost:1420/plugins/@deepseek-ai/dsh-client-connection/client.js?rev=bc3c3fa9d26b:10055
[ 3188905ms] [WARNING] [web-runtime] connection lost, retry #419 @ http://localhost:1420/plugins/@deepseek-ai/dsh-client-connection/client.js?rev=bc3c3fa9d26b:115
[ 3191734ms] [ERROR] WebSocket connection to 'ws://localhost:1420/' failed: Error in connection establishment: net::ERR_CONNECTION_REFUSED @ http://localhost:1420/@vite/client:1034
[ 3194167ms] [ERROR] WebSocket connection to 'ws://localhost:1420/' failed: Error in connection establishment: net::ERR_CONNECTION_REFUSED @ http://localhost:1420/@vite/client:1034
[ 3194356ms] [ERROR] Failed to load resource: net::ERR_CONNECTION_REFUSED @ http://localhost:1420/api/host.describe:0
[ 3194356ms] [WARNING] WebSocket connection to 'ws://localhost:1420/api/events.mux' failed: WebSocket is closed before the connection is established. @ http://localhost:1420/plugins/@deepseek-ai/dsh-client-connection/client.js?rev=bc3c3fa9d26b:10055
[ 3194356ms] [WARNING] WebSocket connection to 'ws://localhost:1420/api/events.host' failed: WebSocket is closed before the connection is established. @ http://localhost:1420/plugins/@deepseek-ai/dsh-client-connection/client.js?rev=bc3c3fa9d26b:10055
[ 3194356ms] [WARNING] [web-runtime] connection lost, retry #420 @ http://localhost:1420/plugins/@deepseek-ai/dsh-client-connection/client.js?rev=bc3c3fa9d26b:115
[ 3196831ms] [ERROR] WebSocket connection to 'ws://localhost:1420/' failed: Error in connection establishment: net::ERR_CONNECTION_REFUSED @ http://localhost:1420/@vite/client:1034
[ 3200244ms] [ERROR] Failed to load resource: net::ERR_CONNECTION_REFUSED @ http://localhost:1420/api/host.describe:0
[ 3200244ms] [WARNING] WebSocket connection to 'ws://localhost:1420/api/events.mux' failed: WebSocket is closed before the connection is established. @ http://localhost:1420/plugins/@deepseek-ai/dsh-client-connection/client.js?rev=bc3c3fa9d26b:10055
[ 3200244ms] [WARNING] WebSocket connection to 'ws://localhost:1420/api/events.host' failed: WebSocket is closed before the connection is established. @ http://localhost:1420/plugins/@deepseek-ai/dsh-client-connection/client.js?rev=bc3c3fa9d26b:10055
[ 3200244ms] [WARNING] [web-runtime] connection lost, retry #421 @ http://localhost:1420/plugins/@deepseek-ai/dsh-client-connection/client.js?rev=bc3c3fa9d26b:115
[ 3201139ms] [ERROR] WebSocket connection to 'ws://localhost:1420/' failed: Error in connection establishment: net::ERR_CONNECTION_REFUSED @ http://localhost:1420/@vite/client:1034
[ 3205491ms] [ERROR] WebSocket connection to 'ws://localhost:1420/' failed: Error in connection establishment: net::ERR_CONNECTION_REFUSED @ http://localhost:1420/@vite/client:1034
[ 3206942ms] [ERROR] Failed to load resource: net::ERR_CONNECTION_REFUSED @ http://localhost:1420/api/host.describe:0
[ 3206942ms] [WARNING] WebSocket connection to 'ws://localhost:1420/api/events.mux' failed: WebSocket is closed before the connection is established. @ http://localhost:1420/plugins/@deepseek-ai/dsh-client-connection/client.js?rev=bc3c3fa9d26b:10055
[ 3206942ms] [WARNING] WebSocket connection to 'ws://localhost:1420/api/events.host' failed: WebSocket is closed before the connection is established. @ http://localhost:1420/plugins/@deepseek-ai/dsh-client-connection/client.js?rev=bc3c3fa9d26b:10055
[ 3206942ms] [WARNING] [web-runtime] connection lost, retry #422 @ http://localhost:1420/plugins/@deepseek-ai/dsh-client-connection/client.js?rev=bc3c3fa9d26b:115
[ 3209005ms] [ERROR] WebSocket connection to 'ws://localhost:1420/' failed: Error in connection establishment: net::ERR_CONNECTION_REFUSED @ http://localhost:1420/@vite/client:1034
[ 3214041ms] [ERROR] WebSocket connection to 'ws://localhost:1420/' failed: Error in connection establishment: net::ERR_CONNECTION_REFUSED @ http://localhost:1420/@vite/client:1034
[ 3214843ms] [ERROR] Failed to load resource: net::ERR_CONNECTION_REFUSED @ http://localhost:1420/api/host.describe:0
[ 3214843ms] [WARNING] WebSocket connection to 'ws://localhost:1420/api/events.mux' failed: WebSocket is closed before the connection is established. @ http://localhost:1420/plugins/@deepseek-ai/dsh-client-connection/client.js?rev=bc3c3fa9d26b:10055
[ 3214843ms] [WARNING] WebSocket connection to 'ws://localhost:1420/api/events.host' failed: WebSocket is closed before the connection is established. @ http://localhost:1420/plugins/@deepseek-ai/dsh-client-connection/client.js?rev=bc3c3fa9d26b:10055
[ 3214844ms] [WARNING] [web-runtime] connection lost, retry #423 @ http://localhost:1420/plugins/@deepseek-ai/dsh-client-connection/client.js?rev=bc3c3fa9d26b:115
[ 3217593ms] [ERROR] WebSocket connection to 'ws://localhost:1420/' failed: Error in connection establishment: net::ERR_CONNECTION_REFUSED @ http://localhost:1420/@vite/client:1034
[ 3220326ms] [ERROR] WebSocket connection to 'ws://localhost:1420/' failed: Error in connection establishment: net::ERR_CONNECTION_REFUSED @ http://localhost:1420/@vite/client:1034
[ 3223796ms] [ERROR] Failed to load resource: net::ERR_CONNECTION_REFUSED @ http://localhost:1420/api/host.describe:0
[ 3223796ms] [WARNING] WebSocket connection to 'ws://localhost:1420/api/events.mux' failed: WebSocket is closed before the connection is established. @ http://localhost:1420/plugins/@deepseek-ai/dsh-client-connection/client.js?rev=bc3c3fa9d26b:10055
[ 3223796ms] [WARNING] WebSocket connection to 'ws://localhost:1420/api/events.host' failed: WebSocket is closed before the connection is established. @ http://localhost:1420/plugins/@deepseek-ai/dsh-client-connection/client.js?rev=bc3c3fa9d26b:10055
[ 3223796ms] [WARNING] [web-runtime] connection lost, retry #424 @ http://localhost:1420/plugins/@deepseek-ai/dsh-client-connection/client.js?rev=bc3c3fa9d26b:115
[ 3225666ms] [ERROR] WebSocket connection to 'ws://localhost:1420/' failed: Error in connection establishment: net::ERR_CONNECTION_REFUSED @ http://localhost:1420/@vite/client:1034
[ 3230625ms] [ERROR] WebSocket connection to 'ws://localhost:1420/' failed: Error in connection establishment: net::ERR_CONNECTION_REFUSED @ http://localhost:1420/@vite/client:1034
[ 3233722ms] [ERROR] Failed to load resource: net::ERR_CONNECTION_REFUSED @ http://localhost:1420/api/host.describe:0
[ 3233723ms] [WARNING] WebSocket connection to 'ws://localhost:1420/api/events.mux' failed: WebSocket is closed before the connection is established. @ http://localhost:1420/plugins/@deepseek-ai/dsh-client-connection/client.js?rev=bc3c3fa9d26b:10055
[ 3233723ms] [WARNING] WebSocket connection to 'ws://localhost:1420/api/events.host' failed: WebSocket is closed before the connection is established. @ http://localhost:1420/plugins/@deepseek-ai/dsh-client-connection/client.js?rev=bc3c3fa9d26b:10055
[ 3233723ms] [WARNING] [web-runtime] connection lost, retry #425 @ http://localhost:1420/plugins/@deepseek-ai/dsh-client-connection/client.js?rev=bc3c3fa9d26b:115
[ 3234469ms] [ERROR] WebSocket connection to 'ws://localhost:1420/' failed: Error in connection establishment: net::ERR_CONNECTION_REFUSED @ http://localhost:1420/@vite/client:1034
[ 3237518ms] [ERROR] WebSocket connection to 'ws://localhost:1420/' failed: Error in connection establishment: net::ERR_CONNECTION_REFUSED @ http://localhost:1420/@vite/client:1034
[ 3241300ms] [ERROR] Failed to load resource: net::ERR_CONNECTION_REFUSED @ http://localhost:1420/api/host.describe:0
[ 3241300ms] [WARNING] WebSocket connection to 'ws://localhost:1420/api/events.mux' failed: WebSocket is closed before the connection is established. @ http://localhost:1420/plugins/@deepseek-ai/dsh-client-connection/client.js?rev=bc3c3fa9d26b:10055
[ 3241300ms] [WARNING] WebSocket connection to 'ws://localhost:1420/api/events.host' failed: WebSocket is closed before the connection is established. @ http://localhost:1420/plugins/@deepseek-ai/dsh-client-connection/client.js?rev=bc3c3fa9d26b:10055
[ 3241300ms] [WARNING] [web-runtime] connection lost, retry #426 @ http://localhost:1420/plugins/@deepseek-ai/dsh-client-connection/client.js?rev=bc3c3fa9d26b:115
[ 3243397ms] [ERROR] WebSocket connection to 'ws://localhost:1420/' failed: Error in connection establishment: net::ERR_CONNECTION_REFUSED @ http://localhost:1420/@vite/client:1034
[ 3247972ms] [ERROR] WebSocket connection to 'ws://localhost:1420/' failed: Error in connection establishment: net::ERR_CONNECTION_REFUSED @ http://localhost:1420/@vite/client:1034
[ 3251235ms] [ERROR] Failed to load resource: net::ERR_CONNECTION_REFUSED @ http://localhost:1420/api/host.describe:0
[ 3251235ms] [WARNING] WebSocket connection to 'ws://localhost:1420/api/events.mux' failed: WebSocket is closed before the connection is established. @ http://localhost:1420/plugins/@deepseek-ai/dsh-client-connection/client.js?rev=bc3c3fa9d26b:10055
[ 3251235ms] [WARNING] WebSocket connection to 'ws://localhost:1420/api/events.host' failed: WebSocket is closed before the connection is established. @ http://localhost:1420/plugins/@deepseek-ai/dsh-client-connection/client.js?rev=bc3c3fa9d26b:10055
[ 3251235ms] [WARNING] [web-runtime] connection lost, retry #427 @ http://localhost:1420/plugins/@deepseek-ai/dsh-client-connection/client.js?rev=bc3c3fa9d26b:115
[ 3253388ms] [ERROR] WebSocket connection to 'ws://localhost:1420/' failed: Error in connection establishment: net::ERR_CONNECTION_REFUSED @ http://localhost:1420/@vite/client:1034
[ 3257007ms] [ERROR] WebSocket connection to 'ws://localhost:1420/' failed: Error in connection establishment: net::ERR_CONNECTION_REFUSED @ http://localhost:1420/@vite/client:1034
[ 3259016ms] [ERROR] Failed to load resource: net::ERR_CONNECTION_REFUSED @ http://localhost:1420/api/host.describe:0
[ 3259016ms] [WARNING] WebSocket connection to 'ws://localhost:1420/api/events.mux' failed: WebSocket is closed before the connection is established. @ http://localhost:1420/plugins/@deepseek-ai/dsh-client-connection/client.js?rev=bc3c3fa9d26b:10055
[ 3259016ms] [WARNING] WebSocket connection to 'ws://localhost:1420/api/events.host' failed: WebSocket is closed before the connection is established. @ http://localhost:1420/plugins/@deepseek-ai/dsh-client-connection/client.js?rev=bc3c3fa9d26b:10055
[ 3259016ms] [WARNING] [web-runtime] connection lost, retry #428 @ http://localhost:1420/plugins/@deepseek-ai/dsh-client-connection/client.js?rev=bc3c3fa9d26b:115
[ 3260673ms] [ERROR] WebSocket connection to 'ws://localhost:1420/' failed: Error in connection establishment: net::ERR_CONNECTION_REFUSED @ http://localhost:1420/@vite/client:1034
[ 3263351ms] [ERROR] WebSocket connection to 'ws://localhost:1420/' failed: Error in connection establishment: net::ERR_CONNECTION_REFUSED @ http://localhost:1420/@vite/client:1034
[ 3265797ms] [ERROR] Failed to load resource: net::ERR_CONNECTION_REFUSED @ http://localhost:1420/api/host.describe:0
[ 3265797ms] [WARNING] WebSocket connection to 'ws://localhost:1420/api/events.mux' failed: WebSocket is closed before the connection is established. @ http://localhost:1420/plugins/@deepseek-ai/dsh-client-connection/client.js?rev=bc3c3fa9d26b:10055
[ 3265797ms] [WARNING] WebSocket connection to 'ws://localhost:1420/api/events.host' failed: WebSocket is closed before the connection is established. @ http://localhost:1420/plugins/@deepseek-ai/dsh-client-connection/client.js?rev=bc3c3fa9d26b:10055
[ 3265797ms] [WARNING] [web-runtime] connection lost, retry #429 @ http://localhost:1420/plugins/@deepseek-ai/dsh-client-connection/client.js?rev=bc3c3fa9d26b:115
[ 3267968ms] [ERROR] WebSocket connection to 'ws://localhost:1420/' failed: Error in connection establishment: net::ERR_CONNECTION_REFUSED @ http://localhost:1420/@vite/client:1034
[ 3271588ms] [ERROR] WebSocket connection to 'ws://localhost:1420/' failed: Error in connection establishment: net::ERR_CONNECTION_REFUSED @ http://localhost:1420/@vite/client:1034
[ 3272734ms] [ERROR] Failed to load resource: net::ERR_CONNECTION_REFUSED @ http://localhost:1420/api/host.describe:0
[ 3272734ms] [WARNING] WebSocket connection to 'ws://localhost:1420/api/events.mux' failed: WebSocket is closed before the connection is established. @ http://localhost:1420/plugins/@deepseek-ai/dsh-client-connection/client.js?rev=bc3c3fa9d26b:10055
[ 3272734ms] [WARNING] WebSocket connection to 'ws://localhost:1420/api/events.host' failed: WebSocket is closed before the connection is established. @ http://localhost:1420/plugins/@deepseek-ai/dsh-client-connection/client.js?rev=bc3c3fa9d26b:10055
[ 3272734ms] [WARNING] [web-runtime] connection lost, retry #430 @ http://localhost:1420/plugins/@deepseek-ai/dsh-client-connection/client.js?rev=bc3c3fa9d26b:115
[ 3273705ms] [ERROR] WebSocket connection to 'ws://localhost:1420/' failed: Error in connection establishment: net::ERR_CONNECTION_REFUSED @ http://localhost:1420/@vite/client:1034
[ 3277498ms] [ERROR] WebSocket connection to 'ws://localhost:1420/' failed: Error in connection establishment: net::ERR_CONNECTION_REFUSED @ http://localhost:1420/@vite/client:1034
[ 3280964ms] [ERROR] Failed to load resource: net::ERR_CONNECTION_REFUSED @ http://localhost:1420/api/host.describe:0
[ 3280964ms] [WARNING] WebSocket connection to 'ws://localhost:1420/api/events.mux' failed: WebSocket is closed before the connection is established. @ http://localhost:1420/plugins/@deepseek-ai/dsh-client-connection/client.js?rev=bc3c3fa9d26b:10055
[ 3280965ms] [WARNING] WebSocket connection to 'ws://localhost:1420/api/events.host' failed: WebSocket is closed before the connection is established. @ http://localhost:1420/plugins/@deepseek-ai/dsh-client-connection/client.js?rev=bc3c3fa9d26b:10055
[ 3280965ms] [WARNING] [web-runtime] connection lost, retry #431 @ http://localhost:1420/plugins/@deepseek-ai/dsh-client-connection/client.js?rev=bc3c3fa9d26b:115
[ 3282759ms] [ERROR] WebSocket connection to 'ws://localhost:1420/' failed: Error in connection establishment: net::ERR_CONNECTION_REFUSED @ http://localhost:1420/@vite/client:1034
[ 3286604ms] [ERROR] WebSocket connection to 'ws://localhost:1420/' failed: Error in connection establishment: net::ERR_CONNECTION_REFUSED @ http://localhost:1420/@vite/client:1034
[ 3289345ms] [ERROR] Failed to load resource: net::ERR_CONNECTION_REFUSED @ http://localhost:1420/api/host.describe:0
[ 3289345ms] [WARNING] WebSocket connection to 'ws://localhost:1420/api/events.mux' failed: WebSocket is closed before the connection is established. @ http://localhost:1420/plugins/@deepseek-ai/dsh-client-connection/client.js?rev=bc3c3fa9d26b:10055
[ 3289345ms] [WARNING] WebSocket connection to 'ws://localhost:1420/api/events.host' failed: WebSocket is closed before the connection is established. @ http://localhost:1420/plugins/@deepseek-ai/dsh-client-connection/client.js?rev=bc3c3fa9d26b:10055
[ 3289345ms] [WARNING] [web-runtime] connection lost, retry #432 @ http://localhost:1420/plugins/@deepseek-ai/dsh-client-connection/client.js?rev=bc3c3fa9d26b:115
[ 3292350ms] [ERROR] WebSocket connection to 'ws://localhost:1420/' failed: Error in connection establishment: net::ERR_CONNECTION_REFUSED @ http://localhost:1420/@vite/client:1034
[ 3296428ms] [ERROR] Failed to load resource: net::ERR_CONNECTION_REFUSED @ http://localhost:1420/api/host.describe:0
[ 3296428ms] [WARNING] WebSocket connection to 'ws://localhost:1420/api/events.mux' failed: WebSocket is closed before the connection is established. @ http://localhost:1420/plugins/@deepseek-ai/dsh-client-connection/client.js?rev=bc3c3fa9d26b:10055
[ 3296428ms] [WARNING] WebSocket connection to 'ws://localhost:1420/api/events.host' failed: WebSocket is closed before the connection is established. @ http://localhost:1420/plugins/@deepseek-ai/dsh-client-connection/client.js?rev=bc3c3fa9d26b:10055
[ 3296428ms] [WARNING] [web-runtime] connection lost, retry #433 @ http://localhost:1420/plugins/@deepseek-ai/dsh-client-connection/client.js?rev=bc3c3fa9d26b:115
[ 3298066ms] [ERROR] WebSocket connection to 'ws://localhost:1420/' failed: Error in connection establishment: net::ERR_CONNECTION_REFUSED @ http://localhost:1420/@vite/client:1034
[ 3300892ms] [ERROR] WebSocket connection to 'ws://localhost:1420/' failed: Error in connection establishment: net::ERR_CONNECTION_REFUSED @ http://localhost:1420/@vite/client:1034
[ 3302025ms] [ERROR] Failed to load resource: net::ERR_CONNECTION_REFUSED @ http://localhost:1420/api/host.describe:0
[ 3302026ms] [WARNING] WebSocket connection to 'ws://localhost:1420/api/events.mux' failed: WebSocket is closed before the connection is established. @ http://localhost:1420/plugins/@deepseek-ai/dsh-client-connection/client.js?rev=bc3c3fa9d26b:10055
[ 3302026ms] [WARNING] WebSocket connection to 'ws://localhost:1420/api/events.host' failed: WebSocket is closed before the connection is established. @ http://localhost:1420/plugins/@deepseek-ai/dsh-client-connection/client.js?rev=bc3c3fa9d26b:10055
[ 3302026ms] [WARNING] [web-runtime] connection lost, retry #434 @ http://localhost:1420/plugins/@deepseek-ai/dsh-client-connection/client.js?rev=bc3c3fa9d26b:115
[ 3304701ms] [ERROR] WebSocket connection to 'ws://localhost:1420/' failed: Error in connection establishment: net::ERR_CONNECTION_REFUSED @ http://localhost:1420/@vite/client:1034
[ 3308557ms] [ERROR] WebSocket connection to 'ws://localhost:1420/' failed: Error in connection establishment: net::ERR_CONNECTION_REFUSED @ http://localhost:1420/@vite/client:1034
[ 3310256ms] [ERROR] Failed to load resource: net::ERR_CONNECTION_REFUSED @ http://localhost:1420/api/host.describe:0
[ 3310256ms] [WARNING] WebSocket connection to 'ws://localhost:1420/api/events.mux' failed: WebSocket is closed before the connection is established. @ http://localhost:1420/plugins/@deepseek-ai/dsh-client-connection/client.js?rev=bc3c3fa9d26b:10055
[ 3310256ms] [WARNING] WebSocket connection to 'ws://localhost:1420/api/events.host' failed: WebSocket is closed before the connection is established. @ http://localhost:1420/plugins/@deepseek-ai/dsh-client-connection/client.js?rev=bc3c3fa9d26b:10055
[ 3310256ms] [WARNING] [web-runtime] connection lost, retry #435 @ http://localhost:1420/plugins/@deepseek-ai/dsh-client-connection/client.js?rev=bc3c3fa9d26b:115
[ 3312697ms] [ERROR] WebSocket connection to 'ws://localhost:1420/' failed: Error in connection establishment: net::ERR_CONNECTION_REFUSED @ http://localhost:1420/@vite/client:1034
[ 3315692ms] [ERROR] WebSocket connection to 'ws://localhost:1420/' failed: Error in connection establishment: net::ERR_CONNECTION_REFUSED @ http://localhost:1420/@vite/client:1034
[ 3316010ms] [ERROR] Failed to load resource: net::ERR_CONNECTION_REFUSED @ http://localhost:1420/api/host.describe:0
[ 3316010ms] [WARNING] WebSocket connection to 'ws://localhost:1420/api/events.mux' failed: WebSocket is closed before the connection is established. @ http://localhost:1420/plugins/@deepseek-ai/dsh-client-connection/client.js?rev=bc3c3fa9d26b:10055
[ 3316010ms] [WARNING] WebSocket connection to 'ws://localhost:1420/api/events.host' failed: WebSocket is closed before the connection is established. @ http://localhost:1420/plugins/@deepseek-ai/dsh-client-connection/client.js?rev=bc3c3fa9d26b:10055
[ 3316010ms] [WARNING] [web-runtime] connection lost, retry #436 @ http://localhost:1420/plugins/@deepseek-ai/dsh-client-connection/client.js?rev=bc3c3fa9d26b:115
[ 3320634ms] [ERROR] WebSocket connection to 'ws://localhost:1420/' failed: Error in connection establishment: net::ERR_CONNECTION_REFUSED @ http://localhost:1420/@vite/client:1034
[ 3322559ms] [ERROR] Failed to load resource: net::ERR_CONNECTION_REFUSED @ http://localhost:1420/api/host.describe:0
[ 3322560ms] [WARNING] WebSocket connection to 'ws://localhost:1420/api/events.mux' failed: WebSocket is closed before the connection is established. @ http://localhost:1420/plugins/@deepseek-ai/dsh-client-connection/client.js?rev=bc3c3fa9d26b:10055
[ 3322560ms] [WARNING] WebSocket connection to 'ws://localhost:1420/api/events.host' failed: WebSocket is closed before the connection is established. @ http://localhost:1420/plugins/@deepseek-ai/dsh-client-connection/client.js?rev=bc3c3fa9d26b:10055
[ 3322560ms] [WARNING] [web-runtime] connection lost, retry #437 @ http://localhost:1420/plugins/@deepseek-ai/dsh-client-connection/client.js?rev=bc3c3fa9d26b:115
[ 3326558ms] [ERROR] WebSocket connection to 'ws://localhost:1420/' failed: Error in connection establishment: net::ERR_CONNECTION_REFUSED @ http://localhost:1420/@vite/client:1034
[ 3328996ms] [ERROR] WebSocket connection to 'ws://localhost:1420/' failed: Error in connection establishment: net::ERR_CONNECTION_REFUSED @ http://localhost:1420/@vite/client:1034
[ 3332330ms] [ERROR] Failed to load resource: net::ERR_CONNECTION_REFUSED @ http://localhost:1420/api/host.describe:0
[ 3332330ms] [WARNING] WebSocket connection to 'ws://localhost:1420/api/events.mux' failed: WebSocket is closed before the connection is established. @ http://localhost:1420/plugins/@deepseek-ai/dsh-client-connection/client.js?rev=bc3c3fa9d26b:10055
[ 3332330ms] [WARNING] WebSocket connection to 'ws://localhost:1420/api/events.host' failed: WebSocket is closed before the connection is established. @ http://localhost:1420/plugins/@deepseek-ai/dsh-client-connection/client.js?rev=bc3c3fa9d26b:10055
[ 3332330ms] [WARNING] [web-runtime] connection lost, retry #438 @ http://localhost:1420/plugins/@deepseek-ai/dsh-client-connection/client.js?rev=bc3c3fa9d26b:115
[ 3333711ms] [ERROR] WebSocket connection to 'ws://localhost:1420/' failed: Error in connection establishment: net::ERR_CONNECTION_REFUSED @ http://localhost:1420/@vite/client:1034
[ 3338478ms] [ERROR] WebSocket connection to 'ws://localhost:1420/' failed: Error in connection establishment: net::ERR_CONNECTION_REFUSED @ http://localhost:1420/@vite/client:1034
[ 3340393ms] [ERROR] Failed to load resource: net::ERR_CONNECTION_REFUSED @ http://localhost:1420/api/host.describe:0
[ 3340394ms] [WARNING] WebSocket connection to 'ws://localhost:1420/api/events.mux' failed: WebSocket is closed before the connection is established. @ http://localhost:1420/plugins/@deepseek-ai/dsh-client-connection/client.js?rev=bc3c3fa9d26b:10055
[ 3340394ms] [WARNING] WebSocket connection to 'ws://localhost:1420/api/events.host' failed: WebSocket is closed before the connection is established. @ http://localhost:1420/plugins/@deepseek-ai/dsh-client-connection/client.js?rev=bc3c3fa9d26b:10055
[ 3340394ms] [WARNING] [web-runtime] connection lost, retry #439 @ http://localhost:1420/plugins/@deepseek-ai/dsh-client-connection/client.js?rev=bc3c3fa9d26b:115
[ 3342824ms] [ERROR] WebSocket connection to 'ws://localhost:1420/' failed: Error in connection establishment: net::ERR_CONNECTION_REFUSED @ http://localhost:1420/@vite/client:1034
[ 3347655ms] [ERROR] WebSocket connection to 'ws://localhost:1420/' failed: Error in connection establishment: net::ERR_CONNECTION_REFUSED @ http://localhost:1420/@vite/client:1034
[ 3348274ms] [ERROR] Failed to load resource: net::ERR_CONNECTION_REFUSED @ http://localhost:1420/api/host.describe:0
[ 3348274ms] [WARNING] WebSocket connection to 'ws://localhost:1420/api/events.mux' failed: WebSocket is closed before the connection is established. @ http://localhost:1420/plugins/@deepseek-ai/dsh-client-connection/client.js?rev=bc3c3fa9d26b:10055
[ 3348274ms] [WARNING] WebSocket connection to 'ws://localhost:1420/api/events.host' failed: WebSocket is closed before the connection is established. @ http://localhost:1420/plugins/@deepseek-ai/dsh-client-connection/client.js?rev=bc3c3fa9d26b:10055
[ 3348274ms] [WARNING] [web-runtime] connection lost, retry #440 @ http://localhost:1420/plugins/@deepseek-ai/dsh-client-connection/client.js?rev=bc3c3fa9d26b:115
[ 3351801ms] [ERROR] WebSocket connection to 'ws://localhost:1420/' failed: Error in connection establishment: net::ERR_CONNECTION_REFUSED @ http://localhost:1420/@vite/client:1034
[ 3355165ms] [ERROR] WebSocket connection to 'ws://localhost:1420/' failed: Error in connection establishment: net::ERR_CONNECTION_REFUSED @ http://localhost:1420/@vite/client:1034
[ 3355342ms] [ERROR] Failed to load resource: net::ERR_CONNECTION_REFUSED @ http://localhost:1420/api/host.describe:0
[ 3355342ms] [WARNING] WebSocket connection to 'ws://localhost:1420/api/events.mux' failed: WebSocket is closed before the connection is established. @ http://localhost:1420/plugins/@deepseek-ai/dsh-client-connection/client.js?rev=bc3c3fa9d26b:10055
[ 3355342ms] [WARNING] WebSocket connection to 'ws://localhost:1420/api/events.host' failed: WebSocket is closed before the connection is established. @ http://localhost:1420/plugins/@deepseek-ai/dsh-client-connection/client.js?rev=bc3c3fa9d26b:10055
[ 3355342ms] [WARNING] [web-runtime] connection lost, retry #441 @ http://localhost:1420/plugins/@deepseek-ai/dsh-client-connection/client.js?rev=bc3c3fa9d26b:115
[ 3360149ms] [ERROR] WebSocket connection to 'ws://localhost:1420/' failed: Error in connection establishment: net::ERR_CONNECTION_REFUSED @ http://localhost:1420/@vite/client:1034
[ 3362265ms] [ERROR] Failed to load resource: net::ERR_CONNECTION_REFUSED @ http://localhost:1420/api/host.describe:0
[ 3362265ms] [WARNING] WebSocket connection to 'ws://localhost:1420/api/events.mux' failed: WebSocket is closed before the connection is established. @ http://localhost:1420/plugins/@deepseek-ai/dsh-client-connection/client.js?rev=bc3c3fa9d26b:10055
[ 3362265ms] [WARNING] WebSocket connection to 'ws://localhost:1420/api/events.host' failed: WebSocket is closed before the connection is established. @ http://localhost:1420/plugins/@deepseek-ai/dsh-client-connection/client.js?rev=bc3c3fa9d26b:10055
[ 3362266ms] [WARNING] [web-runtime] connection lost, retry #442 @ http://localhost:1420/plugins/@deepseek-ai/dsh-client-connection/client.js?rev=bc3c3fa9d26b:115
[ 3364739ms] [ERROR] WebSocket connection to 'ws://localhost:1420/' failed: Error in connection establishment: net::ERR_CONNECTION_REFUSED @ http://localhost:1420/@vite/client:1034
[ 3368412ms] [ERROR] Failed to load resource: net::ERR_CONNECTION_REFUSED @ http://localhost:1420/api/host.describe:0
[ 3368412ms] [WARNING] WebSocket connection to 'ws://localhost:1420/api/events.mux' failed: WebSocket is closed before the connection is established. @ http://localhost:1420/plugins/@deepseek-ai/dsh-client-connection/client.js?rev=bc3c3fa9d26b:10055
[ 3368412ms] [WARNING] WebSocket connection to 'ws://localhost:1420/api/events.host' failed: WebSocket is closed before the connection is established. @ http://localhost:1420/plugins/@deepseek-ai/dsh-client-connection/client.js?rev=bc3c3fa9d26b:10055
[ 3368412ms] [WARNING] [web-runtime] connection lost, retry #443 @ http://localhost:1420/plugins/@deepseek-ai/dsh-client-connection/client.js?rev=bc3c3fa9d26b:115
[ 3370174ms] [ERROR] WebSocket connection to 'ws://localhost:1420/' failed: Error in connection establishment: net::ERR_CONNECTION_REFUSED @ http://localhost:1420/@vite/client:1034
[ 3373484ms] [ERROR] WebSocket connection to 'ws://localhost:1420/' failed: Error in connection establishment: net::ERR_CONNECTION_REFUSED @ http://localhost:1420/@vite/client:1034
[ 3375398ms] [ERROR] Failed to load resource: net::ERR_CONNECTION_REFUSED @ http://localhost:1420/api/host.describe:0
[ 3375399ms] [WARNING] WebSocket connection to 'ws://localhost:1420/api/events.mux' failed: WebSocket is closed before the connection is established. @ http://localhost:1420/plugins/@deepseek-ai/dsh-client-connection/client.js?rev=bc3c3fa9d26b:10055
[ 3375399ms] [WARNING] WebSocket connection to 'ws://localhost:1420/api/events.host' failed: WebSocket is closed before the connection is established. @ http://localhost:1420/plugins/@deepseek-ai/dsh-client-connection/client.js?rev=bc3c3fa9d26b:10055
[ 3375399ms] [WARNING] [web-runtime] connection lost, retry #444 @ http://localhost:1420/plugins/@deepseek-ai/dsh-client-connection/client.js?rev=bc3c3fa9d26b:115
[ 3377392ms] [ERROR] WebSocket connection to 'ws://localhost:1420/' failed: Error in connection establishment: net::ERR_CONNECTION_REFUSED @ http://localhost:1420/@vite/client:1034
[ 3380359ms] [ERROR] WebSocket connection to 'ws://localhost:1420/' failed: Error in connection establishment: net::ERR_CONNECTION_REFUSED @ http://localhost:1420/@vite/client:1034
[ 3385295ms] [ERROR] Failed to load resource: net::ERR_CONNECTION_REFUSED @ http://localhost:1420/api/host.describe:0
[ 3385295ms] [WARNING] WebSocket connection to 'ws://localhost:1420/api/events.mux' failed: WebSocket is closed before the connection is established. @ http://localhost:1420/plugins/@deepseek-ai/dsh-client-connection/client.js?rev=bc3c3fa9d26b:10055
[ 3385295ms] [WARNING] WebSocket connection to 'ws://localhost:1420/api/events.host' failed: WebSocket is closed before the connection is established. @ http://localhost:1420/plugins/@deepseek-ai/dsh-client-connection/client.js?rev=bc3c3fa9d26b:10055
[ 3385295ms] [WARNING] [web-runtime] connection lost, retry #445 @ http://localhost:1420/plugins/@deepseek-ai/dsh-client-connection/client.js?rev=bc3c3fa9d26b:115
[ 3386177ms] [ERROR] WebSocket connection to 'ws://localhost:1420/' failed: Error in connection establishment: net::ERR_CONNECTION_REFUSED @ http://localhost:1420/@vite/client:1034
[ 3388612ms] [ERROR] WebSocket connection to 'ws://localhost:1420/' failed: Error in connection establishment: net::ERR_CONNECTION_REFUSED @ http://localhost:1420/@vite/client:1034
[ 3390634ms] [ERROR] WebSocket connection to 'ws://localhost:1420/' failed: Error in connection establishment: net::ERR_CONNECTION_REFUSED @ http://localhost:1420/@vite/client:1034
[ 3392023ms] [ERROR] Failed to load resource: net::ERR_CONNECTION_REFUSED @ http://localhost:1420/api/host.describe:0
[ 3392023ms] [WARNING] WebSocket connection to 'ws://localhost:1420/api/events.mux' failed: WebSocket is closed before the connection is established. @ http://localhost:1420/plugins/@deepseek-ai/dsh-client-connection/client.js?rev=bc3c3fa9d26b:10055
[ 3392023ms] [WARNING] WebSocket connection to 'ws://localhost:1420/api/events.host' failed: WebSocket is closed before the connection is established. @ http://localhost:1420/plugins/@deepseek-ai/dsh-client-connection/client.js?rev=bc3c3fa9d26b:10055
[ 3392023ms] [WARNING] [web-runtime] connection lost, retry #446 @ http://localhost:1420/plugins/@deepseek-ai/dsh-client-connection/client.js?rev=bc3c3fa9d26b:115
[ 3393732ms] [ERROR] WebSocket connection to 'ws://localhost:1420/' failed: Error in connection establishment: net::ERR_CONNECTION_REFUSED @ http://localhost:1420/@vite/client:1034
[ 3398524ms] [ERROR] WebSocket connection to 'ws://localhost:1420/' failed: Error in connection establishment: net::ERR_CONNECTION_REFUSED @ http://localhost:1420/@vite/client:1034
[ 3401867ms] [ERROR] Failed to load resource: net::ERR_CONNECTION_REFUSED @ http://localhost:1420/api/host.describe:0
[ 3401867ms] [WARNING] WebSocket connection to 'ws://localhost:1420/api/events.mux' failed: WebSocket is closed before the connection is established. @ http://localhost:1420/plugins/@deepseek-ai/dsh-client-connection/client.js?rev=bc3c3fa9d26b:10055
[ 3401867ms] [WARNING] WebSocket connection to 'ws://localhost:1420/api/events.host' failed: WebSocket is closed before the connection is established. @ http://localhost:1420/plugins/@deepseek-ai/dsh-client-connection/client.js?rev=bc3c3fa9d26b:10055
[ 3401868ms] [WARNING] [web-runtime] connection lost, retry #447 @ http://localhost:1420/plugins/@deepseek-ai/dsh-client-connection/client.js?rev=bc3c3fa9d26b:115
[ 3403143ms] [ERROR] WebSocket connection to 'ws://localhost:1420/' failed: Error in connection establishment: net::ERR_CONNECTION_REFUSED @ http://localhost:1420/@vite/client:1034
[ 3406461ms] [ERROR] WebSocket connection to 'ws://localhost:1420/' failed: Error in connection establishment: net::ERR_CONNECTION_REFUSED @ http://localhost:1420/@vite/client:1034
[ 3409230ms] [ERROR] Failed to load resource: net::ERR_CONNECTION_REFUSED @ http://localhost:1420/api/host.describe:0
[ 3409230ms] [WARNING] WebSocket connection to 'ws://localhost:1420/api/events.mux' failed: WebSocket is closed before the connection is established. @ http://localhost:1420/plugins/@deepseek-ai/dsh-client-connection/client.js?rev=bc3c3fa9d26b:10055
[ 3409230ms] [WARNING] WebSocket connection to 'ws://localhost:1420/api/events.host' failed: WebSocket is closed before the connection is established. @ http://localhost:1420/plugins/@deepseek-ai/dsh-client-connection/client.js?rev=bc3c3fa9d26b:10055
[ 3409230ms] [WARNING] [web-runtime] connection lost, retry #448 @ http://localhost:1420/plugins/@deepseek-ai/dsh-client-connection/client.js?rev=bc3c3fa9d26b:115
[ 3410869ms] [ERROR] WebSocket connection to 'ws://localhost:1420/' failed: Error in connection establishment: net::ERR_CONNECTION_REFUSED @ http://localhost:1420/@vite/client:1034
[ 3413994ms] [ERROR] WebSocket connection to 'ws://localhost:1420/' failed: Error in connection establishment: net::ERR_CONNECTION_REFUSED @ http://localhost:1420/@vite/client:1034
[ 3415342ms] [ERROR] Failed to load resource: net::ERR_CONNECTION_REFUSED @ http://localhost:1420/api/host.describe:0
[ 3415342ms] [WARNING] WebSocket connection to 'ws://localhost:1420/api/events.mux' failed: WebSocket is closed before the connection is established. @ http://localhost:1420/plugins/@deepseek-ai/dsh-client-connection/client.js?rev=bc3c3fa9d26b:10055
[ 3415342ms] [WARNING] WebSocket connection to 'ws://localhost:1420/api/events.host' failed: WebSocket is closed before the connection is established. @ http://localhost:1420/plugins/@deepseek-ai/dsh-client-connection/client.js?rev=bc3c3fa9d26b:10055
[ 3415343ms] [WARNING] [web-runtime] connection lost, retry #449 @ http://localhost:1420/plugins/@deepseek-ai/dsh-client-connection/client.js?rev=bc3c3fa9d26b:115
[ 3419732ms] [ERROR] WebSocket connection to 'ws://localhost:1420/' failed: Error in connection establishment: net::ERR_CONNECTION_REFUSED @ http://localhost:1420/@vite/client:1034
[ 3423154ms] [ERROR] Failed to load resource: net::ERR_CONNECTION_REFUSED @ http://localhost:1420/api/host.describe:0
[ 3423154ms] [WARNING] WebSocket connection to 'ws://localhost:1420/api/events.mux' failed: WebSocket is closed before the connection is established. @ http://localhost:1420/plugins/@deepseek-ai/dsh-client-connection/client.js?rev=bc3c3fa9d26b:10055
[ 3423154ms] [WARNING] WebSocket connection to 'ws://localhost:1420/api/events.host' failed: WebSocket is closed before the connection is established. @ http://localhost:1420/plugins/@deepseek-ai/dsh-client-connection/client.js?rev=bc3c3fa9d26b:10055
[ 3423154ms] [WARNING] [web-runtime] connection lost, retry #450 @ http://localhost:1420/plugins/@deepseek-ai/dsh-client-connection/client.js?rev=bc3c3fa9d26b:115
[ 3425576ms] [ERROR] WebSocket connection to 'ws://localhost:1420/' failed: Error in connection establishment: net::ERR_CONNECTION_REFUSED @ http://localhost:1420/@vite/client:1034
[ 3428973ms] [ERROR] WebSocket connection to 'ws://localhost:1420/' failed: Error in connection establishment: net::ERR_CONNECTION_REFUSED @ http://localhost:1420/@vite/client:1034
[ 3429569ms] [ERROR] Failed to load resource: net::ERR_CONNECTION_REFUSED @ http://localhost:1420/api/host.describe:0
[ 3429569ms] [WARNING] WebSocket connection to 'ws://localhost:1420/api/events.mux' failed: WebSocket is closed before the connection is established. @ http://localhost:1420/plugins/@deepseek-ai/dsh-client-connection/client.js?rev=bc3c3fa9d26b:10055
[ 3429569ms] [WARNING] WebSocket connection to 'ws://localhost:1420/api/events.host' failed: WebSocket is closed before the connection is established. @ http://localhost:1420/plugins/@deepseek-ai/dsh-client-connection/client.js?rev=bc3c3fa9d26b:10055
[ 3429569ms] [WARNING] [web-runtime] connection lost, retry #451 @ http://localhost:1420/plugins/@deepseek-ai/dsh-client-connection/client.js?rev=bc3c3fa9d26b:115
[ 3433183ms] [ERROR] WebSocket connection to 'ws://localhost:1420/' failed: Error in connection establishment: net::ERR_CONNECTION_REFUSED @ http://localhost:1420/@vite/client:1034
[ 3436434ms] [ERROR] Failed to load resource: net::ERR_CONNECTION_REFUSED @ http://localhost:1420/api/host.describe:0
[ 3436434ms] [WARNING] WebSocket connection to 'ws://localhost:1420/api/events.mux' failed: WebSocket is closed before the connection is established. @ http://localhost:1420/plugins/@deepseek-ai/dsh-client-connection/client.js?rev=bc3c3fa9d26b:10055
[ 3436434ms] [WARNING] WebSocket connection to 'ws://localhost:1420/api/events.host' failed: WebSocket is closed before the connection is established. @ http://localhost:1420/plugins/@deepseek-ai/dsh-client-connection/client.js?rev=bc3c3fa9d26b:10055
[ 3436434ms] [WARNING] [web-runtime] connection lost, retry #452 @ http://localhost:1420/plugins/@deepseek-ai/dsh-client-connection/client.js?rev=bc3c3fa9d26b:115
[ 3438323ms] [ERROR] WebSocket connection to 'ws://localhost:1420/' failed: Error in connection establishment: net::ERR_CONNECTION_REFUSED @ http://localhost:1420/@vite/client:1034
[ 3442748ms] [ERROR] WebSocket connection to 'ws://localhost:1420/' failed: Error in connection establishment: net::ERR_CONNECTION_REFUSED @ http://localhost:1420/@vite/client:1034
[ 3445115ms] [ERROR] WebSocket connection to 'ws://localhost:1420/' failed: Error in connection establishment: net::ERR_CONNECTION_REFUSED @ http://localhost:1420/@vite/client:1034
[ 3445555ms] [ERROR] Failed to load resource: net::ERR_CONNECTION_REFUSED @ http://localhost:1420/api/host.describe:0
[ 3445555ms] [WARNING] WebSocket connection to 'ws://localhost:1420/api/events.mux' failed: WebSocket is closed before the connection is established. @ http://localhost:1420/plugins/@deepseek-ai/dsh-client-connection/client.js?rev=bc3c3fa9d26b:10055
[ 3445555ms] [WARNING] WebSocket connection to 'ws://localhost:1420/api/events.host' failed: WebSocket is closed before the connection is established. @ http://localhost:1420/plugins/@deepseek-ai/dsh-client-connection/client.js?rev=bc3c3fa9d26b:10055
[ 3445556ms] [WARNING] [web-runtime] connection lost, retry #453 @ http://localhost:1420/plugins/@deepseek-ai/dsh-client-connection/client.js?rev=bc3c3fa9d26b:115
[ 3451002ms] [ERROR] WebSocket connection to 'ws://localhost:1420/' failed: Error in connection establishment: net::ERR_CONNECTION_REFUSED @ http://localhost:1420/@vite/client:1034
[ 3453801ms] [ERROR] Failed to load resource: net::ERR_CONNECTION_REFUSED @ http://localhost:1420/api/host.describe:0
[ 3453801ms] [WARNING] WebSocket connection to 'ws://localhost:1420/api/events.mux' failed: WebSocket is closed before the connection is established. @ http://localhost:1420/plugins/@deepseek-ai/dsh-client-connection/client.js?rev=bc3c3fa9d26b:10055
[ 3453802ms] [WARNING] WebSocket connection to 'ws://localhost:1420/api/events.host' failed: WebSocket is closed before the connection is established. @ http://localhost:1420/plugins/@deepseek-ai/dsh-client-connection/client.js?rev=bc3c3fa9d26b:10055
[ 3453802ms] [WARNING] [web-runtime] connection lost, retry #454 @ http://localhost:1420/plugins/@deepseek-ai/dsh-client-connection/client.js?rev=bc3c3fa9d26b:115
[ 3456364ms] [ERROR] WebSocket connection to 'ws://localhost:1420/' failed: Error in connection establishment: net::ERR_CONNECTION_REFUSED @ http://localhost:1420/@vite/client:1034
[ 3460579ms] [ERROR] Failed to load resource: net::ERR_CONNECTION_REFUSED @ http://localhost:1420/api/host.describe:0
[ 3460579ms] [WARNING] WebSocket connection to 'ws://localhost:1420/api/events.mux' failed: WebSocket is closed before the connection is established. @ http://localhost:1420/plugins/@deepseek-ai/dsh-client-connection/client.js?rev=bc3c3fa9d26b:10055
[ 3460579ms] [WARNING] WebSocket connection to 'ws://localhost:1420/api/events.host' failed: WebSocket is closed before the connection is established. @ http://localhost:1420/plugins/@deepseek-ai/dsh-client-connection/client.js?rev=bc3c3fa9d26b:10055
[ 3460579ms] [WARNING] [web-runtime] connection lost, retry #455 @ http://localhost:1420/plugins/@deepseek-ai/dsh-client-connection/client.js?rev=bc3c3fa9d26b:115
[ 3461818ms] [ERROR] WebSocket connection to 'ws://localhost:1420/' failed: Error in connection establishment: net::ERR_CONNECTION_REFUSED @ http://localhost:1420/@vite/client:1034
[ 3466412ms] [ERROR] Failed to load resource: net::ERR_CONNECTION_REFUSED @ http://localhost:1420/api/host.describe:0
[ 3466412ms] [WARNING] WebSocket connection to 'ws://localhost:1420/api/events.mux' failed: WebSocket is closed before the connection is established. @ http://localhost:1420/plugins/@deepseek-ai/dsh-client-connection/client.js?rev=bc3c3fa9d26b:10055
[ 3466412ms] [WARNING] WebSocket connection to 'ws://localhost:1420/api/events.host' failed: WebSocket is closed before the connection is established. @ http://localhost:1420/plugins/@deepseek-ai/dsh-client-connection/client.js?rev=bc3c3fa9d26b:10055
[ 3466412ms] [WARNING] [web-runtime] connection lost, retry #456 @ http://localhost:1420/plugins/@deepseek-ai/dsh-client-connection/client.js?rev=bc3c3fa9d26b:115
[ 3467659ms] [ERROR] WebSocket connection to 'ws://localhost:1420/' failed: Error in connection establishment: net::ERR_CONNECTION_REFUSED @ http://localhost:1420/@vite/client:1034
[ 3473163ms] [ERROR] WebSocket connection to 'ws://localhost:1420/' failed: Error in connection establishment: net::ERR_CONNECTION_REFUSED @ http://localhost:1420/@vite/client:1034
[ 3474577ms] [ERROR] Failed to load resource: net::ERR_CONNECTION_REFUSED @ http://localhost:1420/api/host.describe:0
[ 3474577ms] [WARNING] WebSocket connection to 'ws://localhost:1420/api/events.mux' failed: WebSocket is closed before the connection is established. @ http://localhost:1420/plugins/@deepseek-ai/dsh-client-connection/client.js?rev=bc3c3fa9d26b:10055
[ 3474578ms] [WARNING] WebSocket connection to 'ws://localhost:1420/api/events.host' failed: WebSocket is closed before the connection is established. @ http://localhost:1420/plugins/@deepseek-ai/dsh-client-connection/client.js?rev=bc3c3fa9d26b:10055
[ 3474578ms] [WARNING] [web-runtime] connection lost, retry #457 @ http://localhost:1420/plugins/@deepseek-ai/dsh-client-connection/client.js?rev=bc3c3fa9d26b:115
[ 3477452ms] [ERROR] WebSocket connection to 'ws://localhost:1420/' failed: Error in connection establishment: net::ERR_CONNECTION_REFUSED @ http://localhost:1420/@vite/client:1034
[ 3479791ms] [ERROR] Failed to load resource: net::ERR_CONNECTION_REFUSED @ http://localhost:1420/api/host.describe:0
[ 3479791ms] [WARNING] WebSocket connection to 'ws://localhost:1420/api/events.mux' failed: WebSocket is closed before the connection is established. @ http://localhost:1420/plugins/@deepseek-ai/dsh-client-connection/client.js?rev=bc3c3fa9d26b:10055
[ 3479791ms] [WARNING] WebSocket connection to 'ws://localhost:1420/api/events.host' failed: WebSocket is closed before the connection is established. @ http://localhost:1420/plugins/@deepseek-ai/dsh-client-connection/client.js?rev=bc3c3fa9d26b:10055
[ 3479791ms] [WARNING] [web-runtime] connection lost, retry #458 @ http://localhost:1420/plugins/@deepseek-ai/dsh-client-connection/client.js?rev=bc3c3fa9d26b:115
[ 3480549ms] [ERROR] WebSocket connection to 'ws://localhost:1420/' failed: Error in connection establishment: net::ERR_CONNECTION_REFUSED @ http://localhost:1420/@vite/client:1034
[ 3484858ms] [ERROR] WebSocket connection to 'ws://localhost:1420/' failed: Error in connection establishment: net::ERR_CONNECTION_REFUSED @ http://localhost:1420/@vite/client:1034
[ 3488221ms] [ERROR] Failed to load resource: net::ERR_CONNECTION_REFUSED @ http://localhost:1420/api/host.describe:0
[ 3488221ms] [WARNING] WebSocket connection to 'ws://localhost:1420/api/events.mux' failed: WebSocket is closed before the connection is established. @ http://localhost:1420/plugins/@deepseek-ai/dsh-client-connection/client.js?rev=bc3c3fa9d26b:10055
[ 3488221ms] [WARNING] WebSocket connection to 'ws://localhost:1420/api/events.host' failed: WebSocket is closed before the connection is established. @ http://localhost:1420/plugins/@deepseek-ai/dsh-client-connection/client.js?rev=bc3c3fa9d26b:10055
[ 3488221ms] [WARNING] [web-runtime] connection lost, retry #459 @ http://localhost:1420/plugins/@deepseek-ai/dsh-client-connection/client.js?rev=bc3c3fa9d26b:115
[ 3488348ms] [ERROR] WebSocket connection to 'ws://localhost:1420/' failed: Error in connection establishment: net::ERR_CONNECTION_REFUSED @ http://localhost:1420/@vite/client:1034
[ 3493887ms] [ERROR] WebSocket connection to 'ws://localhost:1420/' failed: Error in connection establishment: net::ERR_CONNECTION_REFUSED @ http://localhost:1420/@vite/client:1034
[ 3494645ms] [ERROR] Failed to load resource: net::ERR_CONNECTION_REFUSED @ http://localhost:1420/api/host.describe:0
[ 3494645ms] [WARNING] WebSocket connection to 'ws://localhost:1420/api/events.mux' failed: WebSocket is closed before the connection is established. @ http://localhost:1420/plugins/@deepseek-ai/dsh-client-connection/client.js?rev=bc3c3fa9d26b:10055
[ 3494645ms] [WARNING] WebSocket connection to 'ws://localhost:1420/api/events.host' failed: WebSocket is closed before the connection is established. @ http://localhost:1420/plugins/@deepseek-ai/dsh-client-connection/client.js?rev=bc3c3fa9d26b:10055
[ 3494645ms] [WARNING] [web-runtime] connection lost, retry #460 @ http://localhost:1420/plugins/@deepseek-ai/dsh-client-connection/client.js?rev=bc3c3fa9d26b:115
[ 3496351ms] [ERROR] WebSocket connection to 'ws://localhost:1420/' failed: Error in connection establishment: net::ERR_CONNECTION_REFUSED @ http://localhost:1420/@vite/client:1034
[ 3498432ms] [ERROR] WebSocket connection to 'ws://localhost:1420/' failed: Error in connection establishment: net::ERR_CONNECTION_REFUSED @ http://localhost:1420/@vite/client:1034
[ 3500518ms] [ERROR] Failed to load resource: net::ERR_CONNECTION_REFUSED @ http://localhost:1420/api/host.describe:0
[ 3500518ms] [WARNING] WebSocket connection to 'ws://localhost:1420/api/events.mux' failed: WebSocket is closed before the connection is established. @ http://localhost:1420/plugins/@deepseek-ai/dsh-client-connection/client.js?rev=bc3c3fa9d26b:10055
[ 3500518ms] [WARNING] WebSocket connection to 'ws://localhost:1420/api/events.host' failed: WebSocket is closed before the connection is established. @ http://localhost:1420/plugins/@deepseek-ai/dsh-client-connection/client.js?rev=bc3c3fa9d26b:10055
[ 3500518ms] [WARNING] [web-runtime] connection lost, retry #461 @ http://localhost:1420/plugins/@deepseek-ai/dsh-client-connection/client.js?rev=bc3c3fa9d26b:115
[ 3503831ms] [ERROR] WebSocket connection to 'ws://localhost:1420/' failed: Error in connection establishment: net::ERR_CONNECTION_REFUSED @ http://localhost:1420/@vite/client:1034
[ 3506181ms] [ERROR] Failed to load resource: net::ERR_CONNECTION_REFUSED @ http://localhost:1420/api/host.describe:0
[ 3506181ms] [WARNING] WebSocket connection to 'ws://localhost:1420/api/events.mux' failed: WebSocket is closed before the connection is established. @ http://localhost:1420/plugins/@deepseek-ai/dsh-client-connection/client.js?rev=bc3c3fa9d26b:10055
[ 3506181ms] [WARNING] WebSocket connection to 'ws://localhost:1420/api/events.host' failed: WebSocket is closed before the connection is established. @ http://localhost:1420/plugins/@deepseek-ai/dsh-client-connection/client.js?rev=bc3c3fa9d26b:10055
[ 3506181ms] [WARNING] [web-runtime] connection lost, retry #462 @ http://localhost:1420/plugins/@deepseek-ai/dsh-client-connection/client.js?rev=bc3c3fa9d26b:115
[ 3507554ms] [ERROR] WebSocket connection to 'ws://localhost:1420/' failed: Error in connection establishment: net::ERR_CONNECTION_REFUSED @ http://localhost:1420/@vite/client:1034
[ 3509802ms] [ERROR] WebSocket connection to 'ws://localhost:1420/' failed: Error in connection establishment: net::ERR_CONNECTION_REFUSED @ http://localhost:1420/@vite/client:1034
[ 3512385ms] [ERROR] WebSocket connection to 'ws://localhost:1420/' failed: Error in connection establishment: net::ERR_CONNECTION_REFUSED @ http://localhost:1420/@vite/client:1034
[ 3512786ms] [ERROR] Failed to load resource: net::ERR_CONNECTION_REFUSED @ http://localhost:1420/api/host.describe:0
[ 3512786ms] [WARNING] WebSocket connection to 'ws://localhost:1420/api/events.mux' failed: WebSocket is closed before the connection is established. @ http://localhost:1420/plugins/@deepseek-ai/dsh-client-connection/client.js?rev=bc3c3fa9d26b:10055
[ 3512786ms] [WARNING] WebSocket connection to 'ws://localhost:1420/api/events.host' failed: WebSocket is closed before the connection is established. @ http://localhost:1420/plugins/@deepseek-ai/dsh-client-connection/client.js?rev=bc3c3fa9d26b:10055
[ 3512786ms] [WARNING] [web-runtime] connection lost, retry #463 @ http://localhost:1420/plugins/@deepseek-ai/dsh-client-connection/client.js?rev=bc3c3fa9d26b:115
[ 3517318ms] [ERROR] WebSocket connection to 'ws://localhost:1420/' failed: Error in connection establishment: net::ERR_CONNECTION_REFUSED @ http://localhost:1420/@vite/client:1034
[ 3522221ms] [ERROR] Failed to load resource: net::ERR_CONNECTION_REFUSED @ http://localhost:1420/api/host.describe:0
[ 3522221ms] [WARNING] WebSocket connection to 'ws://localhost:1420/api/events.mux' failed: WebSocket is closed before the connection is established. @ http://localhost:1420/plugins/@deepseek-ai/dsh-client-connection/client.js?rev=bc3c3fa9d26b:10055
[ 3522221ms] [WARNING] WebSocket connection to 'ws://localhost:1420/api/events.host' failed: WebSocket is closed before the connection is established. @ http://localhost:1420/plugins/@deepseek-ai/dsh-client-connection/client.js?rev=bc3c3fa9d26b:10055
[ 3522221ms] [WARNING] [web-runtime] connection lost, retry #464 @ http://localhost:1420/plugins/@deepseek-ai/dsh-client-connection/client.js?rev=bc3c3fa9d26b:115
[ 3522453ms] [ERROR] WebSocket connection to 'ws://localhost:1420/' failed: Error in connection establishment: net::ERR_CONNECTION_REFUSED @ http://localhost:1420/@vite/client:1034
[ 3526523ms] [ERROR] WebSocket connection to 'ws://localhost:1420/' failed: Error in connection establishment: net::ERR_CONNECTION_REFUSED @ http://localhost:1420/@vite/client:1034
[ 3530318ms] [ERROR] WebSocket connection to 'ws://localhost:1420/' failed: Error in connection establishment: net::ERR_CONNECTION_REFUSED @ http://localhost:1420/@vite/client:1034
[ 3530676ms] [ERROR] Failed to load resource: net::ERR_CONNECTION_REFUSED @ http://localhost:1420/api/host.describe:0
[ 3530676ms] [WARNING] WebSocket connection to 'ws://localhost:1420/api/events.mux' failed: WebSocket is closed before the connection is established. @ http://localhost:1420/plugins/@deepseek-ai/dsh-client-connection/client.js?rev=bc3c3fa9d26b:10055
[ 3530676ms] [WARNING] WebSocket connection to 'ws://localhost:1420/api/events.host' failed: WebSocket is closed before the connection is established. @ http://localhost:1420/plugins/@deepseek-ai/dsh-client-connection/client.js?rev=bc3c3fa9d26b:10055
[ 3530676ms] [WARNING] [web-runtime] connection lost, retry #465 @ http://localhost:1420/plugins/@deepseek-ai/dsh-client-connection/client.js?rev=bc3c3fa9d26b:115
[ 3535690ms] [ERROR] WebSocket connection to 'ws://localhost:1420/' failed: Error in connection establishment: net::ERR_CONNECTION_REFUSED @ http://localhost:1420/@vite/client:1034
[ 3540077ms] [ERROR] Failed to load resource: net::ERR_CONNECTION_REFUSED @ http://localhost:1420/api/host.describe:0
[ 3540077ms] [WARNING] WebSocket connection to 'ws://localhost:1420/api/events.mux' failed: WebSocket is closed before the connection is established. @ http://localhost:1420/plugins/@deepseek-ai/dsh-client-connection/client.js?rev=bc3c3fa9d26b:10055
[ 3540077ms] [WARNING] WebSocket connection to 'ws://localhost:1420/api/events.host' failed: WebSocket is closed before the connection is established. @ http://localhost:1420/plugins/@deepseek-ai/dsh-client-connection/client.js?rev=bc3c3fa9d26b:10055
[ 3540077ms] [WARNING] [web-runtime] connection lost, retry #466 @ http://localhost:1420/plugins/@deepseek-ai/dsh-client-connection/client.js?rev=bc3c3fa9d26b:115
[ 3541173ms] [ERROR] WebSocket connection to 'ws://localhost:1420/' failed: Error in connection establishment: net::ERR_CONNECTION_REFUSED @ http://localhost:1420/@vite/client:1034
[ 3545924ms] [ERROR] Failed to load resource: net::ERR_CONNECTION_REFUSED @ http://localhost:1420/api/host.describe:0
[ 3545925ms] [WARNING] WebSocket connection to 'ws://localhost:1420/api/events.mux' failed: WebSocket is closed before the connection is established. @ http://localhost:1420/plugins/@deepseek-ai/dsh-client-connection/client.js?rev=bc3c3fa9d26b:10055
[ 3545925ms] [WARNING] WebSocket connection to 'ws://localhost:1420/api/events.host' failed: WebSocket is closed before the connection is established. @ http://localhost:1420/plugins/@deepseek-ai/dsh-client-connection/client.js?rev=bc3c3fa9d26b:10055
[ 3545925ms] [WARNING] [web-runtime] connection lost, retry #467 @ http://localhost:1420/plugins/@deepseek-ai/dsh-client-connection/client.js?rev=bc3c3fa9d26b:115
[ 3546936ms] [ERROR] WebSocket connection to 'ws://localhost:1420/' failed: Error in connection establishment: net::ERR_CONNECTION_REFUSED @ http://localhost:1420/@vite/client:1034
[ 3551340ms] [ERROR] WebSocket connection to 'ws://localhost:1420/' failed: Error in connection establishment: net::ERR_CONNECTION_REFUSED @ http://localhost:1420/@vite/client:1034
[ 3555278ms] [ERROR] WebSocket connection to 'ws://localhost:1420/' failed: Error in connection establishment: net::ERR_CONNECTION_REFUSED @ http://localhost:1420/@vite/client:1034
[ 3555574ms] [ERROR] Failed to load resource: net::ERR_CONNECTION_REFUSED @ http://localhost:1420/api/host.describe:0
[ 3555575ms] [WARNING] WebSocket connection to 'ws://localhost:1420/api/events.mux' failed: WebSocket is closed before the connection is established. @ http://localhost:1420/plugins/@deepseek-ai/dsh-client-connection/client.js?rev=bc3c3fa9d26b:10055
[ 3555575ms] [WARNING] WebSocket connection to 'ws://localhost:1420/api/events.host' failed: WebSocket is closed before the connection is established. @ http://localhost:1420/plugins/@deepseek-ai/dsh-client-connection/client.js?rev=bc3c3fa9d26b:10055
[ 3555575ms] [WARNING] [web-runtime] connection lost, retry #468 @ http://localhost:1420/plugins/@deepseek-ai/dsh-client-connection/client.js?rev=bc3c3fa9d26b:115
[ 3560016ms] [ERROR] WebSocket connection to 'ws://localhost:1420/' failed: Error in connection establishment: net::ERR_CONNECTION_REFUSED @ http://localhost:1420/@vite/client:1034
[ 3562626ms] [ERROR] WebSocket connection to 'ws://localhost:1420/' failed: Error in connection establishment: net::ERR_CONNECTION_REFUSED @ http://localhost:1420/@vite/client:1034
[ 3563937ms] [ERROR] Failed to load resource: net::ERR_CONNECTION_REFUSED @ http://localhost:1420/api/host.describe:0
[ 3563937ms] [WARNING] WebSocket connection to 'ws://localhost:1420/api/events.mux' failed: WebSocket is closed before the connection is established. @ http://localhost:1420/plugins/@deepseek-ai/dsh-client-connection/client.js?rev=bc3c3fa9d26b:10055
[ 3563937ms] [WARNING] WebSocket connection to 'ws://localhost:1420/api/events.host' failed: WebSocket is closed before the connection is established. @ http://localhost:1420/plugins/@deepseek-ai/dsh-client-connection/client.js?rev=bc3c3fa9d26b:10055
[ 3563937ms] [WARNING] [web-runtime] connection lost, retry #469 @ http://localhost:1420/plugins/@deepseek-ai/dsh-client-connection/client.js?rev=bc3c3fa9d26b:115
[ 3566008ms] [ERROR] WebSocket connection to 'ws://localhost:1420/' failed: Error in connection establishment: net::ERR_CONNECTION_REFUSED @ http://localhost:1420/@vite/client:1034
[ 3568845ms] [ERROR] WebSocket connection to 'ws://localhost:1420/' failed: Error in connection establishment: net::ERR_CONNECTION_REFUSED @ http://localhost:1420/@vite/client:1034
[ 3571307ms] [ERROR] WebSocket connection to 'ws://localhost:1420/' failed: Error in connection establishment: net::ERR_CONNECTION_REFUSED @ http://localhost:1420/@vite/client:1034
[ 3572486ms] [ERROR] Failed to load resource: net::ERR_CONNECTION_REFUSED @ http://localhost:1420/api/host.describe:0
[ 3572486ms] [WARNING] WebSocket connection to 'ws://localhost:1420/api/events.mux' failed: WebSocket is closed before the connection is established. @ http://localhost:1420/plugins/@deepseek-ai/dsh-client-connection/client.js?rev=bc3c3fa9d26b:10055
[ 3572486ms] [WARNING] WebSocket connection to 'ws://localhost:1420/api/events.host' failed: WebSocket is closed before the connection is established. @ http://localhost:1420/plugins/@deepseek-ai/dsh-client-connection/client.js?rev=bc3c3fa9d26b:10055
[ 3572486ms] [WARNING] [web-runtime] connection lost, retry #470 @ http://localhost:1420/plugins/@deepseek-ai/dsh-client-connection/client.js?rev=bc3c3fa9d26b:115
[ 3575213ms] [ERROR] WebSocket connection to 'ws://localhost:1420/' failed: Error in connection establishment: net::ERR_CONNECTION_REFUSED @ http://localhost:1420/@vite/client:1034
[ 3579600ms] [ERROR] WebSocket connection to 'ws://localhost:1420/' failed: Error in connection establishment: net::ERR_CONNECTION_REFUSED @ http://localhost:1420/@vite/client:1034
[ 3579977ms] [ERROR] Failed to load resource: net::ERR_CONNECTION_REFUSED @ http://localhost:1420/api/host.describe:0
[ 3579978ms] [WARNING] WebSocket connection to 'ws://localhost:1420/api/events.mux' failed: WebSocket is closed before the connection is established. @ http://localhost:1420/plugins/@deepseek-ai/dsh-client-connection/client.js?rev=bc3c3fa9d26b:10055
[ 3579978ms] [WARNING] WebSocket connection to 'ws://localhost:1420/api/events.host' failed: WebSocket is closed before the connection is established. @ http://localhost:1420/plugins/@deepseek-ai/dsh-client-connection/client.js?rev=bc3c3fa9d26b:10055
[ 3579978ms] [WARNING] [web-runtime] connection lost, retry #471 @ http://localhost:1420/plugins/@deepseek-ai/dsh-client-connection/client.js?rev=bc3c3fa9d26b:115
[ 3584907ms] [ERROR] WebSocket connection to 'ws://localhost:1420/' failed: Error in connection establishment: net::ERR_CONNECTION_REFUSED @ http://localhost:1420/@vite/client:1034
[ 3588912ms] [ERROR] Failed to load resource: net::ERR_CONNECTION_REFUSED @ http://localhost:1420/api/host.describe:0
[ 3588912ms] [WARNING] WebSocket connection to 'ws://localhost:1420/api/events.mux' failed: WebSocket is closed before the connection is established. @ http://localhost:1420/plugins/@deepseek-ai/dsh-client-connection/client.js?rev=bc3c3fa9d26b:10055
[ 3588912ms] [WARNING] WebSocket connection to 'ws://localhost:1420/api/events.host' failed: WebSocket is closed before the connection is established. @ http://localhost:1420/plugins/@deepseek-ai/dsh-client-connection/client.js?rev=bc3c3fa9d26b:10055
[ 3588912ms] [WARNING] [web-runtime] connection lost, retry #472 @ http://localhost:1420/plugins/@deepseek-ai/dsh-client-connection/client.js?rev=bc3c3fa9d26b:115
[ 3589582ms] [ERROR] WebSocket connection to 'ws://localhost:1420/' failed: Error in connection establishment: net::ERR_CONNECTION_REFUSED @ http://localhost:1420/@vite/client:1034
[ 3592804ms] [ERROR] WebSocket connection to 'ws://localhost:1420/' failed: Error in connection establishment: net::ERR_CONNECTION_REFUSED @ http://localhost:1420/@vite/client:1034
[ 3594864ms] [ERROR] Failed to load resource: net::ERR_CONNECTION_REFUSED @ http://localhost:1420/api/host.describe:0
[ 3594864ms] [WARNING] WebSocket connection to 'ws://localhost:1420/api/events.mux' failed: WebSocket is closed before the connection is established. @ http://localhost:1420/plugins/@deepseek-ai/dsh-client-connection/client.js?rev=bc3c3fa9d26b:10055
[ 3594864ms] [WARNING] WebSocket connection to 'ws://localhost:1420/api/events.host' failed: WebSocket is closed before the connection is established. @ http://localhost:1420/plugins/@deepseek-ai/dsh-client-connection/client.js?rev=bc3c3fa9d26b:10055
[ 3594865ms] [WARNING] [web-runtime] connection lost, retry #473 @ http://localhost:1420/plugins/@deepseek-ai/dsh-client-connection/client.js?rev=bc3c3fa9d26b:115
[ 3595715ms] [ERROR] WebSocket connection to 'ws://localhost:1420/' failed: Error in connection establishment: net::ERR_CONNECTION_REFUSED @ http://localhost:1420/@vite/client:1034
[ 3600260ms] [ERROR] WebSocket connection to 'ws://localhost:1420/' failed: Error in connection establishment: net::ERR_CONNECTION_REFUSED @ http://localhost:1420/@vite/client:1034
[ 3603121ms] [ERROR] WebSocket connection to 'ws://localhost:1420/' failed: Error in connection establishment: net::ERR_CONNECTION_REFUSED @ http://localhost:1420/@vite/client:1034
[ 3604380ms] [ERROR] Failed to load resource: net::ERR_CONNECTION_REFUSED @ http://localhost:1420/api/host.describe:0
[ 3604380ms] [WARNING] WebSocket connection to 'ws://localhost:1420/api/events.mux' failed: WebSocket is closed before the connection is established. @ http://localhost:1420/plugins/@deepseek-ai/dsh-client-connection/client.js?rev=bc3c3fa9d26b:10055
[ 3604381ms] [WARNING] WebSocket connection to 'ws://localhost:1420/api/events.host' failed: WebSocket is closed before the connection is established. @ http://localhost:1420/plugins/@deepseek-ai/dsh-client-connection/client.js?rev=bc3c3fa9d26b:10055
[ 3604381ms] [WARNING] [web-runtime] connection lost, retry #474 @ http://localhost:1420/plugins/@deepseek-ai/dsh-client-connection/client.js?rev=bc3c3fa9d26b:115
[ 3608790ms] [ERROR] WebSocket connection to 'ws://localhost:1420/' failed: Error in connection establishment: net::ERR_CONNECTION_REFUSED @ http://localhost:1420/@vite/client:1034
[ 3610443ms] [ERROR] Failed to load resource: net::ERR_CONNECTION_REFUSED @ http://localhost:1420/api/host.describe:0
[ 3610443ms] [WARNING] WebSocket connection to 'ws://localhost:1420/api/events.mux' failed: WebSocket is closed before the connection is established. @ http://localhost:1420/plugins/@deepseek-ai/dsh-client-connection/client.js?rev=bc3c3fa9d26b:10055
[ 3610443ms] [WARNING] WebSocket connection to 'ws://localhost:1420/api/events.host' failed: WebSocket is closed before the connection is established. @ http://localhost:1420/plugins/@deepseek-ai/dsh-client-connection/client.js?rev=bc3c3fa9d26b:10055
[ 3610443ms] [WARNING] [web-runtime] connection lost, retry #475 @ http://localhost:1420/plugins/@deepseek-ai/dsh-client-connection/client.js?rev=bc3c3fa9d26b:115
[ 3612619ms] [ERROR] WebSocket connection to 'ws://localhost:1420/' failed: Error in connection establishment: net::ERR_CONNECTION_REFUSED @ http://localhost:1420/@vite/client:1034
[ 3615588ms] [ERROR] Failed to load resource: net::ERR_CONNECTION_REFUSED @ http://localhost:1420/api/host.describe:0
[ 3615588ms] [WARNING] WebSocket connection to 'ws://localhost:1420/api/events.mux' failed: WebSocket is closed before the connection is established. @ http://localhost:1420/plugins/@deepseek-ai/dsh-client-connection/client.js?rev=bc3c3fa9d26b:10055
[ 3615588ms] [WARNING] WebSocket connection to 'ws://localhost:1420/api/events.host' failed: WebSocket is closed before the connection is established. @ http://localhost:1420/plugins/@deepseek-ai/dsh-client-connection/client.js?rev=bc3c3fa9d26b:10055
[ 3615588ms] [WARNING] [web-runtime] connection lost, retry #476 @ http://localhost:1420/plugins/@deepseek-ai/dsh-client-connection/client.js?rev=bc3c3fa9d26b:115
[ 3616494ms] [ERROR] WebSocket connection to 'ws://localhost:1420/' failed: Error in connection establishment: net::ERR_CONNECTION_REFUSED @ http://localhost:1420/@vite/client:1034
[ 3619510ms] [ERROR] WebSocket connection to 'ws://localhost:1420/' failed: Error in connection establishment: net::ERR_CONNECTION_REFUSED @ http://localhost:1420/@vite/client:1034
[ 3622453ms] [ERROR] WebSocket connection to 'ws://localhost:1420/' failed: Error in connection establishment: net::ERR_CONNECTION_REFUSED @ http://localhost:1420/@vite/client:1034
[ 3623329ms] [ERROR] Failed to load resource: net::ERR_CONNECTION_REFUSED @ http://localhost:1420/api/host.describe:0
[ 3623329ms] [WARNING] WebSocket connection to 'ws://localhost:1420/api/events.mux' failed: WebSocket is closed before the connection is established. @ http://localhost:1420/plugins/@deepseek-ai/dsh-client-connection/client.js?rev=bc3c3fa9d26b:10055
[ 3623329ms] [WARNING] WebSocket connection to 'ws://localhost:1420/api/events.host' failed: WebSocket is closed before the connection is established. @ http://localhost:1420/plugins/@deepseek-ai/dsh-client-connection/client.js?rev=bc3c3fa9d26b:10055
[ 3623330ms] [WARNING] [web-runtime] connection lost, retry #477 @ http://localhost:1420/plugins/@deepseek-ai/dsh-client-connection/client.js?rev=bc3c3fa9d26b:115
[ 3625652ms] [ERROR] WebSocket connection to 'ws://localhost:1420/' failed: Error in connection establishment: net::ERR_CONNECTION_REFUSED @ http://localhost:1420/@vite/client:1034
[ 3629955ms] [ERROR] WebSocket connection to 'ws://localhost:1420/' failed: Error in connection establishment: net::ERR_CONNECTION_REFUSED @ http://localhost:1420/@vite/client:1034
[ 3630836ms] [ERROR] Failed to load resource: net::ERR_CONNECTION_REFUSED @ http://localhost:1420/api/host.describe:0
[ 3630836ms] [WARNING] WebSocket connection to 'ws://localhost:1420/api/events.mux' failed: WebSocket is closed before the connection is established. @ http://localhost:1420/plugins/@deepseek-ai/dsh-client-connection/client.js?rev=bc3c3fa9d26b:10055
[ 3630836ms] [WARNING] WebSocket connection to 'ws://localhost:1420/api/events.host' failed: WebSocket is closed before the connection is established. @ http://localhost:1420/plugins/@deepseek-ai/dsh-client-connection/client.js?rev=bc3c3fa9d26b:10055
[ 3630836ms] [WARNING] [web-runtime] connection lost, retry #478 @ http://localhost:1420/plugins/@deepseek-ai/dsh-client-connection/client.js?rev=bc3c3fa9d26b:115
[ 3635462ms] [ERROR] WebSocket connection to 'ws://localhost:1420/' failed: Error in connection establishment: net::ERR_CONNECTION_REFUSED @ http://localhost:1420/@vite/client:1034
[ 3639110ms] [ERROR] WebSocket connection to 'ws://localhost:1420/' failed: Error in connection establishment: net::ERR_CONNECTION_REFUSED @ http://localhost:1420/@vite/client:1034
[ 3640498ms] [ERROR] Failed to load resource: net::ERR_CONNECTION_REFUSED @ http://localhost:1420/api/host.describe:0
[ 3640498ms] [WARNING] WebSocket connection to 'ws://localhost:1420/api/events.mux' failed: WebSocket is closed before the connection is established. @ http://localhost:1420/plugins/@deepseek-ai/dsh-client-connection/client.js?rev=bc3c3fa9d26b:10055
[ 3640498ms] [WARNING] WebSocket connection to 'ws://localhost:1420/api/events.host' failed: WebSocket is closed before the connection is established. @ http://localhost:1420/plugins/@deepseek-ai/dsh-client-connection/client.js?rev=bc3c3fa9d26b:10055
[ 3640498ms] [WARNING] [web-runtime] connection lost, retry #479 @ http://localhost:1420/plugins/@deepseek-ai/dsh-client-connection/client.js?rev=bc3c3fa9d26b:115
[ 3642545ms] [ERROR] WebSocket connection to 'ws://localhost:1420/' failed: Error in connection establishment: net::ERR_CONNECTION_REFUSED @ http://localhost:1420/@vite/client:1034
[ 3645910ms] [ERROR] Failed to load resource: net::ERR_CONNECTION_REFUSED @ http://localhost:1420/api/host.describe:0
[ 3645910ms] [WARNING] WebSocket connection to 'ws://localhost:1420/api/events.mux' failed: WebSocket is closed before the connection is established. @ http://localhost:1420/plugins/@deepseek-ai/dsh-client-connection/client.js?rev=bc3c3fa9d26b:10055
[ 3645910ms] [WARNING] WebSocket connection to 'ws://localhost:1420/api/events.host' failed: WebSocket is closed before the connection is established. @ http://localhost:1420/plugins/@deepseek-ai/dsh-client-connection/client.js?rev=bc3c3fa9d26b:10055
[ 3645910ms] [WARNING] [web-runtime] connection lost, retry #480 @ http://localhost:1420/plugins/@deepseek-ai/dsh-client-connection/client.js?rev=bc3c3fa9d26b:115
[ 3646056ms] [ERROR] WebSocket connection to 'ws://localhost:1420/' failed: Error in connection establishment: net::ERR_CONNECTION_REFUSED @ http://localhost:1420/@vite/client:1034
[ 3650007ms] [ERROR] WebSocket connection to 'ws://localhost:1420/' failed: Error in connection establishment: net::ERR_CONNECTION_REFUSED @ http://localhost:1420/@vite/client:1034
[ 3655362ms] [ERROR] WebSocket connection to 'ws://localhost:1420/' failed: Error in connection establishment: net::ERR_CONNECTION_REFUSED @ http://localhost:1420/@vite/client:1034
[ 3655666ms] [ERROR] Failed to load resource: net::ERR_CONNECTION_REFUSED @ http://localhost:1420/api/host.describe:0
[ 3655666ms] [WARNING] WebSocket connection to 'ws://localhost:1420/api/events.mux' failed: WebSocket is closed before the connection is established. @ http://localhost:1420/plugins/@deepseek-ai/dsh-client-connection/client.js?rev=bc3c3fa9d26b:10055
[ 3655666ms] [WARNING] WebSocket connection to 'ws://localhost:1420/api/events.host' failed: WebSocket is closed before the connection is established. @ http://localhost:1420/plugins/@deepseek-ai/dsh-client-connection/client.js?rev=bc3c3fa9d26b:10055
[ 3655666ms] [WARNING] [web-runtime] connection lost, retry #481 @ http://localhost:1420/plugins/@deepseek-ai/dsh-client-connection/client.js?rev=bc3c3fa9d26b:115
[ 3658687ms] [ERROR] WebSocket connection to 'ws://localhost:1420/' failed: Error in connection establishment: net::ERR_CONNECTION_REFUSED @ http://localhost:1420/@vite/client:1034
[ 3664077ms] [ERROR] WebSocket connection to 'ws://localhost:1420/' failed: Error in connection establishment: net::ERR_CONNECTION_REFUSED @ http://localhost:1420/@vite/client:1034
[ 3665254ms] [ERROR] Failed to load resource: net::ERR_CONNECTION_REFUSED @ http://localhost:1420/api/host.describe:0
[ 3665254ms] [WARNING] WebSocket connection to 'ws://localhost:1420/api/events.mux' failed: WebSocket is closed before the connection is established. @ http://localhost:1420/plugins/@deepseek-ai/dsh-client-connection/client.js?rev=bc3c3fa9d26b:10055
[ 3665254ms] [WARNING] WebSocket connection to 'ws://localhost:1420/api/events.host' failed: WebSocket is closed before the connection is established. @ http://localhost:1420/plugins/@deepseek-ai/dsh-client-connection/client.js?rev=bc3c3fa9d26b:10055
[ 3665254ms] [WARNING] [web-runtime] connection lost, retry #482 @ http://localhost:1420/plugins/@deepseek-ai/dsh-client-connection/client.js?rev=bc3c3fa9d26b:115
[ 3666537ms] [ERROR] WebSocket connection to 'ws://localhost:1420/' failed: Error in connection establishment: net::ERR_CONNECTION_REFUSED @ http://localhost:1420/@vite/client:1034
[ 3671328ms] [ERROR] WebSocket connection to 'ws://localhost:1420/' failed: Error in connection establishment: net::ERR_CONNECTION_REFUSED @ http://localhost:1420/@vite/client:1034
[ 3674999ms] [ERROR] Failed to load resource: net::ERR_CONNECTION_REFUSED @ http://localhost:1420/api/host.describe:0
[ 3674999ms] [WARNING] WebSocket connection to 'ws://localhost:1420/api/events.mux' failed: WebSocket is closed before the connection is established. @ http://localhost:1420/plugins/@deepseek-ai/dsh-client-connection/client.js?rev=bc3c3fa9d26b:10055
[ 3674999ms] [WARNING] WebSocket connection to 'ws://localhost:1420/api/events.host' failed: WebSocket is closed before the connection is established. @ http://localhost:1420/plugins/@deepseek-ai/dsh-client-connection/client.js?rev=bc3c3fa9d26b:10055
[ 3674999ms] [WARNING] [web-runtime] connection lost, retry #483 @ http://localhost:1420/plugins/@deepseek-ai/dsh-client-connection/client.js?rev=bc3c3fa9d26b:115
[ 3676077ms] [ERROR] WebSocket connection to 'ws://localhost:1420/' failed: Error in connection establishment: net::ERR_CONNECTION_REFUSED @ http://localhost:1420/@vite/client:1034
[ 3680663ms] [ERROR] WebSocket connection to 'ws://localhost:1420/' failed: Error in connection establishment: net::ERR_CONNECTION_REFUSED @ http://localhost:1420/@vite/client:1034
[ 3681647ms] [ERROR] Failed to load resource: net::ERR_CONNECTION_REFUSED @ http://localhost:1420/api/host.describe:0
[ 3681647ms] [WARNING] WebSocket connection to 'ws://localhost:1420/api/events.mux' failed: WebSocket is closed before the connection is established. @ http://localhost:1420/plugins/@deepseek-ai/dsh-client-connection/client.js?rev=bc3c3fa9d26b:10055
[ 3681647ms] [WARNING] WebSocket connection to 'ws://localhost:1420/api/events.host' failed: WebSocket is closed before the connection is established. @ http://localhost:1420/plugins/@deepseek-ai/dsh-client-connection/client.js?rev=bc3c3fa9d26b:10055
[ 3681648ms] [WARNING] [web-runtime] connection lost, retry #484 @ http://localhost:1420/plugins/@deepseek-ai/dsh-client-connection/client.js?rev=bc3c3fa9d26b:115
[ 3683286ms] [ERROR] WebSocket connection to 'ws://localhost:1420/' failed: Error in connection establishment: net::ERR_CONNECTION_REFUSED @ http://localhost:1420/@vite/client:1034
[ 3687986ms] [ERROR] WebSocket connection to 'ws://localhost:1420/' failed: Error in connection establishment: net::ERR_CONNECTION_REFUSED @ http://localhost:1420/@vite/client:1034
[ 3688631ms] [ERROR] Failed to load resource: net::ERR_CONNECTION_REFUSED @ http://localhost:1420/api/host.describe:0
[ 3688631ms] [WARNING] WebSocket connection to 'ws://localhost:1420/api/events.mux' failed: WebSocket is closed before the connection is established. @ http://localhost:1420/plugins/@deepseek-ai/dsh-client-connection/client.js?rev=bc3c3fa9d26b:10055
[ 3688631ms] [WARNING] WebSocket connection to 'ws://localhost:1420/api/events.host' failed: WebSocket is closed before the connection is established. @ http://localhost:1420/plugins/@deepseek-ai/dsh-client-connection/client.js?rev=bc3c3fa9d26b:10055
[ 3688631ms] [WARNING] [web-runtime] connection lost, retry #485 @ http://localhost:1420/plugins/@deepseek-ai/dsh-client-connection/client.js?rev=bc3c3fa9d26b:115
[ 3691280ms] [ERROR] WebSocket connection to 'ws://localhost:1420/' failed: Error in connection establishment: net::ERR_CONNECTION_REFUSED @ http://localhost:1420/@vite/client:1034
[ 3694240ms] [ERROR] WebSocket connection to 'ws://localhost:1420/' failed: Error in connection establishment: net::ERR_CONNECTION_REFUSED @ http://localhost:1420/@vite/client:1034
[ 3694284ms] [ERROR] Failed to load resource: net::ERR_CONNECTION_REFUSED @ http://localhost:1420/api/host.describe:0
[ 3694284ms] [WARNING] WebSocket connection to 'ws://localhost:1420/api/events.mux' failed: WebSocket is closed before the connection is established. @ http://localhost:1420/plugins/@deepseek-ai/dsh-client-connection/client.js?rev=bc3c3fa9d26b:10055
[ 3694284ms] [WARNING] WebSocket connection to 'ws://localhost:1420/api/events.host' failed: WebSocket is closed before the connection is established. @ http://localhost:1420/plugins/@deepseek-ai/dsh-client-connection/client.js?rev=bc3c3fa9d26b:10055
[ 3694284ms] [WARNING] [web-runtime] connection lost, retry #486 @ http://localhost:1420/plugins/@deepseek-ai/dsh-client-connection/client.js?rev=bc3c3fa9d26b:115
[ 3698783ms] [ERROR] WebSocket connection to 'ws://localhost:1420/' failed: Error in connection establishment: net::ERR_CONNECTION_REFUSED @ http://localhost:1420/@vite/client:1034
[ 3700838ms] [ERROR] Failed to load resource: net::ERR_CONNECTION_REFUSED @ http://localhost:1420/api/host.describe:0
[ 3700838ms] [WARNING] WebSocket connection to 'ws://localhost:1420/api/events.mux' failed: WebSocket is closed before the connection is established. @ http://localhost:1420/plugins/@deepseek-ai/dsh-client-connection/client.js?rev=bc3c3fa9d26b:10055
[ 3700838ms] [WARNING] WebSocket connection to 'ws://localhost:1420/api/events.host' failed: WebSocket is closed before the connection is established. @ http://localhost:1420/plugins/@deepseek-ai/dsh-client-connection/client.js?rev=bc3c3fa9d26b:10055
[ 3700838ms] [WARNING] [web-runtime] connection lost, retry #487 @ http://localhost:1420/plugins/@deepseek-ai/dsh-client-connection/client.js?rev=bc3c3fa9d26b:115
[ 3704483ms] [ERROR] WebSocket connection to 'ws://localhost:1420/' failed: Error in connection establishment: net::ERR_CONNECTION_REFUSED @ http://localhost:1420/@vite/client:1034
[ 3706698ms] [ERROR] Failed to load resource: net::ERR_CONNECTION_REFUSED @ http://localhost:1420/api/host.describe:0
[ 3706698ms] [WARNING] WebSocket connection to 'ws://localhost:1420/api/events.mux' failed: WebSocket is closed before the connection is established. @ http://localhost:1420/plugins/@deepseek-ai/dsh-client-connection/client.js?rev=bc3c3fa9d26b:10055
[ 3706698ms] [WARNING] WebSocket connection to 'ws://localhost:1420/api/events.host' failed: WebSocket is closed before the connection is established. @ http://localhost:1420/plugins/@deepseek-ai/dsh-client-connection/client.js?rev=bc3c3fa9d26b:10055
[ 3706698ms] [WARNING] [web-runtime] connection lost, retry #488 @ http://localhost:1420/plugins/@deepseek-ai/dsh-client-connection/client.js?rev=bc3c3fa9d26b:115
[ 3706747ms] [ERROR] WebSocket connection to 'ws://localhost:1420/' failed: Error in connection establishment: net::ERR_CONNECTION_REFUSED @ http://localhost:1420/@vite/client:1034
[ 3707749ms] [ERROR] WebSocket connection to 'ws://localhost:1420/' failed: Error in connection establishment: net::ERR_CONNECTION_REFUSED @ http://localhost:1420/@vite/client:1034
[ 3708752ms] [ERROR] WebSocket connection to 'ws://localhost:1420/' failed: Error in connection establishment: net::ERR_CONNECTION_REFUSED @ http://localhost:1420/@vite/client:1034
[ 3709754ms] [ERROR] WebSocket connection to 'ws://localhost:1420/' failed: Error in connection establishment: net::ERR_CONNECTION_REFUSED @ http://localhost:1420/@vite/client:1034
[ 3710756ms] [ERROR] WebSocket connection to 'ws://localhost:1420/' failed: Error in connection establishment: net::ERR_CONNECTION_REFUSED @ http://localhost:1420/@vite/client:1034
[ 3711760ms] [ERROR] WebSocket connection to 'ws://localhost:1420/' failed: Error in connection establishment: net::ERR_CONNECTION_REFUSED @ http://localhost:1420/@vite/client:1034
[ 3712766ms] [ERROR] WebSocket connection to 'ws://localhost:1420/' failed: Error in connection establishment: net::ERR_CONNECTION_REFUSED @ http://localhost:1420/@vite/client:1034
[ 3713177ms] [ERROR] Failed to load resource: net::ERR_CONNECTION_REFUSED @ http://localhost:1420/api/host.describe:0
[ 3713177ms] [WARNING] WebSocket connection to 'ws://localhost:1420/api/events.mux' failed: WebSocket is closed before the connection is established. @ http://localhost:1420/plugins/@deepseek-ai/dsh-client-connection/client.js?rev=bc3c3fa9d26b:10055
[ 3713177ms] [WARNING] WebSocket connection to 'ws://localhost:1420/api/events.host' failed: WebSocket is closed before the connection is established. @ http://localhost:1420/plugins/@deepseek-ai/dsh-client-connection/client.js?rev=bc3c3fa9d26b:10055
[ 3713177ms] [WARNING] [web-runtime] connection lost, retry #489 @ http://localhost:1420/plugins/@deepseek-ai/dsh-client-connection/client.js?rev=bc3c3fa9d26b:115
[ 3713804ms] [ERROR] WebSocket connection to 'ws://localhost:1420/' failed: Error in connection establishment: net::ERR_CONNECTION_REFUSED @ http://localhost:1420/@vite/client:1034
[ 3714866ms] [ERROR] WebSocket connection to 'ws://localhost:1420/' failed: Error in connection establishment: net::ERR_CONNECTION_REFUSED @ http://localhost:1420/@vite/client:1034
[ 3716021ms] [ERROR] WebSocket connection to 'ws://localhost:1420/' failed: Error in connection establishment: net::ERR_CONNECTION_REFUSED @ http://localhost:1420/@vite/client:1034
[ 3717124ms] [ERROR] WebSocket connection to 'ws://localhost:1420/' failed: Error in connection establishment: net::ERR_CONNECTION_REFUSED @ http://localhost:1420/@vite/client:1034
[ 3718491ms] [ERROR] WebSocket connection to 'ws://localhost:1420/' failed: Error in connection establishment: net::ERR_CONNECTION_REFUSED @ http://localhost:1420/@vite/client:1034
[ 3720095ms] [ERROR] Failed to load resource: net::ERR_CONNECTION_REFUSED @ http://localhost:1420/api/host.describe:0
[ 3720095ms] [WARNING] WebSocket connection to 'ws://localhost:1420/api/events.mux' failed: WebSocket is closed before the connection is established. @ http://localhost:1420/plugins/@deepseek-ai/dsh-client-connection/client.js?rev=bc3c3fa9d26b:10055
[ 3720095ms] [WARNING] WebSocket connection to 'ws://localhost:1420/api/events.host' failed: WebSocket is closed before the connection is established. @ http://localhost:1420/plugins/@deepseek-ai/dsh-client-connection/client.js?rev=bc3c3fa9d26b:10055
[ 3720096ms] [WARNING] [web-runtime] connection lost, retry #490 @ http://localhost:1420/plugins/@deepseek-ai/dsh-client-connection/client.js?rev=bc3c3fa9d26b:115
[ 3720160ms] [ERROR] WebSocket connection to 'ws://localhost:1420/' failed: Error in connection establishment: net::ERR_CONNECTION_REFUSED @ http://localhost:1420/@vite/client:1034
[ 3724143ms] [ERROR] WebSocket connection to 'ws://localhost:1420/' failed: Error in connection establishment: net::ERR_CONNECTION_REFUSED @ http://localhost:1420/@vite/client:1034
[ 3727182ms] [ERROR] Failed to load resource: net::ERR_CONNECTION_REFUSED @ http://localhost:1420/api/host.describe:0
[ 3727182ms] [WARNING] WebSocket connection to 'ws://localhost:1420/api/events.mux' failed: WebSocket is closed before the connection is established. @ http://localhost:1420/plugins/@deepseek-ai/dsh-client-connection/client.js?rev=bc3c3fa9d26b:10055
[ 3727182ms] [WARNING] WebSocket connection to 'ws://localhost:1420/api/events.host' failed: WebSocket is closed before the connection is established. @ http://localhost:1420/plugins/@deepseek-ai/dsh-client-connection/client.js?rev=bc3c3fa9d26b:10055
[ 3727182ms] [WARNING] [web-runtime] connection lost, retry #491 @ http://localhost:1420/plugins/@deepseek-ai/dsh-client-connection/client.js?rev=bc3c3fa9d26b:115
[ 3730124ms] [ERROR] WebSocket connection to 'ws://localhost:1420/' failed: Error in connection establishment: net::ERR_CONNECTION_REFUSED @ http://localhost:1420/@vite/client:1034
[ 3734166ms] [ERROR] Failed to load resource: net::ERR_CONNECTION_REFUSED @ http://localhost:1420/api/host.describe:0
[ 3734166ms] [WARNING] WebSocket connection to 'ws://localhost:1420/api/events.mux' failed: WebSocket is closed before the connection is established. @ http://localhost:1420/plugins/@deepseek-ai/dsh-client-connection/client.js?rev=bc3c3fa9d26b:10055
[ 3734166ms] [WARNING] WebSocket connection to 'ws://localhost:1420/api/events.host' failed: WebSocket is closed before the connection is established. @ http://localhost:1420/plugins/@deepseek-ai/dsh-client-connection/client.js?rev=bc3c3fa9d26b:10055
[ 3734167ms] [WARNING] [web-runtime] connection lost, retry #492 @ http://localhost:1420/plugins/@deepseek-ai/dsh-client-connection/client.js?rev=bc3c3fa9d26b:115
[ 3735516ms] [ERROR] WebSocket connection to 'ws://localhost:1420/' failed: Error in connection establishment: net::ERR_CONNECTION_REFUSED @ http://localhost:1420/@vite/client:1034
[ 3739284ms] [ERROR] WebSocket connection to 'ws://localhost:1420/' failed: Error in connection establishment: net::ERR_CONNECTION_REFUSED @ http://localhost:1420/@vite/client:1034
[ 3741602ms] [ERROR] Failed to load resource: net::ERR_CONNECTION_REFUSED @ http://localhost:1420/api/host.describe:0
[ 3741602ms] [WARNING] WebSocket connection to 'ws://localhost:1420/api/events.mux' failed: WebSocket is closed before the connection is established. @ http://localhost:1420/plugins/@deepseek-ai/dsh-client-connection/client.js?rev=bc3c3fa9d26b:10055
[ 3741602ms] [WARNING] WebSocket connection to 'ws://localhost:1420/api/events.host' failed: WebSocket is closed before the connection is established. @ http://localhost:1420/plugins/@deepseek-ai/dsh-client-connection/client.js?rev=bc3c3fa9d26b:10055
[ 3741602ms] [WARNING] [web-runtime] connection lost, retry #493 @ http://localhost:1420/plugins/@deepseek-ai/dsh-client-connection/client.js?rev=bc3c3fa9d26b:115
[ 3743891ms] [ERROR] WebSocket connection to 'ws://localhost:1420/' failed: Error in connection establishment: net::ERR_CONNECTION_REFUSED @ http://localhost:1420/@vite/client:1034
[ 3747957ms] [ERROR] Failed to load resource: net::ERR_CONNECTION_REFUSED @ http://localhost:1420/api/host.describe:0
[ 3747958ms] [WARNING] WebSocket connection to 'ws://localhost:1420/api/events.mux' failed: WebSocket is closed before the connection is established. @ http://localhost:1420/plugins/@deepseek-ai/dsh-client-connection/client.js?rev=bc3c3fa9d26b:10055
[ 3747958ms] [WARNING] WebSocket connection to 'ws://localhost:1420/api/events.host' failed: WebSocket is closed before the connection is established. @ http://localhost:1420/plugins/@deepseek-ai/dsh-client-connection/client.js?rev=bc3c3fa9d26b:10055
[ 3747958ms] [WARNING] [web-runtime] connection lost, retry #494 @ http://localhost:1420/plugins/@deepseek-ai/dsh-client-connection/client.js?rev=bc3c3fa9d26b:115
[ 3749706ms] [ERROR] WebSocket connection to 'ws://localhost:1420/' failed: Error in connection establishment: net::ERR_CONNECTION_REFUSED @ http://localhost:1420/@vite/client:1034
[ 3753757ms] [ERROR] Failed to load resource: net::ERR_CONNECTION_REFUSED @ http://localhost:1420/api/host.describe:0
[ 3753757ms] [WARNING] WebSocket connection to 'ws://localhost:1420/api/events.mux' failed: WebSocket is closed before the connection is established. @ http://localhost:1420/plugins/@deepseek-ai/dsh-client-connection/client.js?rev=bc3c3fa9d26b:10055
[ 3753757ms] [WARNING] WebSocket connection to 'ws://localhost:1420/api/events.host' failed: WebSocket is closed before the connection is established. @ http://localhost:1420/plugins/@deepseek-ai/dsh-client-connection/client.js?rev=bc3c3fa9d26b:10055
[ 3753757ms] [WARNING] [web-runtime] connection lost, retry #495 @ http://localhost:1420/plugins/@deepseek-ai/dsh-client-connection/client.js?rev=bc3c3fa9d26b:115
[ 3755308ms] [ERROR] WebSocket connection to 'ws://localhost:1420/' failed: Error in connection establishment: net::ERR_CONNECTION_REFUSED @ http://localhost:1420/@vite/client:1034
[ 3760615ms] [ERROR] WebSocket connection to 'ws://localhost:1420/' failed: Error in connection establishment: net::ERR_CONNECTION_REFUSED @ http://localhost:1420/@vite/client:1034
[ 3761472ms] [ERROR] Failed to load resource: net::ERR_CONNECTION_REFUSED @ http://localhost:1420/api/host.describe:0
[ 3761472ms] [WARNING] WebSocket connection to 'ws://localhost:1420/api/events.mux' failed: WebSocket is closed before the connection is established. @ http://localhost:1420/plugins/@deepseek-ai/dsh-client-connection/client.js?rev=bc3c3fa9d26b:10055
[ 3761472ms] [WARNING] WebSocket connection to 'ws://localhost:1420/api/events.host' failed: WebSocket is closed before the connection is established. @ http://localhost:1420/plugins/@deepseek-ai/dsh-client-connection/client.js?rev=bc3c3fa9d26b:10055
[ 3761472ms] [WARNING] [web-runtime] connection lost, retry #496 @ http://localhost:1420/plugins/@deepseek-ai/dsh-client-connection/client.js?rev=bc3c3fa9d26b:115
[ 3764541ms] [ERROR] WebSocket connection to 'ws://localhost:1420/' failed: Error in connection establishment: net::ERR_CONNECTION_REFUSED @ http://localhost:1420/@vite/client:1034
[ 3768613ms] [ERROR] WebSocket connection to 'ws://localhost:1420/' failed: Error in connection establishment: net::ERR_CONNECTION_REFUSED @ http://localhost:1420/@vite/client:1034
[ 3771115ms] [ERROR] Failed to load resource: net::ERR_CONNECTION_REFUSED @ http://localhost:1420/api/host.describe:0
[ 3771115ms] [WARNING] WebSocket connection to 'ws://localhost:1420/api/events.mux' failed: WebSocket is closed before the connection is established. @ http://localhost:1420/plugins/@deepseek-ai/dsh-client-connection/client.js?rev=bc3c3fa9d26b:10055
[ 3771115ms] [WARNING] WebSocket connection to 'ws://localhost:1420/api/events.host' failed: WebSocket is closed before the connection is established. @ http://localhost:1420/plugins/@deepseek-ai/dsh-client-connection/client.js?rev=bc3c3fa9d26b:10055
[ 3771115ms] [WARNING] [web-runtime] connection lost, retry #497 @ http://localhost:1420/plugins/@deepseek-ai/dsh-client-connection/client.js?rev=bc3c3fa9d26b:115
[ 3771581ms] [ERROR] WebSocket connection to 'ws://localhost:1420/' failed: Error in connection establishment: net::ERR_CONNECTION_REFUSED @ http://localhost:1420/@vite/client:1034
[ 3776679ms] [ERROR] WebSocket connection to 'ws://localhost:1420/' failed: Error in connection establishment: net::ERR_CONNECTION_REFUSED @ http://localhost:1420/@vite/client:1034
[ 3777649ms] [ERROR] Failed to load resource: net::ERR_CONNECTION_REFUSED @ http://localhost:1420/api/host.describe:0
[ 3777649ms] [WARNING] WebSocket connection to 'ws://localhost:1420/api/events.mux' failed: WebSocket is closed before the connection is established. @ http://localhost:1420/plugins/@deepseek-ai/dsh-client-connection/client.js?rev=bc3c3fa9d26b:10055
[ 3777649ms] [WARNING] WebSocket connection to 'ws://localhost:1420/api/events.host' failed: WebSocket is closed before the connection is established. @ http://localhost:1420/plugins/@deepseek-ai/dsh-client-connection/client.js?rev=bc3c3fa9d26b:10055
[ 3777649ms] [WARNING] [web-runtime] connection lost, retry #498 @ http://localhost:1420/plugins/@deepseek-ai/dsh-client-connection/client.js?rev=bc3c3fa9d26b:115
[ 3780709ms] [ERROR] WebSocket connection to 'ws://localhost:1420/' failed: Error in connection establishment: net::ERR_CONNECTION_REFUSED @ http://localhost:1420/@vite/client:1034
[ 3783371ms] [ERROR] WebSocket connection to 'ws://localhost:1420/' failed: Error in connection establishment: net::ERR_CONNECTION_REFUSED @ http://localhost:1420/@vite/client:1034
[ 3785558ms] [ERROR] Failed to load resource: net::ERR_CONNECTION_REFUSED @ http://localhost:1420/api/host.describe:0
[ 3785558ms] [WARNING] WebSocket connection to 'ws://localhost:1420/api/events.mux' failed: WebSocket is closed before the connection is established. @ http://localhost:1420/plugins/@deepseek-ai/dsh-client-connection/client.js?rev=bc3c3fa9d26b:10055
[ 3785558ms] [WARNING] WebSocket connection to 'ws://localhost:1420/api/events.host' failed: WebSocket is closed before the connection is established. @ http://localhost:1420/plugins/@deepseek-ai/dsh-client-connection/client.js?rev=bc3c3fa9d26b:10055
[ 3785558ms] [WARNING] [web-runtime] connection lost, retry #499 @ http://localhost:1420/plugins/@deepseek-ai/dsh-client-connection/client.js?rev=bc3c3fa9d26b:115
[ 3785826ms] [ERROR] WebSocket connection to 'ws://localhost:1420/' failed: Error in connection establishment: net::ERR_CONNECTION_REFUSED @ http://localhost:1420/@vite/client:1034
[ 3790983ms] [ERROR] Failed to load resource: net::ERR_CONNECTION_REFUSED @ http://localhost:1420/api/host.describe:0
[ 3790983ms] [WARNING] WebSocket connection to 'ws://localhost:1420/api/events.mux' failed: WebSocket is closed before the connection is established. @ http://localhost:1420/plugins/@deepseek-ai/dsh-client-connection/client.js?rev=bc3c3fa9d26b:10055
[ 3790983ms] [WARNING] WebSocket connection to 'ws://localhost:1420/api/events.host' failed: WebSocket is closed before the connection is established. @ http://localhost:1420/plugins/@deepseek-ai/dsh-client-connection/client.js?rev=bc3c3fa9d26b:10055
[ 3790983ms] [WARNING] [web-runtime] connection lost, retry #500 @ http://localhost:1420/plugins/@deepseek-ai/dsh-client-connection/client.js?rev=bc3c3fa9d26b:115
[ 3791826ms] [ERROR] WebSocket connection to 'ws://localhost:1420/' failed: Error in connection establishment: net::ERR_CONNECTION_REFUSED @ http://localhost:1420/@vite/client:1034
[ 3796327ms] [ERROR] Failed to load resource: net::ERR_CONNECTION_REFUSED @ http://localhost:1420/api/host.describe:0
[ 3796327ms] [WARNING] WebSocket connection to 'ws://localhost:1420/api/events.mux' failed: WebSocket is closed before the connection is established. @ http://localhost:1420/plugins/@deepseek-ai/dsh-client-connection/client.js?rev=bc3c3fa9d26b:10055
[ 3796327ms] [WARNING] WebSocket connection to 'ws://localhost:1420/api/events.host' failed: WebSocket is closed before the connection is established. @ http://localhost:1420/plugins/@deepseek-ai/dsh-client-connection/client.js?rev=bc3c3fa9d26b:10055
[ 3796327ms] [WARNING] [web-runtime] connection lost, retry #501 @ http://localhost:1420/plugins/@deepseek-ai/dsh-client-connection/client.js?rev=bc3c3fa9d26b:115
[ 3797738ms] [ERROR] WebSocket connection to 'ws://localhost:1420/' failed: Error in connection establishment: net::ERR_CONNECTION_REFUSED @ http://localhost:1420/@vite/client:1034
[ 3802160ms] [ERROR] Failed to load resource: net::ERR_CONNECTION_REFUSED @ http://localhost:1420/api/host.describe:0
[ 3802160ms] [WARNING] WebSocket connection to 'ws://localhost:1420/api/events.mux' failed: WebSocket is closed before the connection is established. @ http://localhost:1420/plugins/@deepseek-ai/dsh-client-connection/client.js?rev=bc3c3fa9d26b:10055
[ 3802160ms] [WARNING] WebSocket connection to 'ws://localhost:1420/api/events.host' failed: WebSocket is closed before the connection is established. @ http://localhost:1420/plugins/@deepseek-ai/dsh-client-connection/client.js?rev=bc3c3fa9d26b:10055
[ 3802161ms] [WARNING] [web-runtime] connection lost, retry #502 @ http://localhost:1420/plugins/@deepseek-ai/dsh-client-connection/client.js?rev=bc3c3fa9d26b:115
[ 3802270ms] [ERROR] WebSocket connection to 'ws://localhost:1420/' failed: Error in connection establishment: net::ERR_CONNECTION_REFUSED @ http://localhost:1420/@vite/client:1034
[ 3805109ms] [ERROR] WebSocket connection to 'ws://localhost:1420/' failed: Error in connection establishment: net::ERR_CONNECTION_REFUSED @ http://localhost:1420/@vite/client:1034
[ 3808764ms] [ERROR] Failed to load resource: net::ERR_CONNECTION_REFUSED @ http://localhost:1420/api/host.describe:0
[ 3808764ms] [WARNING] WebSocket connection to 'ws://localhost:1420/api/events.mux' failed: WebSocket is closed before the connection is established. @ http://localhost:1420/plugins/@deepseek-ai/dsh-client-connection/client.js?rev=bc3c3fa9d26b:10055
[ 3808764ms] [WARNING] WebSocket connection to 'ws://localhost:1420/api/events.host' failed: WebSocket is closed before the connection is established. @ http://localhost:1420/plugins/@deepseek-ai/dsh-client-connection/client.js?rev=bc3c3fa9d26b:10055
[ 3808764ms] [WARNING] [web-runtime] connection lost, retry #503 @ http://localhost:1420/plugins/@deepseek-ai/dsh-client-connection/client.js?rev=bc3c3fa9d26b:115
[ 3809910ms] [ERROR] WebSocket connection to 'ws://localhost:1420/' failed: Error in connection establishment: net::ERR_CONNECTION_REFUSED @ http://localhost:1420/@vite/client:1034
[ 3813150ms] [ERROR] WebSocket connection to 'ws://localhost:1420/' failed: Error in connection establishment: net::ERR_CONNECTION_REFUSED @ http://localhost:1420/@vite/client:1034
[ 3818292ms] [ERROR] WebSocket connection to 'ws://localhost:1420/' failed: Error in connection establishment: net::ERR_CONNECTION_REFUSED @ http://localhost:1420/@vite/client:1034
[ 3818479ms] [ERROR] Failed to load resource: net::ERR_CONNECTION_REFUSED @ http://localhost:1420/api/host.describe:0
[ 3818479ms] [WARNING] WebSocket connection to 'ws://localhost:1420/api/events.mux' failed: WebSocket is closed before the connection is established. @ http://localhost:1420/plugins/@deepseek-ai/dsh-client-connection/client.js?rev=bc3c3fa9d26b:10055
[ 3818479ms] [WARNING] WebSocket connection to 'ws://localhost:1420/api/events.host' failed: WebSocket is closed before the connection is established. @ http://localhost:1420/plugins/@deepseek-ai/dsh-client-connection/client.js?rev=bc3c3fa9d26b:10055
[ 3818480ms] [WARNING] [web-runtime] connection lost, retry #504 @ http://localhost:1420/plugins/@deepseek-ai/dsh-client-connection/client.js?rev=bc3c3fa9d26b:115
[ 3823851ms] [ERROR] WebSocket connection to 'ws://localhost:1420/' failed: Error in connection establishment: net::ERR_CONNECTION_REFUSED @ http://localhost:1420/@vite/client:1034
[ 3825526ms] [ERROR] Failed to load resource: net::ERR_CONNECTION_REFUSED @ http://localhost:1420/api/host.describe:0
[ 3825527ms] [WARNING] WebSocket connection to 'ws://localhost:1420/api/events.mux' failed: WebSocket is closed before the connection is established. @ http://localhost:1420/plugins/@deepseek-ai/dsh-client-connection/client.js?rev=bc3c3fa9d26b:10055
[ 3825527ms] [WARNING] WebSocket connection to 'ws://localhost:1420/api/events.host' failed: WebSocket is closed before the connection is established. @ http://localhost:1420/plugins/@deepseek-ai/dsh-client-connection/client.js?rev=bc3c3fa9d26b:10055
[ 3825527ms] [WARNING] [web-runtime] connection lost, retry #505 @ http://localhost:1420/plugins/@deepseek-ai/dsh-client-connection/client.js?rev=bc3c3fa9d26b:115
[ 3829671ms] [ERROR] WebSocket connection to 'ws://localhost:1420/' failed: Error in connection establishment: net::ERR_CONNECTION_REFUSED @ http://localhost:1420/@vite/client:1034
[ 3833094ms] [ERROR] WebSocket connection to 'ws://localhost:1420/' failed: Error in connection establishment: net::ERR_CONNECTION_REFUSED @ http://localhost:1420/@vite/client:1034
[ 3835274ms] [ERROR] Failed to load resource: net::ERR_CONNECTION_REFUSED @ http://localhost:1420/api/host.describe:0
[ 3835274ms] [WARNING] WebSocket connection to 'ws://localhost:1420/api/events.mux' failed: WebSocket is closed before the connection is established. @ http://localhost:1420/plugins/@deepseek-ai/dsh-client-connection/client.js?rev=bc3c3fa9d26b:10055
[ 3835274ms] [WARNING] WebSocket connection to 'ws://localhost:1420/api/events.host' failed: WebSocket is closed before the connection is established. @ http://localhost:1420/plugins/@deepseek-ai/dsh-client-connection/client.js?rev=bc3c3fa9d26b:10055
[ 3835275ms] [WARNING] [web-runtime] connection lost, retry #506 @ http://localhost:1420/plugins/@deepseek-ai/dsh-client-connection/client.js?rev=bc3c3fa9d26b:115
[ 3838695ms] [ERROR] WebSocket connection to 'ws://localhost:1420/' failed: Error in connection establishment: net::ERR_CONNECTION_REFUSED @ http://localhost:1420/@vite/client:1034
[ 3842372ms] [ERROR] Failed to load resource: net::ERR_CONNECTION_REFUSED @ http://localhost:1420/api/host.describe:0
[ 3842372ms] [WARNING] WebSocket connection to 'ws://localhost:1420/api/events.mux' failed: WebSocket is closed before the connection is established. @ http://localhost:1420/plugins/@deepseek-ai/dsh-client-connection/client.js?rev=bc3c3fa9d26b:10055
[ 3842372ms] [WARNING] WebSocket connection to 'ws://localhost:1420/api/events.host' failed: WebSocket is closed before the connection is established. @ http://localhost:1420/plugins/@deepseek-ai/dsh-client-connection/client.js?rev=bc3c3fa9d26b:10055
[ 3842372ms] [WARNING] [web-runtime] connection lost, retry #507 @ http://localhost:1420/plugins/@deepseek-ai/dsh-client-connection/client.js?rev=bc3c3fa9d26b:115
[ 3844553ms] [ERROR] WebSocket connection to 'ws://localhost:1420/' failed: Error in connection establishment: net::ERR_CONNECTION_REFUSED @ http://localhost:1420/@vite/client:1034
[ 3849756ms] [ERROR] WebSocket connection to 'ws://localhost:1420/' failed: Error in connection establishment: net::ERR_CONNECTION_REFUSED @ http://localhost:1420/@vite/client:1034
[ 3851465ms] [ERROR] Failed to load resource: net::ERR_CONNECTION_REFUSED @ http://localhost:1420/api/host.describe:0
[ 3851465ms] [WARNING] WebSocket connection to 'ws://localhost:1420/api/events.mux' failed: WebSocket is closed before the connection is established. @ http://localhost:1420/plugins/@deepseek-ai/dsh-client-connection/client.js?rev=bc3c3fa9d26b:10055
[ 3851465ms] [WARNING] WebSocket connection to 'ws://localhost:1420/api/events.host' failed: WebSocket is closed before the connection is established. @ http://localhost:1420/plugins/@deepseek-ai/dsh-client-connection/client.js?rev=bc3c3fa9d26b:10055
[ 3851465ms] [WARNING] [web-runtime] connection lost, retry #508 @ http://localhost:1420/plugins/@deepseek-ai/dsh-client-connection/client.js?rev=bc3c3fa9d26b:115
[ 3853804ms] [ERROR] WebSocket connection to 'ws://localhost:1420/' failed: Error in connection establishment: net::ERR_CONNECTION_REFUSED @ http://localhost:1420/@vite/client:1034
[ 3858755ms] [ERROR] WebSocket connection to 'ws://localhost:1420/' failed: Error in connection establishment: net::ERR_CONNECTION_REFUSED @ http://localhost:1420/@vite/client:1034
[ 3860675ms] [ERROR] Failed to load resource: net::ERR_CONNECTION_REFUSED @ http://localhost:1420/api/host.describe:0
[ 3860675ms] [WARNING] WebSocket connection to 'ws://localhost:1420/api/events.mux' failed: WebSocket is closed before the connection is established. @ http://localhost:1420/plugins/@deepseek-ai/dsh-client-connection/client.js?rev=bc3c3fa9d26b:10055
[ 3860675ms] [WARNING] WebSocket connection to 'ws://localhost:1420/api/events.host' failed: WebSocket is closed before the connection is established. @ http://localhost:1420/plugins/@deepseek-ai/dsh-client-connection/client.js?rev=bc3c3fa9d26b:10055
[ 3860676ms] [WARNING] [web-runtime] connection lost, retry #509 @ http://localhost:1420/plugins/@deepseek-ai/dsh-client-connection/client.js?rev=bc3c3fa9d26b:115
[ 3862675ms] [ERROR] WebSocket connection to 'ws://localhost:1420/' failed: Error in connection establishment: net::ERR_CONNECTION_REFUSED @ http://localhost:1420/@vite/client:1034
[ 3866631ms] [ERROR] WebSocket connection to 'ws://localhost:1420/' failed: Error in connection establishment: net::ERR_CONNECTION_REFUSED @ http://localhost:1420/@vite/client:1034
[ 3870407ms] [ERROR] Failed to load resource: net::ERR_CONNECTION_REFUSED @ http://localhost:1420/api/host.describe:0
[ 3870407ms] [WARNING] WebSocket connection to 'ws://localhost:1420/api/events.mux' failed: WebSocket is closed before the connection is established. @ http://localhost:1420/plugins/@deepseek-ai/dsh-client-connection/client.js?rev=bc3c3fa9d26b:10055
[ 3870407ms] [WARNING] WebSocket connection to 'ws://localhost:1420/api/events.host' failed: WebSocket is closed before the connection is established. @ http://localhost:1420/plugins/@deepseek-ai/dsh-client-connection/client.js?rev=bc3c3fa9d26b:10055
[ 3870407ms] [WARNING] [web-runtime] connection lost, retry #510 @ http://localhost:1420/plugins/@deepseek-ai/dsh-client-connection/client.js?rev=bc3c3fa9d26b:115
[ 3871626ms] [ERROR] WebSocket connection to 'ws://localhost:1420/' failed: Error in connection establishment: net::ERR_CONNECTION_REFUSED @ http://localhost:1420/@vite/client:1034
[ 3874267ms] [ERROR] WebSocket connection to 'ws://localhost:1420/' failed: Error in connection establishment: net::ERR_CONNECTION_REFUSED @ http://localhost:1420/@vite/client:1034
[ 3877280ms] [ERROR] Failed to load resource: net::ERR_CONNECTION_REFUSED @ http://localhost:1420/api/host.describe:0
[ 3877281ms] [WARNING] WebSocket connection to 'ws://localhost:1420/api/events.mux' failed: WebSocket is closed before the connection is established. @ http://localhost:1420/plugins/@deepseek-ai/dsh-client-connection/client.js?rev=bc3c3fa9d26b:10055
[ 3877281ms] [WARNING] WebSocket connection to 'ws://localhost:1420/api/events.host' failed: WebSocket is closed before the connection is established. @ http://localhost:1420/plugins/@deepseek-ai/dsh-client-connection/client.js?rev=bc3c3fa9d26b:10055
[ 3877281ms] [WARNING] [web-runtime] connection lost, retry #511 @ http://localhost:1420/plugins/@deepseek-ai/dsh-client-connection/client.js?rev=bc3c3fa9d26b:115
[ 3877627ms] [ERROR] WebSocket connection to 'ws://localhost:1420/' failed: Error in connection establishment: net::ERR_CONNECTION_REFUSED @ http://localhost:1420/@vite/client:1034
[ 3881248ms] [ERROR] WebSocket connection to 'ws://localhost:1420/' failed: Error in connection establishment: net::ERR_CONNECTION_REFUSED @ http://localhost:1420/@vite/client:1034
[ 3883041ms] [ERROR] Failed to load resource: net::ERR_CONNECTION_REFUSED @ http://localhost:1420/api/host.describe:0
[ 3883041ms] [WARNING] WebSocket connection to 'ws://localhost:1420/api/events.mux' failed: WebSocket is closed before the connection is established. @ http://localhost:1420/plugins/@deepseek-ai/dsh-client-connection/client.js?rev=bc3c3fa9d26b:10055
[ 3883041ms] [WARNING] WebSocket connection to 'ws://localhost:1420/api/events.host' failed: WebSocket is closed before the connection is established. @ http://localhost:1420/plugins/@deepseek-ai/dsh-client-connection/client.js?rev=bc3c3fa9d26b:10055
[ 3883041ms] [WARNING] [web-runtime] connection lost, retry #512 @ http://localhost:1420/plugins/@deepseek-ai/dsh-client-connection/client.js?rev=bc3c3fa9d26b:115
[ 3883867ms] [ERROR] WebSocket connection to 'ws://localhost:1420/' failed: Error in connection establishment: net::ERR_CONNECTION_REFUSED @ http://localhost:1420/@vite/client:1034
[ 3889825ms] [ERROR] WebSocket connection to 'ws://localhost:1420/' failed: Error in connection establishment: net::ERR_CONNECTION_REFUSED @ http://localhost:1420/@vite/client:1034
[ 3890647ms] [ERROR] Failed to load resource: net::ERR_CONNECTION_REFUSED @ http://localhost:1420/api/host.describe:0
[ 3890647ms] [WARNING] WebSocket connection to 'ws://localhost:1420/api/events.mux' failed: WebSocket is closed before the connection is established. @ http://localhost:1420/plugins/@deepseek-ai/dsh-client-connection/client.js?rev=bc3c3fa9d26b:10055
[ 3890647ms] [WARNING] WebSocket connection to 'ws://localhost:1420/api/events.host' failed: WebSocket is closed before the connection is established. @ http://localhost:1420/plugins/@deepseek-ai/dsh-client-connection/client.js?rev=bc3c3fa9d26b:10055
[ 3890647ms] [WARNING] [web-runtime] connection lost, retry #513 @ http://localhost:1420/plugins/@deepseek-ai/dsh-client-connection/client.js?rev=bc3c3fa9d26b:115
[ 3894583ms] [ERROR] WebSocket connection to 'ws://localhost:1420/' failed: Error in connection establishment: net::ERR_CONNECTION_REFUSED @ http://localhost:1420/@vite/client:1034
[ 3897349ms] [ERROR] WebSocket connection to 'ws://localhost:1420/' failed: Error in connection establishment: net::ERR_CONNECTION_REFUSED @ http://localhost:1420/@vite/client:1034
[ 3900130ms] [ERROR] Failed to load resource: net::ERR_CONNECTION_REFUSED @ http://localhost:1420/api/host.describe:0
[ 3900130ms] [WARNING] WebSocket connection to 'ws://localhost:1420/api/events.mux' failed: WebSocket is closed before the connection is established. @ http://localhost:1420/plugins/@deepseek-ai/dsh-client-connection/client.js?rev=bc3c3fa9d26b:10055
[ 3900130ms] [WARNING] WebSocket connection to 'ws://localhost:1420/api/events.host' failed: WebSocket is closed before the connection is established. @ http://localhost:1420/plugins/@deepseek-ai/dsh-client-connection/client.js?rev=bc3c3fa9d26b:10055
[ 3900130ms] [WARNING] [web-runtime] connection lost, retry #514 @ http://localhost:1420/plugins/@deepseek-ai/dsh-client-connection/client.js?rev=bc3c3fa9d26b:115
[ 3900696ms] [ERROR] WebSocket connection to 'ws://localhost:1420/' failed: Error in connection establishment: net::ERR_CONNECTION_REFUSED @ http://localhost:1420/@vite/client:1034
[ 3906359ms] [ERROR] WebSocket connection to 'ws://localhost:1420/' failed: Error in connection establishment: net::ERR_CONNECTION_REFUSED @ http://localhost:1420/@vite/client:1034
[ 3908430ms] [ERROR] Failed to load resource: net::ERR_CONNECTION_REFUSED @ http://localhost:1420/api/host.describe:0
[ 3908430ms] [WARNING] WebSocket connection to 'ws://localhost:1420/api/events.mux' failed: WebSocket is closed before the connection is established. @ http://localhost:1420/plugins/@deepseek-ai/dsh-client-connection/client.js?rev=bc3c3fa9d26b:10055
[ 3908430ms] [WARNING] WebSocket connection to 'ws://localhost:1420/api/events.host' failed: WebSocket is closed before the connection is established. @ http://localhost:1420/plugins/@deepseek-ai/dsh-client-connection/client.js?rev=bc3c3fa9d26b:10055
[ 3908430ms] [WARNING] [web-runtime] connection lost, retry #515 @ http://localhost:1420/plugins/@deepseek-ai/dsh-client-connection/client.js?rev=bc3c3fa9d26b:115
[ 3908903ms] [ERROR] WebSocket connection to 'ws://localhost:1420/' failed: Error in connection establishment: net::ERR_CONNECTION_REFUSED @ http://localhost:1420/@vite/client:1034
[ 3913127ms] [ERROR] WebSocket connection to 'ws://localhost:1420/' failed: Error in connection establishment: net::ERR_CONNECTION_REFUSED @ http://localhost:1420/@vite/client:1034
[ 3915827ms] [ERROR] WebSocket connection to 'ws://localhost:1420/' failed: Error in connection establishment: net::ERR_CONNECTION_REFUSED @ http://localhost:1420/@vite/client:1034
[ 3917303ms] [ERROR] Failed to load resource: net::ERR_CONNECTION_REFUSED @ http://localhost:1420/api/host.describe:0
[ 3917303ms] [WARNING] WebSocket connection to 'ws://localhost:1420/api/events.mux' failed: WebSocket is closed before the connection is established. @ http://localhost:1420/plugins/@deepseek-ai/dsh-client-connection/client.js?rev=bc3c3fa9d26b:10055
[ 3917303ms] [WARNING] WebSocket connection to 'ws://localhost:1420/api/events.host' failed: WebSocket is closed before the connection is established. @ http://localhost:1420/plugins/@deepseek-ai/dsh-client-connection/client.js?rev=bc3c3fa9d26b:10055
[ 3917303ms] [WARNING] [web-runtime] connection lost, retry #516 @ http://localhost:1420/plugins/@deepseek-ai/dsh-client-connection/client.js?rev=bc3c3fa9d26b:115
[ 3920775ms] [ERROR] WebSocket connection to 'ws://localhost:1420/' failed: Error in connection establishment: net::ERR_CONNECTION_REFUSED @ http://localhost:1420/@vite/client:1034
[ 3924827ms] [ERROR] WebSocket connection to 'ws://localhost:1420/' failed: Error in connection establishment: net::ERR_CONNECTION_REFUSED @ http://localhost:1420/@vite/client:1034
[ 3925245ms] [ERROR] Failed to load resource: net::ERR_CONNECTION_REFUSED @ http://localhost:1420/api/host.describe:0
[ 3925245ms] [WARNING] WebSocket connection to 'ws://localhost:1420/api/events.mux' failed: WebSocket is closed before the connection is established. @ http://localhost:1420/plugins/@deepseek-ai/dsh-client-connection/client.js?rev=bc3c3fa9d26b:10055
[ 3925245ms] [WARNING] WebSocket connection to 'ws://localhost:1420/api/events.host' failed: WebSocket is closed before the connection is established. @ http://localhost:1420/plugins/@deepseek-ai/dsh-client-connection/client.js?rev=bc3c3fa9d26b:10055
[ 3925245ms] [WARNING] [web-runtime] connection lost, retry #517 @ http://localhost:1420/plugins/@deepseek-ai/dsh-client-connection/client.js?rev=bc3c3fa9d26b:115
[ 3927876ms] [ERROR] WebSocket connection to 'ws://localhost:1420/' failed: Error in connection establishment: net::ERR_CONNECTION_REFUSED @ http://localhost:1420/@vite/client:1034
[ 3931056ms] [ERROR] Failed to load resource: net::ERR_CONNECTION_REFUSED @ http://localhost:1420/api/host.describe:0
[ 3931056ms] [WARNING] WebSocket connection to 'ws://localhost:1420/api/events.mux' failed: WebSocket is closed before the connection is established. @ http://localhost:1420/plugins/@deepseek-ai/dsh-client-connection/client.js?rev=bc3c3fa9d26b:10055
[ 3931056ms] [WARNING] WebSocket connection to 'ws://localhost:1420/api/events.host' failed: WebSocket is closed before the connection is established. @ http://localhost:1420/plugins/@deepseek-ai/dsh-client-connection/client.js?rev=bc3c3fa9d26b:10055
[ 3931057ms] [WARNING] [web-runtime] connection lost, retry #518 @ http://localhost:1420/plugins/@deepseek-ai/dsh-client-connection/client.js?rev=bc3c3fa9d26b:115
[ 3933489ms] [ERROR] WebSocket connection to 'ws://localhost:1420/' failed: Error in connection establishment: net::ERR_CONNECTION_REFUSED @ http://localhost:1420/@vite/client:1034
[ 3935989ms] [ERROR] WebSocket connection to 'ws://localhost:1420/' failed: Error in connection establishment: net::ERR_CONNECTION_REFUSED @ http://localhost:1420/@vite/client:1034
[ 3939163ms] [ERROR] WebSocket connection to 'ws://localhost:1420/' failed: Error in connection establishment: net::ERR_CONNECTION_REFUSED @ http://localhost:1420/@vite/client:1034
[ 3939853ms] [ERROR] Failed to load resource: net::ERR_CONNECTION_REFUSED @ http://localhost:1420/api/host.describe:0
[ 3939853ms] [WARNING] WebSocket connection to 'ws://localhost:1420/api/events.mux' failed: WebSocket is closed before the connection is established. @ http://localhost:1420/plugins/@deepseek-ai/dsh-client-connection/client.js?rev=bc3c3fa9d26b:10055
[ 3939853ms] [WARNING] WebSocket connection to 'ws://localhost:1420/api/events.host' failed: WebSocket is closed before the connection is established. @ http://localhost:1420/plugins/@deepseek-ai/dsh-client-connection/client.js?rev=bc3c3fa9d26b:10055
[ 3939853ms] [WARNING] [web-runtime] connection lost, retry #519 @ http://localhost:1420/plugins/@deepseek-ai/dsh-client-connection/client.js?rev=bc3c3fa9d26b:115
[ 3944692ms] [ERROR] WebSocket connection to 'ws://localhost:1420/' failed: Error in connection establishment: net::ERR_CONNECTION_REFUSED @ http://localhost:1420/@vite/client:1034
[ 3945567ms] [ERROR] Failed to load resource: net::ERR_CONNECTION_REFUSED @ http://localhost:1420/api/host.describe:0
[ 3945567ms] [WARNING] WebSocket connection to 'ws://localhost:1420/api/events.mux' failed: WebSocket is closed before the connection is established. @ http://localhost:1420/plugins/@deepseek-ai/dsh-client-connection/client.js?rev=bc3c3fa9d26b:10055
[ 3945567ms] [WARNING] WebSocket connection to 'ws://localhost:1420/api/events.host' failed: WebSocket is closed before the connection is established. @ http://localhost:1420/plugins/@deepseek-ai/dsh-client-connection/client.js?rev=bc3c3fa9d26b:10055
[ 3945567ms] [WARNING] [web-runtime] connection lost, retry #520 @ http://localhost:1420/plugins/@deepseek-ai/dsh-client-connection/client.js?rev=bc3c3fa9d26b:115
[ 3948129ms] [ERROR] WebSocket connection to 'ws://localhost:1420/' failed: Error in connection establishment: net::ERR_CONNECTION_REFUSED @ http://localhost:1420/@vite/client:1034
[ 3951680ms] [ERROR] Failed to load resource: net::ERR_CONNECTION_REFUSED @ http://localhost:1420/api/host.describe:0
[ 3951680ms] [WARNING] WebSocket connection to 'ws://localhost:1420/api/events.mux' failed: WebSocket is closed before the connection is established. @ http://localhost:1420/plugins/@deepseek-ai/dsh-client-connection/client.js?rev=bc3c3fa9d26b:10055
[ 3951680ms] [WARNING] WebSocket connection to 'ws://localhost:1420/api/events.host' failed: WebSocket is closed before the connection is established. @ http://localhost:1420/plugins/@deepseek-ai/dsh-client-connection/client.js?rev=bc3c3fa9d26b:10055
[ 3951680ms] [WARNING] [web-runtime] connection lost, retry #521 @ http://localhost:1420/plugins/@deepseek-ai/dsh-client-connection/client.js?rev=bc3c3fa9d26b:115
[ 3952057ms] [ERROR] WebSocket connection to 'ws://localhost:1420/' failed: Error in connection establishment: net::ERR_CONNECTION_REFUSED @ http://localhost:1420/@vite/client:1034
[ 3956337ms] [ERROR] WebSocket connection to 'ws://localhost:1420/' failed: Error in connection establishment: net::ERR_CONNECTION_REFUSED @ http://localhost:1420/@vite/client:1034
[ 3958490ms] [ERROR] Failed to load resource: net::ERR_CONNECTION_REFUSED @ http://localhost:1420/api/host.describe:0
[ 3958490ms] [WARNING] WebSocket connection to 'ws://localhost:1420/api/events.mux' failed: WebSocket is closed before the connection is established. @ http://localhost:1420/plugins/@deepseek-ai/dsh-client-connection/client.js?rev=bc3c3fa9d26b:10055
[ 3958490ms] [WARNING] WebSocket connection to 'ws://localhost:1420/api/events.host' failed: WebSocket is closed before the connection is established. @ http://localhost:1420/plugins/@deepseek-ai/dsh-client-connection/client.js?rev=bc3c3fa9d26b:10055
[ 3958490ms] [WARNING] [web-runtime] connection lost, retry #522 @ http://localhost:1420/plugins/@deepseek-ai/dsh-client-connection/client.js?rev=bc3c3fa9d26b:115
[ 3960481ms] [ERROR] WebSocket connection to 'ws://localhost:1420/' failed: Error in connection establishment: net::ERR_CONNECTION_REFUSED @ http://localhost:1420/@vite/client:1034
[ 3963538ms] [ERROR] WebSocket connection to 'ws://localhost:1420/' failed: Error in connection establishment: net::ERR_CONNECTION_REFUSED @ http://localhost:1420/@vite/client:1034
[ 3964097ms] [ERROR] Failed to load resource: net::ERR_CONNECTION_REFUSED @ http://localhost:1420/api/host.describe:0
[ 3964097ms] [WARNING] WebSocket connection to 'ws://localhost:1420/api/events.mux' failed: WebSocket is closed before the connection is established. @ http://localhost:1420/plugins/@deepseek-ai/dsh-client-connection/client.js?rev=bc3c3fa9d26b:10055
[ 3964097ms] [WARNING] WebSocket connection to 'ws://localhost:1420/api/events.host' failed: WebSocket is closed before the connection is established. @ http://localhost:1420/plugins/@deepseek-ai/dsh-client-connection/client.js?rev=bc3c3fa9d26b:10055
[ 3964097ms] [WARNING] [web-runtime] connection lost, retry #523 @ http://localhost:1420/plugins/@deepseek-ai/dsh-client-connection/client.js?rev=bc3c3fa9d26b:115
[ 3967338ms] [ERROR] WebSocket connection to 'ws://localhost:1420/' failed: Error in connection establishment: net::ERR_CONNECTION_REFUSED @ http://localhost:1420/@vite/client:1034
[ 3970981ms] [ERROR] Failed to load resource: net::ERR_CONNECTION_REFUSED @ http://localhost:1420/api/host.describe:0
[ 3970981ms] [WARNING] WebSocket connection to 'ws://localhost:1420/api/events.mux' failed: WebSocket is closed before the connection is established. @ http://localhost:1420/plugins/@deepseek-ai/dsh-client-connection/client.js?rev=bc3c3fa9d26b:10055
[ 3970981ms] [WARNING] WebSocket connection to 'ws://localhost:1420/api/events.host' failed: WebSocket is closed before the connection is established. @ http://localhost:1420/plugins/@deepseek-ai/dsh-client-connection/client.js?rev=bc3c3fa9d26b:10055
[ 3970981ms] [WARNING] [web-runtime] connection lost, retry #524 @ http://localhost:1420/plugins/@deepseek-ai/dsh-client-connection/client.js?rev=bc3c3fa9d26b:115
[ 3971013ms] [ERROR] WebSocket connection to 'ws://localhost:1420/' failed: Error in connection establishment: net::ERR_CONNECTION_REFUSED @ http://localhost:1420/@vite/client:1034
[ 3975430ms] [ERROR] WebSocket connection to 'ws://localhost:1420/' failed: Error in connection establishment: net::ERR_CONNECTION_REFUSED @ http://localhost:1420/@vite/client:1034
[ 3978509ms] [ERROR] WebSocket connection to 'ws://localhost:1420/' failed: Error in connection establishment: net::ERR_CONNECTION_REFUSED @ http://localhost:1420/@vite/client:1034
[ 3978906ms] [ERROR] Failed to load resource: net::ERR_CONNECTION_REFUSED @ http://localhost:1420/api/host.describe:0
[ 3978906ms] [WARNING] WebSocket connection to 'ws://localhost:1420/api/events.mux' failed: WebSocket is closed before the connection is established. @ http://localhost:1420/plugins/@deepseek-ai/dsh-client-connection/client.js?rev=bc3c3fa9d26b:10055
[ 3978906ms] [WARNING] WebSocket connection to 'ws://localhost:1420/api/events.host' failed: WebSocket is closed before the connection is established. @ http://localhost:1420/plugins/@deepseek-ai/dsh-client-connection/client.js?rev=bc3c3fa9d26b:10055
[ 3978906ms] [WARNING] [web-runtime] connection lost, retry #525 @ http://localhost:1420/plugins/@deepseek-ai/dsh-client-connection/client.js?rev=bc3c3fa9d26b:115
[ 3981630ms] [ERROR] WebSocket connection to 'ws://localhost:1420/' failed: Error in connection establishment: net::ERR_CONNECTION_REFUSED @ http://localhost:1420/@vite/client:1034
[ 3987330ms] [ERROR] Failed to load resource: net::ERR_CONNECTION_REFUSED @ http://localhost:1420/api/host.describe:0
[ 3987331ms] [WARNING] WebSocket connection to 'ws://localhost:1420/api/events.mux' failed: WebSocket is closed before the connection is established. @ http://localhost:1420/plugins/@deepseek-ai/dsh-client-connection/client.js?rev=bc3c3fa9d26b:10055
[ 3987331ms] [WARNING] WebSocket connection to 'ws://localhost:1420/api/events.host' failed: WebSocket is closed before the connection is established. @ http://localhost:1420/plugins/@deepseek-ai/dsh-client-connection/client.js?rev=bc3c3fa9d26b:10055
[ 3987331ms] [WARNING] [web-runtime] connection lost, retry #526 @ http://localhost:1420/plugins/@deepseek-ai/dsh-client-connection/client.js?rev=bc3c3fa9d26b:115
[ 3987369ms] [ERROR] WebSocket connection to 'ws://localhost:1420/' failed: Error in connection establishment: net::ERR_CONNECTION_REFUSED @ http://localhost:1420/@vite/client:1034
[ 3990826ms] [ERROR] WebSocket connection to 'ws://localhost:1420/' failed: Error in connection establishment: net::ERR_CONNECTION_REFUSED @ http://localhost:1420/@vite/client:1034
[ 3993695ms] [ERROR] WebSocket connection to 'ws://localhost:1420/' failed: Error in connection establishment: net::ERR_CONNECTION_REFUSED @ http://localhost:1420/@vite/client:1034
[ 3995043ms] [ERROR] Failed to load resource: net::ERR_CONNECTION_REFUSED @ http://localhost:1420/api/host.describe:0
[ 3995043ms] [WARNING] WebSocket connection to 'ws://localhost:1420/api/events.mux' failed: WebSocket is closed before the connection is established. @ http://localhost:1420/plugins/@deepseek-ai/dsh-client-connection/client.js?rev=bc3c3fa9d26b:10055
[ 3995043ms] [WARNING] WebSocket connection to 'ws://localhost:1420/api/events.host' failed: WebSocket is closed before the connection is established. @ http://localhost:1420/plugins/@deepseek-ai/dsh-client-connection/client.js?rev=bc3c3fa9d26b:10055
[ 3995043ms] [WARNING] [web-runtime] connection lost, retry #527 @ http://localhost:1420/plugins/@deepseek-ai/dsh-client-connection/client.js?rev=bc3c3fa9d26b:115
[ 3999618ms] [ERROR] WebSocket connection to 'ws://localhost:1420/' failed: Error in connection establishment: net::ERR_CONNECTION_REFUSED @ http://localhost:1420/@vite/client:1034
[ 4003017ms] [ERROR] Failed to load resource: net::ERR_CONNECTION_REFUSED @ http://localhost:1420/api/host.describe:0
[ 4003017ms] [WARNING] WebSocket connection to 'ws://localhost:1420/api/events.mux' failed: WebSocket is closed before the connection is established. @ http://localhost:1420/plugins/@deepseek-ai/dsh-client-connection/client.js?rev=bc3c3fa9d26b:10055
[ 4003017ms] [WARNING] WebSocket connection to 'ws://localhost:1420/api/events.host' failed: WebSocket is closed before the connection is established. @ http://localhost:1420/plugins/@deepseek-ai/dsh-client-connection/client.js?rev=bc3c3fa9d26b:10055
[ 4003017ms] [WARNING] [web-runtime] connection lost, retry #528 @ http://localhost:1420/plugins/@deepseek-ai/dsh-client-connection/client.js?rev=bc3c3fa9d26b:115
[ 4005159ms] [ERROR] WebSocket connection to 'ws://localhost:1420/' failed: Error in connection establishment: net::ERR_CONNECTION_REFUSED @ http://localhost:1420/@vite/client:1034
[ 4010871ms] [ERROR] WebSocket connection to 'ws://localhost:1420/' failed: Error in connection establishment: net::ERR_CONNECTION_REFUSED @ http://localhost:1420/@vite/client:1034
[ 4011075ms] [ERROR] Failed to load resource: net::ERR_CONNECTION_REFUSED @ http://localhost:1420/api/host.describe:0
[ 4011075ms] [WARNING] WebSocket connection to 'ws://localhost:1420/api/events.mux' failed: WebSocket is closed before the connection is established. @ http://localhost:1420/plugins/@deepseek-ai/dsh-client-connection/client.js?rev=bc3c3fa9d26b:10055
[ 4011075ms] [WARNING] WebSocket connection to 'ws://localhost:1420/api/events.host' failed: WebSocket is closed before the connection is established. @ http://localhost:1420/plugins/@deepseek-ai/dsh-client-connection/client.js?rev=bc3c3fa9d26b:10055
[ 4011075ms] [WARNING] [web-runtime] connection lost, retry #529 @ http://localhost:1420/plugins/@deepseek-ai/dsh-client-connection/client.js?rev=bc3c3fa9d26b:115
[ 4014898ms] [ERROR] WebSocket connection to 'ws://localhost:1420/' failed: Error in connection establishment: net::ERR_CONNECTION_REFUSED @ http://localhost:1420/@vite/client:1034
[ 4016319ms] [ERROR] Failed to load resource: net::ERR_CONNECTION_REFUSED @ http://localhost:1420/api/host.describe:0
[ 4016320ms] [WARNING] WebSocket connection to 'ws://localhost:1420/api/events.mux' failed: WebSocket is closed before the connection is established. @ http://localhost:1420/plugins/@deepseek-ai/dsh-client-connection/client.js?rev=bc3c3fa9d26b:10055
[ 4016320ms] [WARNING] WebSocket connection to 'ws://localhost:1420/api/events.host' failed: WebSocket is closed before the connection is established. @ http://localhost:1420/plugins/@deepseek-ai/dsh-client-connection/client.js?rev=bc3c3fa9d26b:10055
[ 4016320ms] [WARNING] [web-runtime] connection lost, retry #530 @ http://localhost:1420/plugins/@deepseek-ai/dsh-client-connection/client.js?rev=bc3c3fa9d26b:115
[ 4020560ms] [ERROR] WebSocket connection to 'ws://localhost:1420/' failed: Error in connection establishment: net::ERR_CONNECTION_REFUSED @ http://localhost:1420/@vite/client:1034
[ 4022885ms] [ERROR] WebSocket connection to 'ws://localhost:1420/' failed: Error in connection establishment: net::ERR_CONNECTION_REFUSED @ http://localhost:1420/@vite/client:1034
[ 4024139ms] [ERROR] Failed to load resource: net::ERR_CONNECTION_REFUSED @ http://localhost:1420/api/host.describe:0
[ 4024140ms] [WARNING] WebSocket connection to 'ws://localhost:1420/api/events.mux' failed: WebSocket is closed before the connection is established. @ http://localhost:1420/plugins/@deepseek-ai/dsh-client-connection/client.js?rev=bc3c3fa9d26b:10055
[ 4024140ms] [WARNING] WebSocket connection to 'ws://localhost:1420/api/events.host' failed: WebSocket is closed before the connection is established. @ http://localhost:1420/plugins/@deepseek-ai/dsh-client-connection/client.js?rev=bc3c3fa9d26b:10055
[ 4024140ms] [WARNING] [web-runtime] connection lost, retry #531 @ http://localhost:1420/plugins/@deepseek-ai/dsh-client-connection/client.js?rev=bc3c3fa9d26b:115
[ 4025301ms] [ERROR] WebSocket connection to 'ws://localhost:1420/' failed: Error in connection establishment: net::ERR_CONNECTION_REFUSED @ http://localhost:1420/@vite/client:1034
[ 4028699ms] [ERROR] WebSocket connection to 'ws://localhost:1420/' failed: Error in connection establishment: net::ERR_CONNECTION_REFUSED @ http://localhost:1420/@vite/client:1034
[ 4029836ms] [ERROR] Failed to load resource: net::ERR_CONNECTION_REFUSED @ http://localhost:1420/api/host.describe:0
[ 4029836ms] [WARNING] WebSocket connection to 'ws://localhost:1420/api/events.mux' failed: WebSocket is closed before the connection is established. @ http://localhost:1420/plugins/@deepseek-ai/dsh-client-connection/client.js?rev=bc3c3fa9d26b:10055
[ 4029836ms] [WARNING] WebSocket connection to 'ws://localhost:1420/api/events.host' failed: WebSocket is closed before the connection is established. @ http://localhost:1420/plugins/@deepseek-ai/dsh-client-connection/client.js?rev=bc3c3fa9d26b:10055
[ 4029836ms] [WARNING] [web-runtime] connection lost, retry #532 @ http://localhost:1420/plugins/@deepseek-ai/dsh-client-connection/client.js?rev=bc3c3fa9d26b:115
[ 4034008ms] [ERROR] WebSocket connection to 'ws://localhost:1420/' failed: Error in connection establishment: net::ERR_CONNECTION_REFUSED @ http://localhost:1420/@vite/client:1034
[ 4035676ms] [ERROR] Failed to load resource: net::ERR_CONNECTION_REFUSED @ http://localhost:1420/api/host.describe:0
[ 4035676ms] [WARNING] WebSocket connection to 'ws://localhost:1420/api/events.mux' failed: WebSocket is closed before the connection is established. @ http://localhost:1420/plugins/@deepseek-ai/dsh-client-connection/client.js?rev=bc3c3fa9d26b:10055
[ 4035676ms] [WARNING] WebSocket connection to 'ws://localhost:1420/api/events.host' failed: WebSocket is closed before the connection is established. @ http://localhost:1420/plugins/@deepseek-ai/dsh-client-connection/client.js?rev=bc3c3fa9d26b:10055
[ 4035676ms] [WARNING] [web-runtime] connection lost, retry #533 @ http://localhost:1420/plugins/@deepseek-ai/dsh-client-connection/client.js?rev=bc3c3fa9d26b:115
[ 4036196ms] [ERROR] WebSocket connection to 'ws://localhost:1420/' failed: Error in connection establishment: net::ERR_CONNECTION_REFUSED @ http://localhost:1420/@vite/client:1034
[ 4040035ms] [ERROR] WebSocket connection to 'ws://localhost:1420/' failed: Error in connection establishment: net::ERR_CONNECTION_REFUSED @ http://localhost:1420/@vite/client:1034
[ 4042262ms] [ERROR] WebSocket connection to 'ws://localhost:1420/' failed: Error in connection establishment: net::ERR_CONNECTION_REFUSED @ http://localhost:1420/@vite/client:1034
[ 4044699ms] [ERROR] Failed to load resource: net::ERR_CONNECTION_REFUSED @ http://localhost:1420/api/host.describe:0
[ 4044699ms] [WARNING] WebSocket connection to 'ws://localhost:1420/api/events.mux' failed: WebSocket is closed before the connection is established. @ http://localhost:1420/plugins/@deepseek-ai/dsh-client-connection/client.js?rev=bc3c3fa9d26b:10055
[ 4044699ms] [WARNING] WebSocket connection to 'ws://localhost:1420/api/events.host' failed: WebSocket is closed before the connection is established. @ http://localhost:1420/plugins/@deepseek-ai/dsh-client-connection/client.js?rev=bc3c3fa9d26b:10055
[ 4044699ms] [WARNING] [web-runtime] connection lost, retry #534 @ http://localhost:1420/plugins/@deepseek-ai/dsh-client-connection/client.js?rev=bc3c3fa9d26b:115
[ 4046459ms] [ERROR] WebSocket connection to 'ws://localhost:1420/' failed: Error in connection establishment: net::ERR_CONNECTION_REFUSED @ http://localhost:1420/@vite/client:1034
[ 4050048ms] [ERROR] Failed to load resource: net::ERR_CONNECTION_REFUSED @ http://localhost:1420/api/host.describe:0
[ 4050049ms] [WARNING] WebSocket connection to 'ws://localhost:1420/api/events.mux' failed: WebSocket is closed before the connection is established. @ http://localhost:1420/plugins/@deepseek-ai/dsh-client-connection/client.js?rev=bc3c3fa9d26b:10055
[ 4050049ms] [WARNING] WebSocket connection to 'ws://localhost:1420/api/events.host' failed: WebSocket is closed before the connection is established. @ http://localhost:1420/plugins/@deepseek-ai/dsh-client-connection/client.js?rev=bc3c3fa9d26b:10055
[ 4050049ms] [WARNING] [web-runtime] connection lost, retry #535 @ http://localhost:1420/plugins/@deepseek-ai/dsh-client-connection/client.js?rev=bc3c3fa9d26b:115
[ 4051576ms] [ERROR] WebSocket connection to 'ws://localhost:1420/' failed: Error in connection establishment: net::ERR_CONNECTION_REFUSED @ http://localhost:1420/@vite/client:1034
[ 4055314ms] [ERROR] WebSocket connection to 'ws://localhost:1420/' failed: Error in connection establishment: net::ERR_CONNECTION_REFUSED @ http://localhost:1420/@vite/client:1034
[ 4057668ms] [ERROR] WebSocket connection to 'ws://localhost:1420/' failed: Error in connection establishment: net::ERR_CONNECTION_REFUSED @ http://localhost:1420/@vite/client:1034
[ 4059941ms] [ERROR] Failed to load resource: net::ERR_CONNECTION_REFUSED @ http://localhost:1420/api/host.describe:0
[ 4059941ms] [WARNING] WebSocket connection to 'ws://localhost:1420/api/events.mux' failed: WebSocket is closed before the connection is established. @ http://localhost:1420/plugins/@deepseek-ai/dsh-client-connection/client.js?rev=bc3c3fa9d26b:10055
[ 4059941ms] [WARNING] WebSocket connection to 'ws://localhost:1420/api/events.host' failed: WebSocket is closed before the connection is established. @ http://localhost:1420/plugins/@deepseek-ai/dsh-client-connection/client.js?rev=bc3c3fa9d26b:10055
[ 4059941ms] [WARNING] [web-runtime] connection lost, retry #536 @ http://localhost:1420/plugins/@deepseek-ai/dsh-client-connection/client.js?rev=bc3c3fa9d26b:115
[ 4063385ms] [ERROR] WebSocket connection to 'ws://localhost:1420/' failed: Error in connection establishment: net::ERR_CONNECTION_REFUSED @ http://localhost:1420/@vite/client:1034
[ 4065505ms] [ERROR] WebSocket connection to 'ws://localhost:1420/' failed: Error in connection establishment: net::ERR_CONNECTION_REFUSED @ http://localhost:1420/@vite/client:1034
[ 4066909ms] [ERROR] Failed to load resource: net::ERR_CONNECTION_REFUSED @ http://localhost:1420/api/host.describe:0
[ 4066909ms] [WARNING] WebSocket connection to 'ws://localhost:1420/api/events.mux' failed: WebSocket is closed before the connection is established. @ http://localhost:1420/plugins/@deepseek-ai/dsh-client-connection/client.js?rev=bc3c3fa9d26b:10055
[ 4066909ms] [WARNING] WebSocket connection to 'ws://localhost:1420/api/events.host' failed: WebSocket is closed before the connection is established. @ http://localhost:1420/plugins/@deepseek-ai/dsh-client-connection/client.js?rev=bc3c3fa9d26b:10055
[ 4066909ms] [WARNING] [web-runtime] connection lost, retry #537 @ http://localhost:1420/plugins/@deepseek-ai/dsh-client-connection/client.js?rev=bc3c3fa9d26b:115
[ 4070815ms] [ERROR] WebSocket connection to 'ws://localhost:1420/' failed: Error in connection establishment: net::ERR_CONNECTION_REFUSED @ http://localhost:1420/@vite/client:1034
[ 4072076ms] [ERROR] Failed to load resource: net::ERR_CONNECTION_REFUSED @ http://localhost:1420/api/host.describe:0
[ 4072076ms] [WARNING] WebSocket connection to 'ws://localhost:1420/api/events.mux' failed: WebSocket is closed before the connection is established. @ http://localhost:1420/plugins/@deepseek-ai/dsh-client-connection/client.js?rev=bc3c3fa9d26b:10055
[ 4072077ms] [WARNING] WebSocket connection to 'ws://localhost:1420/api/events.host' failed: WebSocket is closed before the connection is established. @ http://localhost:1420/plugins/@deepseek-ai/dsh-client-connection/client.js?rev=bc3c3fa9d26b:10055
[ 4072077ms] [WARNING] [web-runtime] connection lost, retry #538 @ http://localhost:1420/plugins/@deepseek-ai/dsh-client-connection/client.js?rev=bc3c3fa9d26b:115
[ 4076172ms] [ERROR] WebSocket connection to 'ws://localhost:1420/' failed: Error in connection establishment: net::ERR_CONNECTION_REFUSED @ http://localhost:1420/@vite/client:1034
[ 4078527ms] [ERROR] Failed to load resource: net::ERR_CONNECTION_REFUSED @ http://localhost:1420/api/host.describe:0
[ 4078527ms] [WARNING] WebSocket connection to 'ws://localhost:1420/api/events.mux' failed: WebSocket is closed before the connection is established. @ http://localhost:1420/plugins/@deepseek-ai/dsh-client-connection/client.js?rev=bc3c3fa9d26b:10055
[ 4078527ms] [WARNING] WebSocket connection to 'ws://localhost:1420/api/events.host' failed: WebSocket is closed before the connection is established. @ http://localhost:1420/plugins/@deepseek-ai/dsh-client-connection/client.js?rev=bc3c3fa9d26b:10055
[ 4078527ms] [WARNING] [web-runtime] connection lost, retry #539 @ http://localhost:1420/plugins/@deepseek-ai/dsh-client-connection/client.js?rev=bc3c3fa9d26b:115
[ 4079962ms] [ERROR] WebSocket connection to 'ws://localhost:1420/' failed: Error in connection establishment: net::ERR_CONNECTION_REFUSED @ http://localhost:1420/@vite/client:1034
[ 4083201ms] [ERROR] WebSocket connection to 'ws://localhost:1420/' failed: Error in connection establishment: net::ERR_CONNECTION_REFUSED @ http://localhost:1420/@vite/client:1034
[ 4086068ms] [ERROR] WebSocket connection to 'ws://localhost:1420/' failed: Error in connection establishment: net::ERR_CONNECTION_REFUSED @ http://localhost:1420/@vite/client:1034
[ 4087676ms] [ERROR] Failed to load resource: net::ERR_CONNECTION_REFUSED @ http://localhost:1420/api/host.describe:0
[ 4087676ms] [WARNING] WebSocket connection to 'ws://localhost:1420/api/events.mux' failed: WebSocket is closed before the connection is established. @ http://localhost:1420/plugins/@deepseek-ai/dsh-client-connection/client.js?rev=bc3c3fa9d26b:10055
[ 4087676ms] [WARNING] WebSocket connection to 'ws://localhost:1420/api/events.host' failed: WebSocket is closed before the connection is established. @ http://localhost:1420/plugins/@deepseek-ai/dsh-client-connection/client.js?rev=bc3c3fa9d26b:10055
[ 4087676ms] [WARNING] [web-runtime] connection lost, retry #540 @ http://localhost:1420/plugins/@deepseek-ai/dsh-client-connection/client.js?rev=bc3c3fa9d26b:115
[ 4092066ms] [ERROR] WebSocket connection to 'ws://localhost:1420/' failed: Error in connection establishment: net::ERR_CONNECTION_REFUSED @ http://localhost:1420/@vite/client:1034
[ 4092799ms] [ERROR] Failed to load resource: net::ERR_CONNECTION_REFUSED @ http://localhost:1420/api/host.describe:0
[ 4092799ms] [WARNING] WebSocket connection to 'ws://localhost:1420/api/events.mux' failed: WebSocket is closed before the connection is established. @ http://localhost:1420/plugins/@deepseek-ai/dsh-client-connection/client.js?rev=bc3c3fa9d26b:10055
[ 4092799ms] [WARNING] WebSocket connection to 'ws://localhost:1420/api/events.host' failed: WebSocket is closed before the connection is established. @ http://localhost:1420/plugins/@deepseek-ai/dsh-client-connection/client.js?rev=bc3c3fa9d26b:10055
[ 4092799ms] [WARNING] [web-runtime] connection lost, retry #541 @ http://localhost:1420/plugins/@deepseek-ai/dsh-client-connection/client.js?rev=bc3c3fa9d26b:115
[ 4096754ms] [ERROR] WebSocket connection to 'ws://localhost:1420/' failed: Error in connection establishment: net::ERR_CONNECTION_REFUSED @ http://localhost:1420/@vite/client:1034
[ 4098219ms] [ERROR] Failed to load resource: net::ERR_CONNECTION_REFUSED @ http://localhost:1420/api/host.describe:0
[ 4098219ms] [WARNING] WebSocket connection to 'ws://localhost:1420/api/events.mux' failed: WebSocket is closed before the connection is established. @ http://localhost:1420/plugins/@deepseek-ai/dsh-client-connection/client.js?rev=bc3c3fa9d26b:10055
[ 4098219ms] [WARNING] WebSocket connection to 'ws://localhost:1420/api/events.host' failed: WebSocket is closed before the connection is established. @ http://localhost:1420/plugins/@deepseek-ai/dsh-client-connection/client.js?rev=bc3c3fa9d26b:10055
[ 4098219ms] [WARNING] [web-runtime] connection lost, retry #542 @ http://localhost:1420/plugins/@deepseek-ai/dsh-client-connection/client.js?rev=bc3c3fa9d26b:115
[ 4100984ms] [ERROR] WebSocket connection to 'ws://localhost:1420/' failed: Error in connection establishment: net::ERR_CONNECTION_REFUSED @ http://localhost:1420/@vite/client:1034
[ 4103399ms] [ERROR] WebSocket connection to 'ws://localhost:1420/' failed: Error in connection establishment: net::ERR_CONNECTION_REFUSED @ http://localhost:1420/@vite/client:1034
[ 4105520ms] [ERROR] WebSocket connection to 'ws://localhost:1420/' failed: Error in connection establishment: net::ERR_CONNECTION_REFUSED @ http://localhost:1420/@vite/client:1034
[ 4107099ms] [ERROR] Failed to load resource: net::ERR_CONNECTION_REFUSED @ http://localhost:1420/api/host.describe:0
[ 4107099ms] [WARNING] WebSocket connection to 'ws://localhost:1420/api/events.mux' failed: WebSocket is closed before the connection is established. @ http://localhost:1420/plugins/@deepseek-ai/dsh-client-connection/client.js?rev=bc3c3fa9d26b:10055
[ 4107099ms] [WARNING] WebSocket connection to 'ws://localhost:1420/api/events.host' failed: WebSocket is closed before the connection is established. @ http://localhost:1420/plugins/@deepseek-ai/dsh-client-connection/client.js?rev=bc3c3fa9d26b:10055
[ 4107099ms] [WARNING] [web-runtime] connection lost, retry #543 @ http://localhost:1420/plugins/@deepseek-ai/dsh-client-connection/client.js?rev=bc3c3fa9d26b:115
[ 4107843ms] [ERROR] WebSocket connection to 'ws://localhost:1420/' failed: Error in connection establishment: net::ERR_CONNECTION_REFUSED @ http://localhost:1420/@vite/client:1034
[ 4111876ms] [ERROR] WebSocket connection to 'ws://localhost:1420/' failed: Error in connection establishment: net::ERR_CONNECTION_REFUSED @ http://localhost:1420/@vite/client:1034
[ 4115389ms] [ERROR] WebSocket connection to 'ws://localhost:1420/' failed: Error in connection establishment: net::ERR_CONNECTION_REFUSED @ http://localhost:1420/@vite/client:1034
[ 4115436ms] [ERROR] Failed to load resource: net::ERR_CONNECTION_REFUSED @ http://localhost:1420/api/host.describe:0
[ 4115436ms] [WARNING] WebSocket connection to 'ws://localhost:1420/api/events.mux' failed: WebSocket is closed before the connection is established. @ http://localhost:1420/plugins/@deepseek-ai/dsh-client-connection/client.js?rev=bc3c3fa9d26b:10055
[ 4115436ms] [WARNING] WebSocket connection to 'ws://localhost:1420/api/events.host' failed: WebSocket is closed before the connection is established. @ http://localhost:1420/plugins/@deepseek-ai/dsh-client-connection/client.js?rev=bc3c3fa9d26b:10055
[ 4115436ms] [WARNING] [web-runtime] connection lost, retry #544 @ http://localhost:1420/plugins/@deepseek-ai/dsh-client-connection/client.js?rev=bc3c3fa9d26b:115
[ 4120358ms] [ERROR] WebSocket connection to 'ws://localhost:1420/' failed: Error in connection establishment: net::ERR_CONNECTION_REFUSED @ http://localhost:1420/@vite/client:1034
[ 4123759ms] [ERROR] WebSocket connection to 'ws://localhost:1420/' failed: Error in connection establishment: net::ERR_CONNECTION_REFUSED @ http://localhost:1420/@vite/client:1034
[ 4124378ms] [ERROR] Failed to load resource: net::ERR_CONNECTION_REFUSED @ http://localhost:1420/api/host.describe:0
[ 4124378ms] [WARNING] WebSocket connection to 'ws://localhost:1420/api/events.mux' failed: WebSocket is closed before the connection is established. @ http://localhost:1420/plugins/@deepseek-ai/dsh-client-connection/client.js?rev=bc3c3fa9d26b:10055
[ 4124378ms] [WARNING] WebSocket connection to 'ws://localhost:1420/api/events.host' failed: WebSocket is closed before the connection is established. @ http://localhost:1420/plugins/@deepseek-ai/dsh-client-connection/client.js?rev=bc3c3fa9d26b:10055
[ 4124379ms] [WARNING] [web-runtime] connection lost, retry #545 @ http://localhost:1420/plugins/@deepseek-ai/dsh-client-connection/client.js?rev=bc3c3fa9d26b:115
[ 4128366ms] [ERROR] WebSocket connection to 'ws://localhost:1420/' failed: Error in connection establishment: net::ERR_CONNECTION_REFUSED @ http://localhost:1420/@vite/client:1034
[ 4129553ms] [ERROR] Failed to load resource: net::ERR_CONNECTION_REFUSED @ http://localhost:1420/api/host.describe:0
[ 4129553ms] [WARNING] WebSocket connection to 'ws://localhost:1420/api/events.mux' failed: WebSocket is closed before the connection is established. @ http://localhost:1420/plugins/@deepseek-ai/dsh-client-connection/client.js?rev=bc3c3fa9d26b:10055
[ 4129553ms] [WARNING] WebSocket connection to 'ws://localhost:1420/api/events.host' failed: WebSocket is closed before the connection is established. @ http://localhost:1420/plugins/@deepseek-ai/dsh-client-connection/client.js?rev=bc3c3fa9d26b:10055
[ 4129553ms] [WARNING] [web-runtime] connection lost, retry #546 @ http://localhost:1420/plugins/@deepseek-ai/dsh-client-connection/client.js?rev=bc3c3fa9d26b:115
[ 4133631ms] [ERROR] WebSocket connection to 'ws://localhost:1420/' failed: Error in connection establishment: net::ERR_CONNECTION_REFUSED @ http://localhost:1420/@vite/client:1034
[ 4136115ms] [ERROR] WebSocket connection to 'ws://localhost:1420/' failed: Error in connection establishment: net::ERR_CONNECTION_REFUSED @ http://localhost:1420/@vite/client:1034
[ 4137972ms] [ERROR] Failed to load resource: net::ERR_CONNECTION_REFUSED @ http://localhost:1420/api/host.describe:0
[ 4137972ms] [WARNING] WebSocket connection to 'ws://localhost:1420/api/events.mux' failed: WebSocket is closed before the connection is established. @ http://localhost:1420/plugins/@deepseek-ai/dsh-client-connection/client.js?rev=bc3c3fa9d26b:10055
[ 4137972ms] [WARNING] WebSocket connection to 'ws://localhost:1420/api/events.host' failed: WebSocket is closed before the connection is established. @ http://localhost:1420/plugins/@deepseek-ai/dsh-client-connection/client.js?rev=bc3c3fa9d26b:10055
[ 4137973ms] [WARNING] [web-runtime] connection lost, retry #547 @ http://localhost:1420/plugins/@deepseek-ai/dsh-client-connection/client.js?rev=bc3c3fa9d26b:115
[ 4140931ms] [ERROR] WebSocket connection to 'ws://localhost:1420/' failed: Error in connection establishment: net::ERR_CONNECTION_REFUSED @ http://localhost:1420/@vite/client:1034
[ 4144343ms] [ERROR] WebSocket connection to 'ws://localhost:1420/' failed: Error in connection establishment: net::ERR_CONNECTION_REFUSED @ http://localhost:1420/@vite/client:1034
[ 4144343ms] [ERROR] Failed to load resource: net::ERR_CONNECTION_REFUSED @ http://localhost:1420/api/host.describe:0
[ 4144343ms] [WARNING] WebSocket connection to 'ws://localhost:1420/api/events.mux' failed: WebSocket is closed before the connection is established. @ http://localhost:1420/plugins/@deepseek-ai/dsh-client-connection/client.js?rev=bc3c3fa9d26b:10055
[ 4144343ms] [WARNING] WebSocket connection to 'ws://localhost:1420/api/events.host' failed: WebSocket is closed before the connection is established. @ http://localhost:1420/plugins/@deepseek-ai/dsh-client-connection/client.js?rev=bc3c3fa9d26b:10055
[ 4144344ms] [WARNING] [web-runtime] connection lost, retry #548 @ http://localhost:1420/plugins/@deepseek-ai/dsh-client-connection/client.js?rev=bc3c3fa9d26b:115
[ 4147882ms] [ERROR] WebSocket connection to 'ws://localhost:1420/' failed: Error in connection establishment: net::ERR_CONNECTION_REFUSED @ http://localhost:1420/@vite/client:1034
[ 4152569ms] [ERROR] WebSocket connection to 'ws://localhost:1420/' failed: Error in connection establishment: net::ERR_CONNECTION_REFUSED @ http://localhost:1420/@vite/client:1034
[ 4154159ms] [ERROR] Failed to load resource: net::ERR_CONNECTION_REFUSED @ http://localhost:1420/api/host.describe:0
[ 4154160ms] [WARNING] WebSocket connection to 'ws://localhost:1420/api/events.mux' failed: WebSocket is closed before the connection is established. @ http://localhost:1420/plugins/@deepseek-ai/dsh-client-connection/client.js?rev=bc3c3fa9d26b:10055
[ 4154160ms] [WARNING] WebSocket connection to 'ws://localhost:1420/api/events.host' failed: WebSocket is closed before the connection is established. @ http://localhost:1420/plugins/@deepseek-ai/dsh-client-connection/client.js?rev=bc3c3fa9d26b:10055
[ 4154160ms] [WARNING] [web-runtime] connection lost, retry #549 @ http://localhost:1420/plugins/@deepseek-ai/dsh-client-connection/client.js?rev=bc3c3fa9d26b:115
[ 4155107ms] [ERROR] WebSocket connection to 'ws://localhost:1420/' failed: Error in connection establishment: net::ERR_CONNECTION_REFUSED @ http://localhost:1420/@vite/client:1034
[ 4159727ms] [ERROR] WebSocket connection to 'ws://localhost:1420/' failed: Error in connection establishment: net::ERR_CONNECTION_REFUSED @ http://localhost:1420/@vite/client:1034
[ 4161607ms] [ERROR] Failed to load resource: net::ERR_CONNECTION_REFUSED @ http://localhost:1420/api/host.describe:0
[ 4161607ms] [WARNING] WebSocket connection to 'ws://localhost:1420/api/events.mux' failed: WebSocket is closed before the connection is established. @ http://localhost:1420/plugins/@deepseek-ai/dsh-client-connection/client.js?rev=bc3c3fa9d26b:10055
[ 4161607ms] [WARNING] WebSocket connection to 'ws://localhost:1420/api/events.host' failed: WebSocket is closed before the connection is established. @ http://localhost:1420/plugins/@deepseek-ai/dsh-client-connection/client.js?rev=bc3c3fa9d26b:10055
[ 4161607ms] [WARNING] [web-runtime] connection lost, retry #550 @ http://localhost:1420/plugins/@deepseek-ai/dsh-client-connection/client.js?rev=bc3c3fa9d26b:115
[ 4162196ms] [ERROR] WebSocket connection to 'ws://localhost:1420/' failed: Error in connection establishment: net::ERR_CONNECTION_REFUSED @ http://localhost:1420/@vite/client:1034
[ 4166458ms] [ERROR] WebSocket connection to 'ws://localhost:1420/' failed: Error in connection establishment: net::ERR_CONNECTION_REFUSED @ http://localhost:1420/@vite/client:1034
[ 4166806ms] [ERROR] Failed to load resource: net::ERR_CONNECTION_REFUSED @ http://localhost:1420/api/host.describe:0
[ 4166806ms] [WARNING] WebSocket connection to 'ws://localhost:1420/api/events.mux' failed: WebSocket is closed before the connection is established. @ http://localhost:1420/plugins/@deepseek-ai/dsh-client-connection/client.js?rev=bc3c3fa9d26b:10055
[ 4166806ms] [WARNING] WebSocket connection to 'ws://localhost:1420/api/events.host' failed: WebSocket is closed before the connection is established. @ http://localhost:1420/plugins/@deepseek-ai/dsh-client-connection/client.js?rev=bc3c3fa9d26b:10055
[ 4166807ms] [WARNING] [web-runtime] connection lost, retry #551 @ http://localhost:1420/plugins/@deepseek-ai/dsh-client-connection/client.js?rev=bc3c3fa9d26b:115
[ 4172115ms] [ERROR] WebSocket connection to 'ws://localhost:1420/' failed: Error in connection establishment: net::ERR_CONNECTION_REFUSED @ http://localhost:1420/@vite/client:1034
[ 4175647ms] [ERROR] Failed to load resource: net::ERR_CONNECTION_REFUSED @ http://localhost:1420/api/host.describe:0
[ 4175647ms] [WARNING] WebSocket connection to 'ws://localhost:1420/api/events.mux' failed: WebSocket is closed before the connection is established. @ http://localhost:1420/plugins/@deepseek-ai/dsh-client-connection/client.js?rev=bc3c3fa9d26b:10055
[ 4175647ms] [WARNING] WebSocket connection to 'ws://localhost:1420/api/events.host' failed: WebSocket is closed before the connection is established. @ http://localhost:1420/plugins/@deepseek-ai/dsh-client-connection/client.js?rev=bc3c3fa9d26b:10055
[ 4175647ms] [WARNING] [web-runtime] connection lost, retry #552 @ http://localhost:1420/plugins/@deepseek-ai/dsh-client-connection/client.js?rev=bc3c3fa9d26b:115
[ 4175719ms] [ERROR] WebSocket connection to 'ws://localhost:1420/' failed: Error in connection establishment: net::ERR_CONNECTION_REFUSED @ http://localhost:1420/@vite/client:1034
[ 4179494ms] [ERROR] WebSocket connection to 'ws://localhost:1420/' failed: Error in connection establishment: net::ERR_CONNECTION_REFUSED @ http://localhost:1420/@vite/client:1034
[ 4181489ms] [ERROR] Failed to load resource: net::ERR_CONNECTION_REFUSED @ http://localhost:1420/api/host.describe:0
[ 4181489ms] [WARNING] WebSocket connection to 'ws://localhost:1420/api/events.mux' failed: WebSocket is closed before the connection is established. @ http://localhost:1420/plugins/@deepseek-ai/dsh-client-connection/client.js?rev=bc3c3fa9d26b:10055
[ 4181489ms] [WARNING] WebSocket connection to 'ws://localhost:1420/api/events.host' failed: WebSocket is closed before the connection is established. @ http://localhost:1420/plugins/@deepseek-ai/dsh-client-connection/client.js?rev=bc3c3fa9d26b:10055
[ 4181489ms] [WARNING] [web-runtime] connection lost, retry #553 @ http://localhost:1420/plugins/@deepseek-ai/dsh-client-connection/client.js?rev=bc3c3fa9d26b:115
[ 4181619ms] [ERROR] WebSocket connection to 'ws://localhost:1420/' failed: Error in connection establishment: net::ERR_CONNECTION_REFUSED @ http://localhost:1420/@vite/client:1034
[ 4183676ms] [ERROR] WebSocket connection to 'ws://localhost:1420/' failed: Error in connection establishment: net::ERR_CONNECTION_REFUSED @ http://localhost:1420/@vite/client:1034
[ 4186707ms] [ERROR] Failed to load resource: net::ERR_CONNECTION_REFUSED @ http://localhost:1420/api/host.describe:0
[ 4186707ms] [WARNING] WebSocket connection to 'ws://localhost:1420/api/events.mux' failed: WebSocket is closed before the connection is established. @ http://localhost:1420/plugins/@deepseek-ai/dsh-client-connection/client.js?rev=bc3c3fa9d26b:10055
[ 4186707ms] [WARNING] WebSocket connection to 'ws://localhost:1420/api/events.host' failed: WebSocket is closed before the connection is established. @ http://localhost:1420/plugins/@deepseek-ai/dsh-client-connection/client.js?rev=bc3c3fa9d26b:10055
[ 4186708ms] [WARNING] [web-runtime] connection lost, retry #554 @ http://localhost:1420/plugins/@deepseek-ai/dsh-client-connection/client.js?rev=bc3c3fa9d26b:115
[ 4188569ms] [ERROR] WebSocket connection to 'ws://localhost:1420/' failed: Error in connection establishment: net::ERR_CONNECTION_REFUSED @ http://localhost:1420/@vite/client:1034
[ 4193680ms] [ERROR] WebSocket connection to 'ws://localhost:1420/' failed: Error in connection establishment: net::ERR_CONNECTION_REFUSED @ http://localhost:1420/@vite/client:1034
[ 4196667ms] [ERROR] Failed to load resource: net::ERR_CONNECTION_REFUSED @ http://localhost:1420/api/host.describe:0
[ 4196667ms] [WARNING] WebSocket connection to 'ws://localhost:1420/api/events.mux' failed: WebSocket is closed before the connection is established. @ http://localhost:1420/plugins/@deepseek-ai/dsh-client-connection/client.js?rev=bc3c3fa9d26b:10055
[ 4196667ms] [WARNING] WebSocket connection to 'ws://localhost:1420/api/events.host' failed: WebSocket is closed before the connection is established. @ http://localhost:1420/plugins/@deepseek-ai/dsh-client-connection/client.js?rev=bc3c3fa9d26b:10055
[ 4196667ms] [WARNING] [web-runtime] connection lost, retry #555 @ http://localhost:1420/plugins/@deepseek-ai/dsh-client-connection/client.js?rev=bc3c3fa9d26b:115
[ 4197971ms] [ERROR] WebSocket connection to 'ws://localhost:1420/' failed: Error in connection establishment: net::ERR_CONNECTION_REFUSED @ http://localhost:1420/@vite/client:1034
[ 4201791ms] [ERROR] Failed to load resource: net::ERR_CONNECTION_REFUSED @ http://localhost:1420/api/host.describe:0
[ 4201791ms] [WARNING] WebSocket connection to 'ws://localhost:1420/api/events.mux' failed: WebSocket is closed before the connection is established. @ http://localhost:1420/plugins/@deepseek-ai/dsh-client-connection/client.js?rev=bc3c3fa9d26b:10055
[ 4201791ms] [WARNING] WebSocket connection to 'ws://localhost:1420/api/events.host' failed: WebSocket is closed before the connection is established. @ http://localhost:1420/plugins/@deepseek-ai/dsh-client-connection/client.js?rev=bc3c3fa9d26b:10055
[ 4201791ms] [WARNING] [web-runtime] connection lost, retry #556 @ http://localhost:1420/plugins/@deepseek-ai/dsh-client-connection/client.js?rev=bc3c3fa9d26b:115
[ 4202670ms] [ERROR] WebSocket connection to 'ws://localhost:1420/' failed: Error in connection establishment: net::ERR_CONNECTION_REFUSED @ http://localhost:1420/@vite/client:1034
[ 4205234ms] [ERROR] WebSocket connection to 'ws://localhost:1420/' failed: Error in connection establishment: net::ERR_CONNECTION_REFUSED @ http://localhost:1420/@vite/client:1034
[ 4208780ms] [ERROR] Failed to load resource: net::ERR_CONNECTION_REFUSED @ http://localhost:1420/api/host.describe:0
[ 4208780ms] [WARNING] WebSocket connection to 'ws://localhost:1420/api/events.mux' failed: WebSocket is closed before the connection is established. @ http://localhost:1420/plugins/@deepseek-ai/dsh-client-connection/client.js?rev=bc3c3fa9d26b:10055
[ 4208780ms] [WARNING] WebSocket connection to 'ws://localhost:1420/api/events.host' failed: WebSocket is closed before the connection is established. @ http://localhost:1420/plugins/@deepseek-ai/dsh-client-connection/client.js?rev=bc3c3fa9d26b:10055
[ 4208780ms] [WARNING] [web-runtime] connection lost, retry #557 @ http://localhost:1420/plugins/@deepseek-ai/dsh-client-connection/client.js?rev=bc3c3fa9d26b:115
[ 4210027ms] [ERROR] WebSocket connection to 'ws://localhost:1420/' failed: Error in connection establishment: net::ERR_CONNECTION_REFUSED @ http://localhost:1420/@vite/client:1034
[ 4213188ms] [ERROR] WebSocket connection to 'ws://localhost:1420/' failed: Error in connection establishment: net::ERR_CONNECTION_REFUSED @ http://localhost:1420/@vite/client:1034
[ 4216438ms] [ERROR] Failed to load resource: net::ERR_CONNECTION_REFUSED @ http://localhost:1420/api/host.describe:0
[ 4216438ms] [WARNING] WebSocket connection to 'ws://localhost:1420/api/events.mux' failed: WebSocket is closed before the connection is established. @ http://localhost:1420/plugins/@deepseek-ai/dsh-client-connection/client.js?rev=bc3c3fa9d26b:10055
[ 4216438ms] [WARNING] WebSocket connection to 'ws://localhost:1420/api/events.host' failed: WebSocket is closed before the connection is established. @ http://localhost:1420/plugins/@deepseek-ai/dsh-client-connection/client.js?rev=bc3c3fa9d26b:10055
[ 4216438ms] [WARNING] [web-runtime] connection lost, retry #558 @ http://localhost:1420/plugins/@deepseek-ai/dsh-client-connection/client.js?rev=bc3c3fa9d26b:115
[ 4216844ms] [ERROR] WebSocket connection to 'ws://localhost:1420/' failed: Error in connection establishment: net::ERR_CONNECTION_REFUSED @ http://localhost:1420/@vite/client:1034
[ 4220631ms] [ERROR] WebSocket connection to 'ws://localhost:1420/' failed: Error in connection establishment: net::ERR_CONNECTION_REFUSED @ http://localhost:1420/@vite/client:1034
[ 4224853ms] [ERROR] WebSocket connection to 'ws://localhost:1420/' failed: Error in connection establishment: net::ERR_CONNECTION_REFUSED @ http://localhost:1420/@vite/client:1034
[ 4226065ms] [ERROR] Failed to load resource: net::ERR_CONNECTION_REFUSED @ http://localhost:1420/api/host.describe:0
[ 4226065ms] [WARNING] WebSocket connection to 'ws://localhost:1420/api/events.mux' failed: WebSocket is closed before the connection is established. @ http://localhost:1420/plugins/@deepseek-ai/dsh-client-connection/client.js?rev=bc3c3fa9d26b:10055
[ 4226065ms] [WARNING] WebSocket connection to 'ws://localhost:1420/api/events.host' failed: WebSocket is closed before the connection is established. @ http://localhost:1420/plugins/@deepseek-ai/dsh-client-connection/client.js?rev=bc3c3fa9d26b:10055
[ 4226065ms] [WARNING] [web-runtime] connection lost, retry #559 @ http://localhost:1420/plugins/@deepseek-ai/dsh-client-connection/client.js?rev=bc3c3fa9d26b:115
[ 4230220ms] [ERROR] WebSocket connection to 'ws://localhost:1420/' failed: Error in connection establishment: net::ERR_CONNECTION_REFUSED @ http://localhost:1420/@vite/client:1034
[ 4232540ms] [ERROR] Failed to load resource: net::ERR_CONNECTION_REFUSED @ http://localhost:1420/api/host.describe:0
[ 4232540ms] [WARNING] WebSocket connection to 'ws://localhost:1420/api/events.mux' failed: WebSocket is closed before the connection is established. @ http://localhost:1420/plugins/@deepseek-ai/dsh-client-connection/client.js?rev=bc3c3fa9d26b:10055
[ 4232540ms] [WARNING] WebSocket connection to 'ws://localhost:1420/api/events.host' failed: WebSocket is closed before the connection is established. @ http://localhost:1420/plugins/@deepseek-ai/dsh-client-connection/client.js?rev=bc3c3fa9d26b:10055
[ 4232540ms] [WARNING] [web-runtime] connection lost, retry #560 @ http://localhost:1420/plugins/@deepseek-ai/dsh-client-connection/client.js?rev=bc3c3fa9d26b:115
[ 4234189ms] [ERROR] WebSocket connection to 'ws://localhost:1420/' failed: Error in connection establishment: net::ERR_CONNECTION_REFUSED @ http://localhost:1420/@vite/client:1034
[ 4236606ms] [ERROR] WebSocket connection to 'ws://localhost:1420/' failed: Error in connection establishment: net::ERR_CONNECTION_REFUSED @ http://localhost:1420/@vite/client:1034
[ 4241791ms] [ERROR] Failed to load resource: net::ERR_CONNECTION_REFUSED @ http://localhost:1420/api/host.describe:0
[ 4241791ms] [WARNING] WebSocket connection to 'ws://localhost:1420/api/events.mux' failed: WebSocket is closed before the connection is established. @ http://localhost:1420/plugins/@deepseek-ai/dsh-client-connection/client.js?rev=bc3c3fa9d26b:10055
[ 4241791ms] [WARNING] WebSocket connection to 'ws://localhost:1420/api/events.host' failed: WebSocket is closed before the connection is established. @ http://localhost:1420/plugins/@deepseek-ai/dsh-client-connection/client.js?rev=bc3c3fa9d26b:10055
[ 4241791ms] [WARNING] [web-runtime] connection lost, retry #561 @ http://localhost:1420/plugins/@deepseek-ai/dsh-client-connection/client.js?rev=bc3c3fa9d26b:115
[ 4242129ms] [ERROR] WebSocket connection to 'ws://localhost:1420/' failed: Error in connection establishment: net::ERR_CONNECTION_REFUSED @ http://localhost:1420/@vite/client:1034
[ 4246646ms] [ERROR] WebSocket connection to 'ws://localhost:1420/' failed: Error in connection establishment: net::ERR_CONNECTION_REFUSED @ http://localhost:1420/@vite/client:1034
[ 4247374ms] [ERROR] Failed to load resource: net::ERR_CONNECTION_REFUSED @ http://localhost:1420/api/host.describe:0
[ 4247374ms] [WARNING] WebSocket connection to 'ws://localhost:1420/api/events.mux' failed: WebSocket is closed before the connection is established. @ http://localhost:1420/plugins/@deepseek-ai/dsh-client-connection/client.js?rev=bc3c3fa9d26b:10055
[ 4247374ms] [WARNING] WebSocket connection to 'ws://localhost:1420/api/events.host' failed: WebSocket is closed before the connection is established. @ http://localhost:1420/plugins/@deepseek-ai/dsh-client-connection/client.js?rev=bc3c3fa9d26b:10055
[ 4247374ms] [WARNING] [web-runtime] connection lost, retry #562 @ http://localhost:1420/plugins/@deepseek-ai/dsh-client-connection/client.js?rev=bc3c3fa9d26b:115
[ 4249873ms] [ERROR] WebSocket connection to 'ws://localhost:1420/' failed: Error in connection establishment: net::ERR_CONNECTION_REFUSED @ http://localhost:1420/@vite/client:1034
[ 4254984ms] [ERROR] WebSocket connection to 'ws://localhost:1420/' failed: Error in connection establishment: net::ERR_CONNECTION_REFUSED @ http://localhost:1420/@vite/client:1034
[ 4257131ms] [ERROR] Failed to load resource: net::ERR_CONNECTION_REFUSED @ http://localhost:1420/api/host.describe:0
[ 4257131ms] [WARNING] WebSocket connection to 'ws://localhost:1420/api/events.mux' failed: WebSocket is closed before the connection is established. @ http://localhost:1420/plugins/@deepseek-ai/dsh-client-connection/client.js?rev=bc3c3fa9d26b:10055
[ 4257131ms] [WARNING] WebSocket connection to 'ws://localhost:1420/api/events.host' failed: WebSocket is closed before the connection is established. @ http://localhost:1420/plugins/@deepseek-ai/dsh-client-connection/client.js?rev=bc3c3fa9d26b:10055
[ 4257131ms] [WARNING] [web-runtime] connection lost, retry #563 @ http://localhost:1420/plugins/@deepseek-ai/dsh-client-connection/client.js?rev=bc3c3fa9d26b:115
[ 4258403ms] [ERROR] WebSocket connection to 'ws://localhost:1420/' failed: Error in connection establishment: net::ERR_CONNECTION_REFUSED @ http://localhost:1420/@vite/client:1034
[ 4263120ms] [ERROR] Failed to load resource: net::ERR_CONNECTION_REFUSED @ http://localhost:1420/api/host.describe:0
[ 4263120ms] [WARNING] WebSocket connection to 'ws://localhost:1420/api/events.mux' failed: WebSocket is closed before the connection is established. @ http://localhost:1420/plugins/@deepseek-ai/dsh-client-connection/client.js?rev=bc3c3fa9d26b:10055
[ 4263120ms] [WARNING] WebSocket connection to 'ws://localhost:1420/api/events.host' failed: WebSocket is closed before the connection is established. @ http://localhost:1420/plugins/@deepseek-ai/dsh-client-connection/client.js?rev=bc3c3fa9d26b:10055
[ 4263120ms] [WARNING] [web-runtime] connection lost, retry #564 @ http://localhost:1420/plugins/@deepseek-ai/dsh-client-connection/client.js?rev=bc3c3fa9d26b:115
[ 4263120ms] [ERROR] WebSocket connection to 'ws://localhost:1420/' failed: Error in connection establishment: net::ERR_CONNECTION_REFUSED @ http://localhost:1420/@vite/client:1034
[ 4267906ms] [ERROR] WebSocket connection to 'ws://localhost:1420/' failed: Error in connection establishment: net::ERR_CONNECTION_REFUSED @ http://localhost:1420/@vite/client:1034
[ 4268183ms] [ERROR] Failed to load resource: net::ERR_CONNECTION_REFUSED @ http://localhost:1420/api/host.describe:0
[ 4268183ms] [WARNING] WebSocket connection to 'ws://localhost:1420/api/events.mux' failed: WebSocket is closed before the connection is established. @ http://localhost:1420/plugins/@deepseek-ai/dsh-client-connection/client.js?rev=bc3c3fa9d26b:10055
[ 4268183ms] [WARNING] WebSocket connection to 'ws://localhost:1420/api/events.host' failed: WebSocket is closed before the connection is established. @ http://localhost:1420/plugins/@deepseek-ai/dsh-client-connection/client.js?rev=bc3c3fa9d26b:10055
[ 4268183ms] [WARNING] [web-runtime] connection lost, retry #565 @ http://localhost:1420/plugins/@deepseek-ai/dsh-client-connection/client.js?rev=bc3c3fa9d26b:115
[ 4273569ms] [ERROR] WebSocket connection to 'ws://localhost:1420/' failed: Error in connection establishment: net::ERR_CONNECTION_REFUSED @ http://localhost:1420/@vite/client:1034
[ 4276996ms] [ERROR] Failed to load resource: net::ERR_CONNECTION_REFUSED @ http://localhost:1420/api/host.describe:0
[ 4276996ms] [WARNING] WebSocket connection to 'ws://localhost:1420/api/events.mux' failed: WebSocket is closed before the connection is established. @ http://localhost:1420/plugins/@deepseek-ai/dsh-client-connection/client.js?rev=bc3c3fa9d26b:10055
[ 4276996ms] [WARNING] WebSocket connection to 'ws://localhost:1420/api/events.host' failed: WebSocket is closed before the connection is established. @ http://localhost:1420/plugins/@deepseek-ai/dsh-client-connection/client.js?rev=bc3c3fa9d26b:10055
[ 4276996ms] [WARNING] [web-runtime] connection lost, retry #566 @ http://localhost:1420/plugins/@deepseek-ai/dsh-client-connection/client.js?rev=bc3c3fa9d26b:115
[ 4278257ms] [ERROR] WebSocket connection to 'ws://localhost:1420/' failed: Error in connection establishment: net::ERR_CONNECTION_REFUSED @ http://localhost:1420/@vite/client:1034
[ 4282119ms] [ERROR] WebSocket connection to 'ws://localhost:1420/' failed: Error in connection establishment: net::ERR_CONNECTION_REFUSED @ http://localhost:1420/@vite/client:1034
[ 4283684ms] [ERROR] Failed to load resource: net::ERR_CONNECTION_REFUSED @ http://localhost:1420/api/host.describe:0
[ 4283684ms] [WARNING] WebSocket connection to 'ws://localhost:1420/api/events.mux' failed: WebSocket is closed before the connection is established. @ http://localhost:1420/plugins/@deepseek-ai/dsh-client-connection/client.js?rev=bc3c3fa9d26b:10055
[ 4283684ms] [WARNING] WebSocket connection to 'ws://localhost:1420/api/events.host' failed: WebSocket is closed before the connection is established. @ http://localhost:1420/plugins/@deepseek-ai/dsh-client-connection/client.js?rev=bc3c3fa9d26b:10055
[ 4283684ms] [WARNING] [web-runtime] connection lost, retry #567 @ http://localhost:1420/plugins/@deepseek-ai/dsh-client-connection/client.js?rev=bc3c3fa9d26b:115
[ 4286324ms] [ERROR] WebSocket connection to 'ws://localhost:1420/' failed: Error in connection establishment: net::ERR_CONNECTION_REFUSED @ http://localhost:1420/@vite/client:1034
[ 4290053ms] [ERROR] WebSocket connection to 'ws://localhost:1420/' failed: Error in connection establishment: net::ERR_CONNECTION_REFUSED @ http://localhost:1420/@vite/client:1034
[ 4291184ms] [ERROR] Failed to load resource: net::ERR_CONNECTION_REFUSED @ http://localhost:1420/api/host.describe:0
[ 4291184ms] [WARNING] WebSocket connection to 'ws://localhost:1420/api/events.mux' failed: WebSocket is closed before the connection is established. @ http://localhost:1420/plugins/@deepseek-ai/dsh-client-connection/client.js?rev=bc3c3fa9d26b:10055
[ 4291184ms] [WARNING] WebSocket connection to 'ws://localhost:1420/api/events.host' failed: WebSocket is closed before the connection is established. @ http://localhost:1420/plugins/@deepseek-ai/dsh-client-connection/client.js?rev=bc3c3fa9d26b:10055
[ 4291184ms] [WARNING] [web-runtime] connection lost, retry #568 @ http://localhost:1420/plugins/@deepseek-ai/dsh-client-connection/client.js?rev=bc3c3fa9d26b:115
[ 4295469ms] [ERROR] WebSocket connection to 'ws://localhost:1420/' failed: Error in connection establishment: net::ERR_CONNECTION_REFUSED @ http://localhost:1420/@vite/client:1034
[ 4297796ms] [ERROR] WebSocket connection to 'ws://localhost:1420/' failed: Error in connection establishment: net::ERR_CONNECTION_REFUSED @ http://localhost:1420/@vite/client:1034
[ 4298370ms] [ERROR] Failed to load resource: net::ERR_CONNECTION_REFUSED @ http://localhost:1420/api/host.describe:0
[ 4298370ms] [WARNING] WebSocket connection to 'ws://localhost:1420/api/events.mux' failed: WebSocket is closed before the connection is established. @ http://localhost:1420/plugins/@deepseek-ai/dsh-client-connection/client.js?rev=bc3c3fa9d26b:10055
[ 4298371ms] [WARNING] WebSocket connection to 'ws://localhost:1420/api/events.host' failed: WebSocket is closed before the connection is established. @ http://localhost:1420/plugins/@deepseek-ai/dsh-client-connection/client.js?rev=bc3c3fa9d26b:10055
[ 4298371ms] [WARNING] [web-runtime] connection lost, retry #569 @ http://localhost:1420/plugins/@deepseek-ai/dsh-client-connection/client.js?rev=bc3c3fa9d26b:115
[ 4302066ms] [ERROR] WebSocket connection to 'ws://localhost:1420/' failed: Error in connection establishment: net::ERR_CONNECTION_REFUSED @ http://localhost:1420/@vite/client:1034
[ 4304825ms] [ERROR] WebSocket connection to 'ws://localhost:1420/' failed: Error in connection establishment: net::ERR_CONNECTION_REFUSED @ http://localhost:1420/@vite/client:1034
[ 4304911ms] [ERROR] Failed to load resource: net::ERR_CONNECTION_REFUSED @ http://localhost:1420/api/host.describe:0
[ 4304911ms] [WARNING] WebSocket connection to 'ws://localhost:1420/api/events.mux' failed: WebSocket is closed before the connection is established. @ http://localhost:1420/plugins/@deepseek-ai/dsh-client-connection/client.js?rev=bc3c3fa9d26b:10055
[ 4304911ms] [WARNING] WebSocket connection to 'ws://localhost:1420/api/events.host' failed: WebSocket is closed before the connection is established. @ http://localhost:1420/plugins/@deepseek-ai/dsh-client-connection/client.js?rev=bc3c3fa9d26b:10055
[ 4304911ms] [WARNING] [web-runtime] connection lost, retry #570 @ http://localhost:1420/plugins/@deepseek-ai/dsh-client-connection/client.js?rev=bc3c3fa9d26b:115
[ 4307196ms] [ERROR] WebSocket connection to 'ws://localhost:1420/' failed: Error in connection establishment: net::ERR_CONNECTION_REFUSED @ http://localhost:1420/@vite/client:1034
[ 4308199ms] [ERROR] WebSocket connection to 'ws://localhost:1420/' failed: Error in connection establishment: net::ERR_CONNECTION_REFUSED @ http://localhost:1420/@vite/client:1034
[ 4309201ms] [ERROR] WebSocket connection to 'ws://localhost:1420/' failed: Error in connection establishment: net::ERR_CONNECTION_REFUSED @ http://localhost:1420/@vite/client:1034
[ 4310204ms] [ERROR] WebSocket connection to 'ws://localhost:1420/' failed: Error in connection establishment: net::ERR_CONNECTION_REFUSED @ http://localhost:1420/@vite/client:1034
[ 4310766ms] [ERROR] WebSocket connection to 'ws://localhost:1420/api/events.mux' failed: Error in connection establishment: net::ERR_CONNECTION_REFUSED @ http://localhost:1420/plugins/@deepseek-ai/dsh-client-connection/client.js?rev=bc3c3fa9d26b:10020
[ 4310767ms] [WARNING] WebSocket connection to 'ws://localhost:1420/api/events.host' failed: WebSocket is closed before the connection is established. @ http://localhost:1420/plugins/@deepseek-ai/dsh-client-connection/client.js?rev=bc3c3fa9d26b:10055
[ 4310767ms] [ERROR] Failed to load resource: net::ERR_CONNECTION_REFUSED @ http://localhost:1420/api/host.describe:0
[ 4310767ms] [WARNING] [web-runtime] connection lost, retry #571 @ http://localhost:1420/plugins/@deepseek-ai/dsh-client-connection/client.js?rev=bc3c3fa9d26b:115
[ 4311210ms] [ERROR] WebSocket connection to 'ws://localhost:1420/' failed: Error in connection establishment: net::ERR_CONNECTION_REFUSED @ http://localhost:1420/@vite/client:1034
[ 4312215ms] [ERROR] WebSocket connection to 'ws://localhost:1420/' failed: Error in connection establishment: net::ERR_CONNECTION_REFUSED @ http://localhost:1420/@vite/client:1034
[ 4313227ms] [ERROR] WebSocket connection to 'ws://localhost:1420/' failed: Error in connection establishment: net::ERR_CONNECTION_REFUSED @ http://localhost:1420/@vite/client:1034
[ 4314248ms] [ERROR] WebSocket connection to 'ws://localhost:1420/' failed: Error in connection establishment: net::ERR_CONNECTION_REFUSED @ http://localhost:1420/@vite/client:1034
[ 4315334ms] [ERROR] WebSocket connection to 'ws://localhost:1420/' failed: Error in connection establishment: net::ERR_CONNECTION_REFUSED @ http://localhost:1420/@vite/client:1034
[ 4316463ms] [ERROR] WebSocket connection to 'ws://localhost:1420/' failed: Error in connection establishment: net::ERR_CONNECTION_REFUSED @ http://localhost:1420/@vite/client:1034
[ 4316863ms] [ERROR] Failed to load resource: net::ERR_CONNECTION_REFUSED @ http://localhost:1420/api/host.describe:0
[ 4316863ms] [WARNING] WebSocket connection to 'ws://localhost:1420/api/events.mux' failed: WebSocket is closed before the connection is established. @ http://localhost:1420/plugins/@deepseek-ai/dsh-client-connection/client.js?rev=bc3c3fa9d26b:10055
[ 4316863ms] [WARNING] WebSocket connection to 'ws://localhost:1420/api/events.host' failed: WebSocket is closed before the connection is established. @ http://localhost:1420/plugins/@deepseek-ai/dsh-client-connection/client.js?rev=bc3c3fa9d26b:10055
[ 4316863ms] [WARNING] [web-runtime] connection lost, retry #572 @ http://localhost:1420/plugins/@deepseek-ai/dsh-client-connection/client.js?rev=bc3c3fa9d26b:115
[ 4317813ms] [ERROR] WebSocket connection to 'ws://localhost:1420/' failed: Error in connection establishment: net::ERR_CONNECTION_REFUSED @ http://localhost:1420/@vite/client:1034
[ 4320913ms] [ERROR] WebSocket connection to 'ws://localhost:1420/' failed: Error in connection establishment: net::ERR_CONNECTION_REFUSED @ http://localhost:1420/@vite/client:1034
[ 4325808ms] [ERROR] Failed to load resource: net::ERR_CONNECTION_REFUSED @ http://localhost:1420/api/host.describe:0
[ 4325809ms] [WARNING] WebSocket connection to 'ws://localhost:1420/api/events.mux' failed: WebSocket is closed before the connection is established. @ http://localhost:1420/plugins/@deepseek-ai/dsh-client-connection/client.js?rev=bc3c3fa9d26b:10055
[ 4325809ms] [WARNING] WebSocket connection to 'ws://localhost:1420/api/events.host' failed: WebSocket is closed before the connection is established. @ http://localhost:1420/plugins/@deepseek-ai/dsh-client-connection/client.js?rev=bc3c3fa9d26b:10055
[ 4325809ms] [WARNING] [web-runtime] connection lost, retry #573 @ http://localhost:1420/plugins/@deepseek-ai/dsh-client-connection/client.js?rev=bc3c3fa9d26b:115
[ 4325841ms] [ERROR] WebSocket connection to 'ws://localhost:1420/' failed: Error in connection establishment: net::ERR_CONNECTION_REFUSED @ http://localhost:1420/@vite/client:1034
[ 4329069ms] [ERROR] WebSocket connection to 'ws://localhost:1420/' failed: Error in connection establishment: net::ERR_CONNECTION_REFUSED @ http://localhost:1420/@vite/client:1034
[ 4332436ms] [ERROR] WebSocket connection to 'ws://localhost:1420/' failed: Error in connection establishment: net::ERR_CONNECTION_REFUSED @ http://localhost:1420/@vite/client:1034
[ 4334881ms] [ERROR] Failed to load resource: net::ERR_CONNECTION_REFUSED @ http://localhost:1420/api/host.describe:0
[ 4334881ms] [WARNING] WebSocket connection to 'ws://localhost:1420/api/events.mux' failed: WebSocket is closed before the connection is established. @ http://localhost:1420/plugins/@deepseek-ai/dsh-client-connection/client.js?rev=bc3c3fa9d26b:10055
[ 4334881ms] [WARNING] WebSocket connection to 'ws://localhost:1420/api/events.host' failed: WebSocket is closed before the connection is established. @ http://localhost:1420/plugins/@deepseek-ai/dsh-client-connection/client.js?rev=bc3c3fa9d26b:10055
[ 4334881ms] [WARNING] [web-runtime] connection lost, retry #574 @ http://localhost:1420/plugins/@deepseek-ai/dsh-client-connection/client.js?rev=bc3c3fa9d26b:115
[ 4336127ms] [ERROR] WebSocket connection to 'ws://localhost:1420/' failed: Error in connection establishment: net::ERR_CONNECTION_REFUSED @ http://localhost:1420/@vite/client:1034
[ 4341457ms] [ERROR] WebSocket connection to 'ws://localhost:1420/' failed: Error in connection establishment: net::ERR_CONNECTION_REFUSED @ http://localhost:1420/@vite/client:1034
[ 4343825ms] [ERROR] Failed to load resource: net::ERR_CONNECTION_REFUSED @ http://localhost:1420/api/host.describe:0
[ 4343825ms] [WARNING] WebSocket connection to 'ws://localhost:1420/api/events.mux' failed: WebSocket is closed before the connection is established. @ http://localhost:1420/plugins/@deepseek-ai/dsh-client-connection/client.js?rev=bc3c3fa9d26b:10055
[ 4343825ms] [WARNING] WebSocket connection to 'ws://localhost:1420/api/events.host' failed: WebSocket is closed before the connection is established. @ http://localhost:1420/plugins/@deepseek-ai/dsh-client-connection/client.js?rev=bc3c3fa9d26b:10055
[ 4343825ms] [WARNING] [web-runtime] connection lost, retry #575 @ http://localhost:1420/plugins/@deepseek-ai/dsh-client-connection/client.js?rev=bc3c3fa9d26b:115
[ 4344371ms] [ERROR] WebSocket connection to 'ws://localhost:1420/' failed: Error in connection establishment: net::ERR_CONNECTION_REFUSED @ http://localhost:1420/@vite/client:1034
[ 4347968ms] [ERROR] WebSocket connection to 'ws://localhost:1420/' failed: Error in connection establishment: net::ERR_CONNECTION_REFUSED @ http://localhost:1420/@vite/client:1034
[ 4350387ms] [ERROR] WebSocket connection to 'ws://localhost:1420/' failed: Error in connection establishment: net::ERR_CONNECTION_REFUSED @ http://localhost:1420/@vite/client:1034
[ 4353336ms] [ERROR] Failed to load resource: net::ERR_CONNECTION_REFUSED @ http://localhost:1420/api/host.describe:0
[ 4353336ms] [WARNING] WebSocket connection to 'ws://localhost:1420/api/events.mux' failed: WebSocket is closed before the connection is established. @ http://localhost:1420/plugins/@deepseek-ai/dsh-client-connection/client.js?rev=bc3c3fa9d26b:10055
[ 4353336ms] [WARNING] WebSocket connection to 'ws://localhost:1420/api/events.host' failed: WebSocket is closed before the connection is established. @ http://localhost:1420/plugins/@deepseek-ai/dsh-client-connection/client.js?rev=bc3c3fa9d26b:10055
[ 4353336ms] [WARNING] [web-runtime] connection lost, retry #576 @ http://localhost:1420/plugins/@deepseek-ai/dsh-client-connection/client.js?rev=bc3c3fa9d26b:115
[ 4354590ms] [ERROR] WebSocket connection to 'ws://localhost:1420/' failed: Error in connection establishment: net::ERR_CONNECTION_REFUSED @ http://localhost:1420/@vite/client:1034
[ 4357297ms] [ERROR] WebSocket connection to 'ws://localhost:1420/' failed: Error in connection establishment: net::ERR_CONNECTION_REFUSED @ http://localhost:1420/@vite/client:1034
[ 4362171ms] [ERROR] WebSocket connection to 'ws://localhost:1420/' failed: Error in connection establishment: net::ERR_CONNECTION_REFUSED @ http://localhost:1420/@vite/client:1034
[ 4362914ms] [ERROR] Failed to load resource: net::ERR_CONNECTION_REFUSED @ http://localhost:1420/api/host.describe:0
[ 4362914ms] [WARNING] WebSocket connection to 'ws://localhost:1420/api/events.mux' failed: WebSocket is closed before the connection is established. @ http://localhost:1420/plugins/@deepseek-ai/dsh-client-connection/client.js?rev=bc3c3fa9d26b:10055
[ 4362914ms] [WARNING] WebSocket connection to 'ws://localhost:1420/api/events.host' failed: WebSocket is closed before the connection is established. @ http://localhost:1420/plugins/@deepseek-ai/dsh-client-connection/client.js?rev=bc3c3fa9d26b:10055
[ 4362914ms] [WARNING] [web-runtime] connection lost, retry #577 @ http://localhost:1420/plugins/@deepseek-ai/dsh-client-connection/client.js?rev=bc3c3fa9d26b:115
[ 4365690ms] [ERROR] WebSocket connection to 'ws://localhost:1420/' failed: Error in connection establishment: net::ERR_CONNECTION_REFUSED @ http://localhost:1420/@vite/client:1034
[ 4369047ms] [ERROR] Failed to load resource: net::ERR_CONNECTION_REFUSED @ http://localhost:1420/api/host.describe:0
[ 4369047ms] [WARNING] WebSocket connection to 'ws://localhost:1420/api/events.mux' failed: WebSocket is closed before the connection is established. @ http://localhost:1420/plugins/@deepseek-ai/dsh-client-connection/client.js?rev=bc3c3fa9d26b:10055
[ 4369047ms] [WARNING] WebSocket connection to 'ws://localhost:1420/api/events.host' failed: WebSocket is closed before the connection is established. @ http://localhost:1420/plugins/@deepseek-ai/dsh-client-connection/client.js?rev=bc3c3fa9d26b:10055
[ 4369047ms] [WARNING] [web-runtime] connection lost, retry #578 @ http://localhost:1420/plugins/@deepseek-ai/dsh-client-connection/client.js?rev=bc3c3fa9d26b:115
[ 4369996ms] [ERROR] WebSocket connection to 'ws://localhost:1420/' failed: Error in connection establishment: net::ERR_CONNECTION_REFUSED @ http://localhost:1420/@vite/client:1034
[ 4374763ms] [ERROR] WebSocket connection to 'ws://localhost:1420/' failed: Error in connection establishment: net::ERR_CONNECTION_REFUSED @ http://localhost:1420/@vite/client:1034
[ 4377114ms] [ERROR] Failed to load resource: net::ERR_CONNECTION_REFUSED @ http://localhost:1420/api/host.describe:0
[ 4377114ms] [WARNING] WebSocket connection to 'ws://localhost:1420/api/events.mux' failed: WebSocket is closed before the connection is established. @ http://localhost:1420/plugins/@deepseek-ai/dsh-client-connection/client.js?rev=bc3c3fa9d26b:10055
[ 4377114ms] [WARNING] WebSocket connection to 'ws://localhost:1420/api/events.host' failed: WebSocket is closed before the connection is established. @ http://localhost:1420/plugins/@deepseek-ai/dsh-client-connection/client.js?rev=bc3c3fa9d26b:10055
[ 4377114ms] [WARNING] [web-runtime] connection lost, retry #579 @ http://localhost:1420/plugins/@deepseek-ai/dsh-client-connection/client.js?rev=bc3c3fa9d26b:115
[ 4378388ms] [ERROR] WebSocket connection to 'ws://localhost:1420/' failed: Error in connection establishment: net::ERR_CONNECTION_REFUSED @ http://localhost:1420/@vite/client:1034
[ 4383609ms] [ERROR] WebSocket connection to 'ws://localhost:1420/' failed: Error in connection establishment: net::ERR_CONNECTION_REFUSED @ http://localhost:1420/@vite/client:1034
[ 4385910ms] [ERROR] Failed to load resource: net::ERR_CONNECTION_REFUSED @ http://localhost:1420/api/host.describe:0
[ 4385910ms] [WARNING] WebSocket connection to 'ws://localhost:1420/api/events.mux' failed: WebSocket is closed before the connection is established. @ http://localhost:1420/plugins/@deepseek-ai/dsh-client-connection/client.js?rev=bc3c3fa9d26b:10055
[ 4385910ms] [WARNING] WebSocket connection to 'ws://localhost:1420/api/events.host' failed: WebSocket is closed before the connection is established. @ http://localhost:1420/plugins/@deepseek-ai/dsh-client-connection/client.js?rev=bc3c3fa9d26b:10055
[ 4385910ms] [WARNING] [web-runtime] connection lost, retry #580 @ http://localhost:1420/plugins/@deepseek-ai/dsh-client-connection/client.js?rev=bc3c3fa9d26b:115
[ 4387961ms] [ERROR] WebSocket connection to 'ws://localhost:1420/' failed: Error in connection establishment: net::ERR_CONNECTION_REFUSED @ http://localhost:1420/@vite/client:1034
[ 4390994ms] [ERROR] Failed to load resource: net::ERR_CONNECTION_REFUSED @ http://localhost:1420/api/host.describe:0
[ 4390994ms] [WARNING] WebSocket connection to 'ws://localhost:1420/api/events.mux' failed: WebSocket is closed before the connection is established. @ http://localhost:1420/plugins/@deepseek-ai/dsh-client-connection/client.js?rev=bc3c3fa9d26b:10055
[ 4390994ms] [WARNING] WebSocket connection to 'ws://localhost:1420/api/events.host' failed: WebSocket is closed before the connection is established. @ http://localhost:1420/plugins/@deepseek-ai/dsh-client-connection/client.js?rev=bc3c3fa9d26b:10055
[ 4390994ms] [WARNING] [web-runtime] connection lost, retry #581 @ http://localhost:1420/plugins/@deepseek-ai/dsh-client-connection/client.js?rev=bc3c3fa9d26b:115
[ 4392359ms] [ERROR] WebSocket connection to 'ws://localhost:1420/' failed: Error in connection establishment: net::ERR_CONNECTION_REFUSED @ http://localhost:1420/@vite/client:1034
[ 4396044ms] [ERROR] WebSocket connection to 'ws://localhost:1420/' failed: Error in connection establishment: net::ERR_CONNECTION_REFUSED @ http://localhost:1420/@vite/client:1034
[ 4396870ms] [ERROR] Failed to load resource: net::ERR_CONNECTION_REFUSED @ http://localhost:1420/api/host.describe:0
[ 4396870ms] [WARNING] WebSocket connection to 'ws://localhost:1420/api/events.mux' failed: WebSocket is closed before the connection is established. @ http://localhost:1420/plugins/@deepseek-ai/dsh-client-connection/client.js?rev=bc3c3fa9d26b:10055
[ 4396870ms] [WARNING] WebSocket connection to 'ws://localhost:1420/api/events.host' failed: WebSocket is closed before the connection is established. @ http://localhost:1420/plugins/@deepseek-ai/dsh-client-connection/client.js?rev=bc3c3fa9d26b:10055
[ 4396870ms] [WARNING] [web-runtime] connection lost, retry #582 @ http://localhost:1420/plugins/@deepseek-ai/dsh-client-connection/client.js?rev=bc3c3fa9d26b:115
[ 4401703ms] [ERROR] WebSocket connection to 'ws://localhost:1420/' failed: Error in connection establishment: net::ERR_CONNECTION_REFUSED @ http://localhost:1420/@vite/client:1034
[ 4403315ms] [ERROR] Failed to load resource: net::ERR_CONNECTION_REFUSED @ http://localhost:1420/api/host.describe:0
[ 4403315ms] [WARNING] WebSocket connection to 'ws://localhost:1420/api/events.mux' failed: WebSocket is closed before the connection is established. @ http://localhost:1420/plugins/@deepseek-ai/dsh-client-connection/client.js?rev=bc3c3fa9d26b:10055
[ 4403315ms] [WARNING] WebSocket connection to 'ws://localhost:1420/api/events.host' failed: WebSocket is closed before the connection is established. @ http://localhost:1420/plugins/@deepseek-ai/dsh-client-connection/client.js?rev=bc3c3fa9d26b:10055
[ 4403316ms] [WARNING] [web-runtime] connection lost, retry #583 @ http://localhost:1420/plugins/@deepseek-ai/dsh-client-connection/client.js?rev=bc3c3fa9d26b:115
[ 4403707ms] [ERROR] WebSocket connection to 'ws://localhost:1420/' failed: Error in connection establishment: net::ERR_CONNECTION_REFUSED @ http://localhost:1420/@vite/client:1034
[ 4408415ms] [ERROR] WebSocket connection to 'ws://localhost:1420/' failed: Error in connection establishment: net::ERR_CONNECTION_REFUSED @ http://localhost:1420/@vite/client:1034
[ 4410644ms] [ERROR] Failed to load resource: net::ERR_CONNECTION_REFUSED @ http://localhost:1420/api/host.describe:0
[ 4410644ms] [WARNING] WebSocket connection to 'ws://localhost:1420/api/events.mux' failed: WebSocket is closed before the connection is established. @ http://localhost:1420/plugins/@deepseek-ai/dsh-client-connection/client.js?rev=bc3c3fa9d26b:10055
[ 4410644ms] [WARNING] WebSocket connection to 'ws://localhost:1420/api/events.host' failed: WebSocket is closed before the connection is established. @ http://localhost:1420/plugins/@deepseek-ai/dsh-client-connection/client.js?rev=bc3c3fa9d26b:10055
[ 4410645ms] [WARNING] [web-runtime] connection lost, retry #584 @ http://localhost:1420/plugins/@deepseek-ai/dsh-client-connection/client.js?rev=bc3c3fa9d26b:115
[ 4411999ms] [ERROR] WebSocket connection to 'ws://localhost:1420/' failed: Error in connection establishment: net::ERR_CONNECTION_REFUSED @ http://localhost:1420/@vite/client:1034
[ 4416066ms] [ERROR] WebSocket connection to 'ws://localhost:1420/' failed: Error in connection establishment: net::ERR_CONNECTION_REFUSED @ http://localhost:1420/@vite/client:1034
[ 4419594ms] [ERROR] Failed to load resource: net::ERR_CONNECTION_REFUSED @ http://localhost:1420/api/host.describe:0
[ 4419594ms] [WARNING] WebSocket connection to 'ws://localhost:1420/api/events.mux' failed: WebSocket is closed before the connection is established. @ http://localhost:1420/plugins/@deepseek-ai/dsh-client-connection/client.js?rev=bc3c3fa9d26b:10055
[ 4419594ms] [WARNING] WebSocket connection to 'ws://localhost:1420/api/events.host' failed: WebSocket is closed before the connection is established. @ http://localhost:1420/plugins/@deepseek-ai/dsh-client-connection/client.js?rev=bc3c3fa9d26b:10055
[ 4419594ms] [WARNING] [web-runtime] connection lost, retry #585 @ http://localhost:1420/plugins/@deepseek-ai/dsh-client-connection/client.js?rev=bc3c3fa9d26b:115
[ 4420862ms] [ERROR] WebSocket connection to 'ws://localhost:1420/' failed: Error in connection establishment: net::ERR_CONNECTION_REFUSED @ http://localhost:1420/@vite/client:1034
[ 4423790ms] [ERROR] WebSocket connection to 'ws://localhost:1420/' failed: Error in connection establishment: net::ERR_CONNECTION_REFUSED @ http://localhost:1420/@vite/client:1034
[ 4428653ms] [ERROR] Failed to load resource: net::ERR_CONNECTION_REFUSED @ http://localhost:1420/api/host.describe:0
[ 4428653ms] [WARNING] WebSocket connection to 'ws://localhost:1420/api/events.mux' failed: WebSocket is closed before the connection is established. @ http://localhost:1420/plugins/@deepseek-ai/dsh-client-connection/client.js?rev=bc3c3fa9d26b:10055
[ 4428653ms] [WARNING] WebSocket connection to 'ws://localhost:1420/api/events.host' failed: WebSocket is closed before the connection is established. @ http://localhost:1420/plugins/@deepseek-ai/dsh-client-connection/client.js?rev=bc3c3fa9d26b:10055
[ 4428653ms] [WARNING] [web-runtime] connection lost, retry #586 @ http://localhost:1420/plugins/@deepseek-ai/dsh-client-connection/client.js?rev=bc3c3fa9d26b:115
[ 4429764ms] [ERROR] WebSocket connection to 'ws://localhost:1420/' failed: Error in connection establishment: net::ERR_CONNECTION_REFUSED @ http://localhost:1420/@vite/client:1034
[ 4434805ms] [ERROR] WebSocket connection to 'ws://localhost:1420/' failed: Error in connection establishment: net::ERR_CONNECTION_REFUSED @ http://localhost:1420/@vite/client:1034
[ 4436480ms] [ERROR] Failed to load resource: net::ERR_CONNECTION_REFUSED @ http://localhost:1420/api/host.describe:0
[ 4436481ms] [WARNING] WebSocket connection to 'ws://localhost:1420/api/events.mux' failed: WebSocket is closed before the connection is established. @ http://localhost:1420/plugins/@deepseek-ai/dsh-client-connection/client.js?rev=bc3c3fa9d26b:10055
[ 4436481ms] [WARNING] WebSocket connection to 'ws://localhost:1420/api/events.host' failed: WebSocket is closed before the connection is established. @ http://localhost:1420/plugins/@deepseek-ai/dsh-client-connection/client.js?rev=bc3c3fa9d26b:10055
[ 4436481ms] [WARNING] [web-runtime] connection lost, retry #587 @ http://localhost:1420/plugins/@deepseek-ai/dsh-client-connection/client.js?rev=bc3c3fa9d26b:115
[ 4436827ms] [ERROR] WebSocket connection to 'ws://localhost:1420/' failed: Error in connection establishment: net::ERR_CONNECTION_REFUSED @ http://localhost:1420/@vite/client:1034
[ 4441775ms] [ERROR] WebSocket connection to 'ws://localhost:1420/' failed: Error in connection establishment: net::ERR_CONNECTION_REFUSED @ http://localhost:1420/@vite/client:1034
[ 4441843ms] [ERROR] Failed to load resource: net::ERR_CONNECTION_REFUSED @ http://localhost:1420/api/host.describe:0
[ 4441843ms] [WARNING] WebSocket connection to 'ws://localhost:1420/api/events.mux' failed: WebSocket is closed before the connection is established. @ http://localhost:1420/plugins/@deepseek-ai/dsh-client-connection/client.js?rev=bc3c3fa9d26b:10055
[ 4441843ms] [WARNING] WebSocket connection to 'ws://localhost:1420/api/events.host' failed: WebSocket is closed before the connection is established. @ http://localhost:1420/plugins/@deepseek-ai/dsh-client-connection/client.js?rev=bc3c3fa9d26b:10055
[ 4441843ms] [WARNING] [web-runtime] connection lost, retry #588 @ http://localhost:1420/plugins/@deepseek-ai/dsh-client-connection/client.js?rev=bc3c3fa9d26b:115
[ 4444657ms] [ERROR] WebSocket connection to 'ws://localhost:1420/' failed: Error in connection establishment: net::ERR_CONNECTION_REFUSED @ http://localhost:1420/@vite/client:1034
[ 4448720ms] [ERROR] WebSocket connection to 'ws://localhost:1420/' failed: Error in connection establishment: net::ERR_CONNECTION_REFUSED @ http://localhost:1420/@vite/client:1034
[ 4449644ms] [ERROR] Failed to load resource: net::ERR_CONNECTION_REFUSED @ http://localhost:1420/api/host.describe:0
[ 4449644ms] [WARNING] WebSocket connection to 'ws://localhost:1420/api/events.mux' failed: WebSocket is closed before the connection is established. @ http://localhost:1420/plugins/@deepseek-ai/dsh-client-connection/client.js?rev=bc3c3fa9d26b:10055
[ 4449644ms] [WARNING] WebSocket connection to 'ws://localhost:1420/api/events.host' failed: WebSocket is closed before the connection is established. @ http://localhost:1420/plugins/@deepseek-ai/dsh-client-connection/client.js?rev=bc3c3fa9d26b:10055
[ 4449644ms] [WARNING] [web-runtime] connection lost, retry #589 @ http://localhost:1420/plugins/@deepseek-ai/dsh-client-connection/client.js?rev=bc3c3fa9d26b:115
[ 4453145ms] [ERROR] WebSocket connection to 'ws://localhost:1420/' failed: Error in connection establishment: net::ERR_CONNECTION_REFUSED @ http://localhost:1420/@vite/client:1034
[ 4456540ms] [ERROR] WebSocket connection to 'ws://localhost:1420/' failed: Error in connection establishment: net::ERR_CONNECTION_REFUSED @ http://localhost:1420/@vite/client:1034
[ 4457515ms] [ERROR] Failed to load resource: net::ERR_CONNECTION_REFUSED @ http://localhost:1420/api/host.describe:0
[ 4457515ms] [WARNING] WebSocket connection to 'ws://localhost:1420/api/events.mux' failed: WebSocket is closed before the connection is established. @ http://localhost:1420/plugins/@deepseek-ai/dsh-client-connection/client.js?rev=bc3c3fa9d26b:10055
[ 4457515ms] [WARNING] WebSocket connection to 'ws://localhost:1420/api/events.host' failed: WebSocket is closed before the connection is established. @ http://localhost:1420/plugins/@deepseek-ai/dsh-client-connection/client.js?rev=bc3c3fa9d26b:10055
[ 4457515ms] [WARNING] [web-runtime] connection lost, retry #590 @ http://localhost:1420/plugins/@deepseek-ai/dsh-client-connection/client.js?rev=bc3c3fa9d26b:115
[ 4459076ms] [ERROR] WebSocket connection to 'ws://localhost:1420/' failed: Error in connection establishment: net::ERR_CONNECTION_REFUSED @ http://localhost:1420/@vite/client:1034
[ 4463590ms] [ERROR] WebSocket connection to 'ws://localhost:1420/' failed: Error in connection establishment: net::ERR_CONNECTION_REFUSED @ http://localhost:1420/@vite/client:1034
[ 4466824ms] [ERROR] Failed to load resource: net::ERR_CONNECTION_REFUSED @ http://localhost:1420/api/host.describe:0
[ 4466824ms] [WARNING] WebSocket connection to 'ws://localhost:1420/api/events.mux' failed: WebSocket is closed before the connection is established. @ http://localhost:1420/plugins/@deepseek-ai/dsh-client-connection/client.js?rev=bc3c3fa9d26b:10055
[ 4466824ms] [WARNING] WebSocket connection to 'ws://localhost:1420/api/events.host' failed: WebSocket is closed before the connection is established. @ http://localhost:1420/plugins/@deepseek-ai/dsh-client-connection/client.js?rev=bc3c3fa9d26b:10055
[ 4466824ms] [WARNING] [web-runtime] connection lost, retry #591 @ http://localhost:1420/plugins/@deepseek-ai/dsh-client-connection/client.js?rev=bc3c3fa9d26b:115
[ 4469356ms] [ERROR] WebSocket connection to 'ws://localhost:1420/' failed: Error in connection establishment: net::ERR_CONNECTION_REFUSED @ http://localhost:1420/@vite/client:1034
[ 4473796ms] [ERROR] WebSocket connection to 'ws://localhost:1420/' failed: Error in connection establishment: net::ERR_CONNECTION_REFUSED @ http://localhost:1420/@vite/client:1034
[ 4474725ms] [ERROR] Failed to load resource: net::ERR_CONNECTION_REFUSED @ http://localhost:1420/api/host.describe:0
[ 4474725ms] [WARNING] WebSocket connection to 'ws://localhost:1420/api/events.mux' failed: WebSocket is closed before the connection is established. @ http://localhost:1420/plugins/@deepseek-ai/dsh-client-connection/client.js?rev=bc3c3fa9d26b:10055
[ 4474725ms] [WARNING] WebSocket connection to 'ws://localhost:1420/api/events.host' failed: WebSocket is closed before the connection is established. @ http://localhost:1420/plugins/@deepseek-ai/dsh-client-connection/client.js?rev=bc3c3fa9d26b:10055
[ 4474725ms] [WARNING] [web-runtime] connection lost, retry #592 @ http://localhost:1420/plugins/@deepseek-ai/dsh-client-connection/client.js?rev=bc3c3fa9d26b:115
[ 4478113ms] [ERROR] WebSocket connection to 'ws://localhost:1420/' failed: Error in connection establishment: net::ERR_CONNECTION_REFUSED @ http://localhost:1420/@vite/client:1034
[ 4480388ms] [ERROR] WebSocket connection to 'ws://localhost:1420/' failed: Error in connection establishment: net::ERR_CONNECTION_REFUSED @ http://localhost:1420/@vite/client:1034
[ 4480463ms] [ERROR] Failed to load resource: net::ERR_CONNECTION_REFUSED @ http://localhost:1420/api/host.describe:0
[ 4480463ms] [WARNING] WebSocket connection to 'ws://localhost:1420/api/events.mux' failed: WebSocket is closed before the connection is established. @ http://localhost:1420/plugins/@deepseek-ai/dsh-client-connection/client.js?rev=bc3c3fa9d26b:10055
[ 4480463ms] [WARNING] WebSocket connection to 'ws://localhost:1420/api/events.host' failed: WebSocket is closed before the connection is established. @ http://localhost:1420/plugins/@deepseek-ai/dsh-client-connection/client.js?rev=bc3c3fa9d26b:10055
[ 4480463ms] [WARNING] [web-runtime] connection lost, retry #593 @ http://localhost:1420/plugins/@deepseek-ai/dsh-client-connection/client.js?rev=bc3c3fa9d26b:115
[ 4484809ms] [ERROR] WebSocket connection to 'ws://localhost:1420/' failed: Error in connection establishment: net::ERR_CONNECTION_REFUSED @ http://localhost:1420/@vite/client:1034
[ 4485654ms] [ERROR] Failed to load resource: net::ERR_CONNECTION_REFUSED @ http://localhost:1420/api/host.describe:0
[ 4485654ms] [WARNING] WebSocket connection to 'ws://localhost:1420/api/events.mux' failed: WebSocket is closed before the connection is established. @ http://localhost:1420/plugins/@deepseek-ai/dsh-client-connection/client.js?rev=bc3c3fa9d26b:10055
[ 4485654ms] [WARNING] WebSocket connection to 'ws://localhost:1420/api/events.host' failed: WebSocket is closed before the connection is established. @ http://localhost:1420/plugins/@deepseek-ai/dsh-client-connection/client.js?rev=bc3c3fa9d26b:10055
[ 4485654ms] [WARNING] [web-runtime] connection lost, retry #594 @ http://localhost:1420/plugins/@deepseek-ai/dsh-client-connection/client.js?rev=bc3c3fa9d26b:115
[ 4487170ms] [ERROR] WebSocket connection to 'ws://localhost:1420/' failed: Error in connection establishment: net::ERR_CONNECTION_REFUSED @ http://localhost:1420/@vite/client:1034
[ 4490577ms] [ERROR] WebSocket connection to 'ws://localhost:1420/' failed: Error in connection establishment: net::ERR_CONNECTION_REFUSED @ http://localhost:1420/@vite/client:1034
[ 4490776ms] [ERROR] Failed to load resource: net::ERR_CONNECTION_REFUSED @ http://localhost:1420/api/host.describe:0
[ 4490776ms] [WARNING] WebSocket connection to 'ws://localhost:1420/api/events.mux' failed: WebSocket is closed before the connection is established. @ http://localhost:1420/plugins/@deepseek-ai/dsh-client-connection/client.js?rev=bc3c3fa9d26b:10055
[ 4490777ms] [WARNING] WebSocket connection to 'ws://localhost:1420/api/events.host' failed: WebSocket is closed before the connection is established. @ http://localhost:1420/plugins/@deepseek-ai/dsh-client-connection/client.js?rev=bc3c3fa9d26b:10055
[ 4490777ms] [WARNING] [web-runtime] connection lost, retry #595 @ http://localhost:1420/plugins/@deepseek-ai/dsh-client-connection/client.js?rev=bc3c3fa9d26b:115
[ 4495935ms] [ERROR] WebSocket connection to 'ws://localhost:1420/' failed: Error in connection establishment: net::ERR_CONNECTION_REFUSED @ http://localhost:1420/@vite/client:1034
[ 4498853ms] [ERROR] Failed to load resource: net::ERR_CONNECTION_REFUSED @ http://localhost:1420/api/host.describe:0
[ 4498853ms] [WARNING] WebSocket connection to 'ws://localhost:1420/api/events.mux' failed: WebSocket is closed before the connection is established. @ http://localhost:1420/plugins/@deepseek-ai/dsh-client-connection/client.js?rev=bc3c3fa9d26b:10055
[ 4498853ms] [WARNING] WebSocket connection to 'ws://localhost:1420/api/events.host' failed: WebSocket is closed before the connection is established. @ http://localhost:1420/plugins/@deepseek-ai/dsh-client-connection/client.js?rev=bc3c3fa9d26b:10055
[ 4498854ms] [WARNING] [web-runtime] connection lost, retry #596 @ http://localhost:1420/plugins/@deepseek-ai/dsh-client-connection/client.js?rev=bc3c3fa9d26b:115
[ 4501377ms] [ERROR] WebSocket connection to 'ws://localhost:1420/' failed: Error in connection establishment: net::ERR_CONNECTION_REFUSED @ http://localhost:1420/@vite/client:1034
[ 4503532ms] [ERROR] WebSocket connection to 'ws://localhost:1420/' failed: Error in connection establishment: net::ERR_CONNECTION_REFUSED @ http://localhost:1420/@vite/client:1034
[ 4504562ms] [ERROR] Failed to load resource: net::ERR_CONNECTION_REFUSED @ http://localhost:1420/api/host.describe:0
[ 4504562ms] [WARNING] WebSocket connection to 'ws://localhost:1420/api/events.mux' failed: WebSocket is closed before the connection is established. @ http://localhost:1420/plugins/@deepseek-ai/dsh-client-connection/client.js?rev=bc3c3fa9d26b:10055
[ 4504562ms] [WARNING] WebSocket connection to 'ws://localhost:1420/api/events.host' failed: WebSocket is closed before the connection is established. @ http://localhost:1420/plugins/@deepseek-ai/dsh-client-connection/client.js?rev=bc3c3fa9d26b:10055
[ 4504562ms] [WARNING] [web-runtime] connection lost, retry #597 @ http://localhost:1420/plugins/@deepseek-ai/dsh-client-connection/client.js?rev=bc3c3fa9d26b:115
[ 4508860ms] [ERROR] WebSocket connection to 'ws://localhost:1420/' failed: Error in connection establishment: net::ERR_CONNECTION_REFUSED @ http://localhost:1420/@vite/client:1034
[ 4514042ms] [ERROR] Failed to load resource: net::ERR_CONNECTION_REFUSED @ http://localhost:1420/api/host.describe:0
[ 4514042ms] [WARNING] WebSocket connection to 'ws://localhost:1420/api/events.mux' failed: WebSocket is closed before the connection is established. @ http://localhost:1420/plugins/@deepseek-ai/dsh-client-connection/client.js?rev=bc3c3fa9d26b:10055
[ 4514042ms] [WARNING] WebSocket connection to 'ws://localhost:1420/api/events.host' failed: WebSocket is closed before the connection is established. @ http://localhost:1420/plugins/@deepseek-ai/dsh-client-connection/client.js?rev=bc3c3fa9d26b:10055
[ 4514042ms] [WARNING] [web-runtime] connection lost, retry #598 @ http://localhost:1420/plugins/@deepseek-ai/dsh-client-connection/client.js?rev=bc3c3fa9d26b:115
[ 4514692ms] [ERROR] WebSocket connection to 'ws://localhost:1420/' failed: Error in connection establishment: net::ERR_CONNECTION_REFUSED @ http://localhost:1420/@vite/client:1034
[ 4517340ms] [ERROR] WebSocket connection to 'ws://localhost:1420/' failed: Error in connection establishment: net::ERR_CONNECTION_REFUSED @ http://localhost:1420/@vite/client:1034
[ 4519935ms] [ERROR] Failed to load resource: net::ERR_CONNECTION_REFUSED @ http://localhost:1420/api/host.describe:0
[ 4519935ms] [WARNING] WebSocket connection to 'ws://localhost:1420/api/events.mux' failed: WebSocket is closed before the connection is established. @ http://localhost:1420/plugins/@deepseek-ai/dsh-client-connection/client.js?rev=bc3c3fa9d26b:10055
[ 4519935ms] [WARNING] WebSocket connection to 'ws://localhost:1420/api/events.host' failed: WebSocket is closed before the connection is established. @ http://localhost:1420/plugins/@deepseek-ai/dsh-client-connection/client.js?rev=bc3c3fa9d26b:10055
[ 4519936ms] [WARNING] [web-runtime] connection lost, retry #599 @ http://localhost:1420/plugins/@deepseek-ai/dsh-client-connection/client.js?rev=bc3c3fa9d26b:115
[ 4520988ms] [ERROR] WebSocket connection to 'ws://localhost:1420/' failed: Error in connection establishment: net::ERR_CONNECTION_REFUSED @ http://localhost:1420/@vite/client:1034
[ 4523042ms] [ERROR] WebSocket connection to 'ws://localhost:1420/' failed: Error in connection establishment: net::ERR_CONNECTION_REFUSED @ http://localhost:1420/@vite/client:1034
[ 4526321ms] [ERROR] WebSocket connection to 'ws://localhost:1420/' failed: Error in connection establishment: net::ERR_CONNECTION_REFUSED @ http://localhost:1420/@vite/client:1034
[ 4527055ms] [ERROR] Failed to load resource: net::ERR_CONNECTION_REFUSED @ http://localhost:1420/api/host.describe:0
[ 4527055ms] [WARNING] WebSocket connection to 'ws://localhost:1420/api/events.mux' failed: WebSocket is closed before the connection is established. @ http://localhost:1420/plugins/@deepseek-ai/dsh-client-connection/client.js?rev=bc3c3fa9d26b:10055
[ 4527055ms] [WARNING] WebSocket connection to 'ws://localhost:1420/api/events.host' failed: WebSocket is closed before the connection is established. @ http://localhost:1420/plugins/@deepseek-ai/dsh-client-connection/client.js?rev=bc3c3fa9d26b:10055
[ 4527055ms] [WARNING] [web-runtime] connection lost, retry #600 @ http://localhost:1420/plugins/@deepseek-ai/dsh-client-connection/client.js?rev=bc3c3fa9d26b:115
[ 4528879ms] [ERROR] WebSocket connection to 'ws://localhost:1420/' failed: Error in connection establishment: net::ERR_CONNECTION_REFUSED @ http://localhost:1420/@vite/client:1034
[ 4530944ms] [ERROR] WebSocket connection to 'ws://localhost:1420/' failed: Error in connection establishment: net::ERR_CONNECTION_REFUSED @ http://localhost:1420/@vite/client:1034
[ 4533068ms] [ERROR] Failed to load resource: net::ERR_CONNECTION_REFUSED @ http://localhost:1420/api/host.describe:0
[ 4533068ms] [WARNING] WebSocket connection to 'ws://localhost:1420/api/events.mux' failed: WebSocket is closed before the connection is established. @ http://localhost:1420/plugins/@deepseek-ai/dsh-client-connection/client.js?rev=bc3c3fa9d26b:10055
[ 4533068ms] [WARNING] WebSocket connection to 'ws://localhost:1420/api/events.host' failed: WebSocket is closed before the connection is established. @ http://localhost:1420/plugins/@deepseek-ai/dsh-client-connection/client.js?rev=bc3c3fa9d26b:10055
[ 4533068ms] [WARNING] [web-runtime] connection lost, retry #601 @ http://localhost:1420/plugins/@deepseek-ai/dsh-client-connection/client.js?rev=bc3c3fa9d26b:115
[ 4533816ms] [ERROR] WebSocket connection to 'ws://localhost:1420/' failed: Error in connection establishment: net::ERR_CONNECTION_REFUSED @ http://localhost:1420/@vite/client:1034
[ 4537381ms] [ERROR] WebSocket connection to 'ws://localhost:1420/' failed: Error in connection establishment: net::ERR_CONNECTION_REFUSED @ http://localhost:1420/@vite/client:1034
[ 4540458ms] [ERROR] Failed to load resource: net::ERR_CONNECTION_REFUSED @ http://localhost:1420/api/host.describe:0
[ 4540458ms] [WARNING] WebSocket connection to 'ws://localhost:1420/api/events.mux' failed: WebSocket is closed before the connection is established. @ http://localhost:1420/plugins/@deepseek-ai/dsh-client-connection/client.js?rev=bc3c3fa9d26b:10055
[ 4540458ms] [WARNING] WebSocket connection to 'ws://localhost:1420/api/events.host' failed: WebSocket is closed before the connection is established. @ http://localhost:1420/plugins/@deepseek-ai/dsh-client-connection/client.js?rev=bc3c3fa9d26b:10055
[ 4540458ms] [WARNING] [web-runtime] connection lost, retry #602 @ http://localhost:1420/plugins/@deepseek-ai/dsh-client-connection/client.js?rev=bc3c3fa9d26b:115
[ 4542857ms] [ERROR] WebSocket connection to 'ws://localhost:1420/' failed: Error in connection establishment: net::ERR_CONNECTION_REFUSED @ http://localhost:1420/@vite/client:1034
[ 4546602ms] [ERROR] Failed to load resource: net::ERR_CONNECTION_REFUSED @ http://localhost:1420/api/host.describe:0
[ 4546602ms] [WARNING] WebSocket connection to 'ws://localhost:1420/api/events.mux' failed: WebSocket is closed before the connection is established. @ http://localhost:1420/plugins/@deepseek-ai/dsh-client-connection/client.js?rev=bc3c3fa9d26b:10055
[ 4546602ms] [WARNING] WebSocket connection to 'ws://localhost:1420/api/events.host' failed: WebSocket is closed before the connection is established. @ http://localhost:1420/plugins/@deepseek-ai/dsh-client-connection/client.js?rev=bc3c3fa9d26b:10055
[ 4546602ms] [WARNING] [web-runtime] connection lost, retry #603 @ http://localhost:1420/plugins/@deepseek-ai/dsh-client-connection/client.js?rev=bc3c3fa9d26b:115
[ 4547090ms] [ERROR] WebSocket connection to 'ws://localhost:1420/' failed: Error in connection establishment: net::ERR_CONNECTION_REFUSED @ http://localhost:1420/@vite/client:1034
[ 4552154ms] [ERROR] WebSocket connection to 'ws://localhost:1420/' failed: Error in connection establishment: net::ERR_CONNECTION_REFUSED @ http://localhost:1420/@vite/client:1034
[ 4554059ms] [ERROR] Failed to load resource: net::ERR_CONNECTION_REFUSED @ http://localhost:1420/api/host.describe:0
[ 4554060ms] [WARNING] WebSocket connection to 'ws://localhost:1420/api/events.mux' failed: WebSocket is closed before the connection is established. @ http://localhost:1420/plugins/@deepseek-ai/dsh-client-connection/client.js?rev=bc3c3fa9d26b:10055
[ 4554060ms] [WARNING] WebSocket connection to 'ws://localhost:1420/api/events.host' failed: WebSocket is closed before the connection is established. @ http://localhost:1420/plugins/@deepseek-ai/dsh-client-connection/client.js?rev=bc3c3fa9d26b:10055
[ 4554060ms] [WARNING] [web-runtime] connection lost, retry #604 @ http://localhost:1420/plugins/@deepseek-ai/dsh-client-connection/client.js?rev=bc3c3fa9d26b:115
[ 4557917ms] [ERROR] WebSocket connection to 'ws://localhost:1420/' failed: Error in connection establishment: net::ERR_CONNECTION_REFUSED @ http://localhost:1420/@vite/client:1034
[ 4562890ms] [ERROR] Failed to load resource: net::ERR_CONNECTION_REFUSED @ http://localhost:1420/api/host.describe:0
[ 4562890ms] [WARNING] WebSocket connection to 'ws://localhost:1420/api/events.mux' failed: WebSocket is closed before the connection is established. @ http://localhost:1420/plugins/@deepseek-ai/dsh-client-connection/client.js?rev=bc3c3fa9d26b:10055
[ 4562890ms] [WARNING] WebSocket connection to 'ws://localhost:1420/api/events.host' failed: WebSocket is closed before the connection is established. @ http://localhost:1420/plugins/@deepseek-ai/dsh-client-connection/client.js?rev=bc3c3fa9d26b:10055
[ 4562890ms] [WARNING] [web-runtime] connection lost, retry #605 @ http://localhost:1420/plugins/@deepseek-ai/dsh-client-connection/client.js?rev=bc3c3fa9d26b:115
[ 4563354ms] [ERROR] WebSocket connection to 'ws://localhost:1420/' failed: Error in connection establishment: net::ERR_CONNECTION_REFUSED @ http://localhost:1420/@vite/client:1034
[ 4567779ms] [ERROR] WebSocket connection to 'ws://localhost:1420/' failed: Error in connection establishment: net::ERR_CONNECTION_REFUSED @ http://localhost:1420/@vite/client:1034
[ 4570339ms] [ERROR] Failed to load resource: net::ERR_CONNECTION_REFUSED @ http://localhost:1420/api/host.describe:0
[ 4570339ms] [WARNING] WebSocket connection to 'ws://localhost:1420/api/events.mux' failed: WebSocket is closed before the connection is established. @ http://localhost:1420/plugins/@deepseek-ai/dsh-client-connection/client.js?rev=bc3c3fa9d26b:10055
[ 4570339ms] [WARNING] WebSocket connection to 'ws://localhost:1420/api/events.host' failed: WebSocket is closed before the connection is established. @ http://localhost:1420/plugins/@deepseek-ai/dsh-client-connection/client.js?rev=bc3c3fa9d26b:10055
[ 4570339ms] [WARNING] [web-runtime] connection lost, retry #606 @ http://localhost:1420/plugins/@deepseek-ai/dsh-client-connection/client.js?rev=bc3c3fa9d26b:115
[ 4572555ms] [ERROR] WebSocket connection to 'ws://localhost:1420/' failed: Error in connection establishment: net::ERR_CONNECTION_REFUSED @ http://localhost:1420/@vite/client:1034
[ 4578504ms] [ERROR] WebSocket connection to 'ws://localhost:1420/' failed: Error in connection establishment: net::ERR_CONNECTION_REFUSED @ http://localhost:1420/@vite/client:1034
[ 4580199ms] [ERROR] Failed to load resource: net::ERR_CONNECTION_REFUSED @ http://localhost:1420/api/host.describe:0
[ 4580199ms] [WARNING] WebSocket connection to 'ws://localhost:1420/api/events.mux' failed: WebSocket is closed before the connection is established. @ http://localhost:1420/plugins/@deepseek-ai/dsh-client-connection/client.js?rev=bc3c3fa9d26b:10055
[ 4580199ms] [WARNING] WebSocket connection to 'ws://localhost:1420/api/events.host' failed: WebSocket is closed before the connection is established. @ http://localhost:1420/plugins/@deepseek-ai/dsh-client-connection/client.js?rev=bc3c3fa9d26b:10055
[ 4580199ms] [WARNING] [web-runtime] connection lost, retry #607 @ http://localhost:1420/plugins/@deepseek-ai/dsh-client-connection/client.js?rev=bc3c3fa9d26b:115
[ 4584154ms] [ERROR] WebSocket connection to 'ws://localhost:1420/' failed: Error in connection establishment: net::ERR_CONNECTION_REFUSED @ http://localhost:1420/@vite/client:1034
[ 4586875ms] [ERROR] WebSocket connection to 'ws://localhost:1420/' failed: Error in connection establishment: net::ERR_CONNECTION_REFUSED @ http://localhost:1420/@vite/client:1034
[ 4589929ms] [ERROR] Failed to load resource: net::ERR_CONNECTION_REFUSED @ http://localhost:1420/api/host.describe:0
[ 4589929ms] [WARNING] WebSocket connection to 'ws://localhost:1420/api/events.mux' failed: WebSocket is closed before the connection is established. @ http://localhost:1420/plugins/@deepseek-ai/dsh-client-connection/client.js?rev=bc3c3fa9d26b:10055
[ 4589929ms] [WARNING] WebSocket connection to 'ws://localhost:1420/api/events.host' failed: WebSocket is closed before the connection is established. @ http://localhost:1420/plugins/@deepseek-ai/dsh-client-connection/client.js?rev=bc3c3fa9d26b:10055
[ 4589929ms] [WARNING] [web-runtime] connection lost, retry #608 @ http://localhost:1420/plugins/@deepseek-ai/dsh-client-connection/client.js?rev=bc3c3fa9d26b:115
[ 4591184ms] [ERROR] WebSocket connection to 'ws://localhost:1420/' failed: Error in connection establishment: net::ERR_CONNECTION_REFUSED @ http://localhost:1420/@vite/client:1034
[ 4595685ms] [ERROR] WebSocket connection to 'ws://localhost:1420/' failed: Error in connection establishment: net::ERR_CONNECTION_REFUSED @ http://localhost:1420/@vite/client:1034
[ 4599676ms] [ERROR] Failed to load resource: net::ERR_CONNECTION_REFUSED @ http://localhost:1420/api/host.describe:0
[ 4599676ms] [WARNING] WebSocket connection to 'ws://localhost:1420/api/events.mux' failed: WebSocket is closed before the connection is established. @ http://localhost:1420/plugins/@deepseek-ai/dsh-client-connection/client.js?rev=bc3c3fa9d26b:10055
[ 4599676ms] [WARNING] WebSocket connection to 'ws://localhost:1420/api/events.host' failed: WebSocket is closed before the connection is established. @ http://localhost:1420/plugins/@deepseek-ai/dsh-client-connection/client.js?rev=bc3c3fa9d26b:10055
[ 4599677ms] [WARNING] [web-runtime] connection lost, retry #609 @ http://localhost:1420/plugins/@deepseek-ai/dsh-client-connection/client.js?rev=bc3c3fa9d26b:115
[ 4601005ms] [ERROR] WebSocket connection to 'ws://localhost:1420/' failed: Error in connection establishment: net::ERR_CONNECTION_REFUSED @ http://localhost:1420/@vite/client:1034
[ 4606411ms] [ERROR] WebSocket connection to 'ws://localhost:1420/' failed: Error in connection establishment: net::ERR_CONNECTION_REFUSED @ http://localhost:1420/@vite/client:1034
[ 4607684ms] [ERROR] Failed to load resource: net::ERR_CONNECTION_REFUSED @ http://localhost:1420/api/host.describe:0
[ 4607684ms] [WARNING] WebSocket connection to 'ws://localhost:1420/api/events.mux' failed: WebSocket is closed before the connection is established. @ http://localhost:1420/plugins/@deepseek-ai/dsh-client-connection/client.js?rev=bc3c3fa9d26b:10055
[ 4607684ms] [WARNING] WebSocket connection to 'ws://localhost:1420/api/events.host' failed: WebSocket is closed before the connection is established. @ http://localhost:1420/plugins/@deepseek-ai/dsh-client-connection/client.js?rev=bc3c3fa9d26b:10055
[ 4607684ms] [WARNING] [web-runtime] connection lost, retry #610 @ http://localhost:1420/plugins/@deepseek-ai/dsh-client-connection/client.js?rev=bc3c3fa9d26b:115
[ 4612131ms] [ERROR] WebSocket connection to 'ws://localhost:1420/' failed: Error in connection establishment: net::ERR_CONNECTION_REFUSED @ http://localhost:1420/@vite/client:1034
[ 4616406ms] [ERROR] Failed to load resource: net::ERR_CONNECTION_REFUSED @ http://localhost:1420/api/host.describe:0
[ 4616406ms] [WARNING] WebSocket connection to 'ws://localhost:1420/api/events.mux' failed: WebSocket is closed before the connection is established. @ http://localhost:1420/plugins/@deepseek-ai/dsh-client-connection/client.js?rev=bc3c3fa9d26b:10055
[ 4616406ms] [WARNING] WebSocket connection to 'ws://localhost:1420/api/events.host' failed: WebSocket is closed before the connection is established. @ http://localhost:1420/plugins/@deepseek-ai/dsh-client-connection/client.js?rev=bc3c3fa9d26b:10055
[ 4616406ms] [WARNING] [web-runtime] connection lost, retry #611 @ http://localhost:1420/plugins/@deepseek-ai/dsh-client-connection/client.js?rev=bc3c3fa9d26b:115
[ 4616557ms] [ERROR] WebSocket connection to 'ws://localhost:1420/' failed: Error in connection establishment: net::ERR_CONNECTION_REFUSED @ http://localhost:1420/@vite/client:1034
[ 4621517ms] [ERROR] WebSocket connection to 'ws://localhost:1420/' failed: Error in connection establishment: net::ERR_CONNECTION_REFUSED @ http://localhost:1420/@vite/client:1034
[ 4623961ms] [ERROR] Failed to load resource: net::ERR_CONNECTION_REFUSED @ http://localhost:1420/api/host.describe:0
[ 4623961ms] [WARNING] WebSocket connection to 'ws://localhost:1420/api/events.mux' failed: WebSocket is closed before the connection is established. @ http://localhost:1420/plugins/@deepseek-ai/dsh-client-connection/client.js?rev=bc3c3fa9d26b:10055
[ 4623961ms] [WARNING] WebSocket connection to 'ws://localhost:1420/api/events.host' failed: WebSocket is closed before the connection is established. @ http://localhost:1420/plugins/@deepseek-ai/dsh-client-connection/client.js?rev=bc3c3fa9d26b:10055
[ 4623961ms] [WARNING] [web-runtime] connection lost, retry #612 @ http://localhost:1420/plugins/@deepseek-ai/dsh-client-connection/client.js?rev=bc3c3fa9d26b:115
[ 4624171ms] [ERROR] WebSocket connection to 'ws://localhost:1420/' failed: Error in connection establishment: net::ERR_CONNECTION_REFUSED @ http://localhost:1420/@vite/client:1034
[ 4627877ms] [ERROR] WebSocket connection to 'ws://localhost:1420/' failed: Error in connection establishment: net::ERR_CONNECTION_REFUSED @ http://localhost:1420/@vite/client:1034
[ 4630756ms] [ERROR] WebSocket connection to 'ws://localhost:1420/' failed: Error in connection establishment: net::ERR_CONNECTION_REFUSED @ http://localhost:1420/@vite/client:1034
[ 4631199ms] [ERROR] Failed to load resource: net::ERR_CONNECTION_REFUSED @ http://localhost:1420/api/host.describe:0
[ 4631199ms] [WARNING] WebSocket connection to 'ws://localhost:1420/api/events.mux' failed: WebSocket is closed before the connection is established. @ http://localhost:1420/plugins/@deepseek-ai/dsh-client-connection/client.js?rev=bc3c3fa9d26b:10055
[ 4631199ms] [WARNING] WebSocket connection to 'ws://localhost:1420/api/events.host' failed: WebSocket is closed before the connection is established. @ http://localhost:1420/plugins/@deepseek-ai/dsh-client-connection/client.js?rev=bc3c3fa9d26b:10055
[ 4631199ms] [WARNING] [web-runtime] connection lost, retry #613 @ http://localhost:1420/plugins/@deepseek-ai/dsh-client-connection/client.js?rev=bc3c3fa9d26b:115
[ 4633113ms] [ERROR] WebSocket connection to 'ws://localhost:1420/' failed: Error in connection establishment: net::ERR_CONNECTION_REFUSED @ http://localhost:1420/@vite/client:1034
[ 4638466ms] [ERROR] WebSocket connection to 'ws://localhost:1420/' failed: Error in connection establishment: net::ERR_CONNECTION_REFUSED @ http://localhost:1420/@vite/client:1034
[ 4639590ms] [ERROR] Failed to load resource: net::ERR_CONNECTION_REFUSED @ http://localhost:1420/api/host.describe:0
[ 4639590ms] [WARNING] WebSocket connection to 'ws://localhost:1420/api/events.mux' failed: WebSocket is closed before the connection is established. @ http://localhost:1420/plugins/@deepseek-ai/dsh-client-connection/client.js?rev=bc3c3fa9d26b:10055
[ 4639591ms] [WARNING] WebSocket connection to 'ws://localhost:1420/api/events.host' failed: WebSocket is closed before the connection is established. @ http://localhost:1420/plugins/@deepseek-ai/dsh-client-connection/client.js?rev=bc3c3fa9d26b:10055
[ 4639591ms] [WARNING] [web-runtime] connection lost, retry #614 @ http://localhost:1420/plugins/@deepseek-ai/dsh-client-connection/client.js?rev=bc3c3fa9d26b:115
[ 4644063ms] [ERROR] WebSocket connection to 'ws://localhost:1420/' failed: Error in connection establishment: net::ERR_CONNECTION_REFUSED @ http://localhost:1420/@vite/client:1034
[ 4646012ms] [ERROR] Failed to load resource: net::ERR_CONNECTION_REFUSED @ http://localhost:1420/api/host.describe:0
[ 4646013ms] [WARNING] WebSocket connection to 'ws://localhost:1420/api/events.mux' failed: WebSocket is closed before the connection is established. @ http://localhost:1420/plugins/@deepseek-ai/dsh-client-connection/client.js?rev=bc3c3fa9d26b:10055
[ 4646013ms] [WARNING] WebSocket connection to 'ws://localhost:1420/api/events.host' failed: WebSocket is closed before the connection is established. @ http://localhost:1420/plugins/@deepseek-ai/dsh-client-connection/client.js?rev=bc3c3fa9d26b:10055
[ 4646013ms] [WARNING] [web-runtime] connection lost, retry #615 @ http://localhost:1420/plugins/@deepseek-ai/dsh-client-connection/client.js?rev=bc3c3fa9d26b:115
[ 4649493ms] [ERROR] WebSocket connection to 'ws://localhost:1420/' failed: Error in connection establishment: net::ERR_CONNECTION_REFUSED @ http://localhost:1420/@vite/client:1034
[ 4652891ms] [ERROR] WebSocket connection to 'ws://localhost:1420/' failed: Error in connection establishment: net::ERR_CONNECTION_REFUSED @ http://localhost:1420/@vite/client:1034
[ 4655202ms] [ERROR] Failed to load resource: net::ERR_CONNECTION_REFUSED @ http://localhost:1420/api/host.describe:0
[ 4655202ms] [WARNING] WebSocket connection to 'ws://localhost:1420/api/events.mux' failed: WebSocket is closed before the connection is established. @ http://localhost:1420/plugins/@deepseek-ai/dsh-client-connection/client.js?rev=bc3c3fa9d26b:10055
[ 4655202ms] [WARNING] WebSocket connection to 'ws://localhost:1420/api/events.host' failed: WebSocket is closed before the connection is established. @ http://localhost:1420/plugins/@deepseek-ai/dsh-client-connection/client.js?rev=bc3c3fa9d26b:10055
[ 4655202ms] [WARNING] [web-runtime] connection lost, retry #616 @ http://localhost:1420/plugins/@deepseek-ai/dsh-client-connection/client.js?rev=bc3c3fa9d26b:115
[ 4655531ms] [ERROR] WebSocket connection to 'ws://localhost:1420/' failed: Error in connection establishment: net::ERR_CONNECTION_REFUSED @ http://localhost:1420/@vite/client:1034
[ 4657854ms] [ERROR] WebSocket connection to 'ws://localhost:1420/' failed: Error in connection establishment: net::ERR_CONNECTION_REFUSED @ http://localhost:1420/@vite/client:1034
[ 4661600ms] [ERROR] Failed to load resource: net::ERR_CONNECTION_REFUSED @ http://localhost:1420/api/host.describe:0
[ 4661600ms] [WARNING] WebSocket connection to 'ws://localhost:1420/api/events.mux' failed: WebSocket is closed before the connection is established. @ http://localhost:1420/plugins/@deepseek-ai/dsh-client-connection/client.js?rev=bc3c3fa9d26b:10055
[ 4661600ms] [WARNING] WebSocket connection to 'ws://localhost:1420/api/events.host' failed: WebSocket is closed before the connection is established. @ http://localhost:1420/plugins/@deepseek-ai/dsh-client-connection/client.js?rev=bc3c3fa9d26b:10055
[ 4661601ms] [WARNING] [web-runtime] connection lost, retry #617 @ http://localhost:1420/plugins/@deepseek-ai/dsh-client-connection/client.js?rev=bc3c3fa9d26b:115
[ 4661701ms] [ERROR] WebSocket connection to 'ws://localhost:1420/' failed: Error in connection establishment: net::ERR_CONNECTION_REFUSED @ http://localhost:1420/@vite/client:1034
[ 4665432ms] [ERROR] WebSocket connection to 'ws://localhost:1420/' failed: Error in connection establishment: net::ERR_CONNECTION_REFUSED @ http://localhost:1420/@vite/client:1034
[ 4669471ms] [ERROR] Failed to load resource: net::ERR_CONNECTION_REFUSED @ http://localhost:1420/api/host.describe:0
[ 4669471ms] [WARNING] WebSocket connection to 'ws://localhost:1420/api/events.mux' failed: WebSocket is closed before the connection is established. @ http://localhost:1420/plugins/@deepseek-ai/dsh-client-connection/client.js?rev=bc3c3fa9d26b:10055
[ 4669471ms] [WARNING] WebSocket connection to 'ws://localhost:1420/api/events.host' failed: WebSocket is closed before the connection is established. @ http://localhost:1420/plugins/@deepseek-ai/dsh-client-connection/client.js?rev=bc3c3fa9d26b:10055
[ 4669471ms] [WARNING] [web-runtime] connection lost, retry #618 @ http://localhost:1420/plugins/@deepseek-ai/dsh-client-connection/client.js?rev=bc3c3fa9d26b:115
[ 4670805ms] [ERROR] WebSocket connection to 'ws://localhost:1420/' failed: Error in connection establishment: net::ERR_CONNECTION_REFUSED @ http://localhost:1420/@vite/client:1034
[ 4674474ms] [ERROR] WebSocket connection to 'ws://localhost:1420/' failed: Error in connection establishment: net::ERR_CONNECTION_REFUSED @ http://localhost:1420/@vite/client:1034
[ 4675745ms] [ERROR] Failed to load resource: net::ERR_CONNECTION_REFUSED @ http://localhost:1420/api/host.describe:0
[ 4675745ms] [WARNING] WebSocket connection to 'ws://localhost:1420/api/events.mux' failed: WebSocket is closed before the connection is established. @ http://localhost:1420/plugins/@deepseek-ai/dsh-client-connection/client.js?rev=bc3c3fa9d26b:10055
[ 4675745ms] [WARNING] WebSocket connection to 'ws://localhost:1420/api/events.host' failed: WebSocket is closed before the connection is established. @ http://localhost:1420/plugins/@deepseek-ai/dsh-client-connection/client.js?rev=bc3c3fa9d26b:10055
[ 4675745ms] [WARNING] [web-runtime] connection lost, retry #619 @ http://localhost:1420/plugins/@deepseek-ai/dsh-client-connection/client.js?rev=bc3c3fa9d26b:115
[ 4676558ms] [ERROR] WebSocket connection to 'ws://localhost:1420/' failed: Error in connection establishment: net::ERR_CONNECTION_REFUSED @ http://localhost:1420/@vite/client:1034
[ 4679623ms] [ERROR] WebSocket connection to 'ws://localhost:1420/' failed: Error in connection establishment: net::ERR_CONNECTION_REFUSED @ http://localhost:1420/@vite/client:1034
[ 4682845ms] [ERROR] Failed to load resource: net::ERR_CONNECTION_REFUSED @ http://localhost:1420/api/host.describe:0
[ 4682846ms] [WARNING] WebSocket connection to 'ws://localhost:1420/api/events.mux' failed: WebSocket is closed before the connection is established. @ http://localhost:1420/plugins/@deepseek-ai/dsh-client-connection/client.js?rev=bc3c3fa9d26b:10055
[ 4682846ms] [WARNING] WebSocket connection to 'ws://localhost:1420/api/events.host' failed: WebSocket is closed before the connection is established. @ http://localhost:1420/plugins/@deepseek-ai/dsh-client-connection/client.js?rev=bc3c3fa9d26b:10055
[ 4682846ms] [WARNING] [web-runtime] connection lost, retry #620 @ http://localhost:1420/plugins/@deepseek-ai/dsh-client-connection/client.js?rev=bc3c3fa9d26b:115
[ 4683032ms] [ERROR] WebSocket connection to 'ws://localhost:1420/' failed: Error in connection establishment: net::ERR_CONNECTION_REFUSED @ http://localhost:1420/@vite/client:1034
[ 4686592ms] [ERROR] WebSocket connection to 'ws://localhost:1420/' failed: Error in connection establishment: net::ERR_CONNECTION_REFUSED @ http://localhost:1420/@vite/client:1034
[ 4688801ms] [ERROR] Failed to load resource: net::ERR_CONNECTION_REFUSED @ http://localhost:1420/api/host.describe:0
[ 4688801ms] [WARNING] WebSocket connection to 'ws://localhost:1420/api/events.mux' failed: WebSocket is closed before the connection is established. @ http://localhost:1420/plugins/@deepseek-ai/dsh-client-connection/client.js?rev=bc3c3fa9d26b:10055
[ 4688801ms] [WARNING] WebSocket connection to 'ws://localhost:1420/api/events.host' failed: WebSocket is closed before the connection is established. @ http://localhost:1420/plugins/@deepseek-ai/dsh-client-connection/client.js?rev=bc3c3fa9d26b:10055
[ 4688801ms] [WARNING] [web-runtime] connection lost, retry #621 @ http://localhost:1420/plugins/@deepseek-ai/dsh-client-connection/client.js?rev=bc3c3fa9d26b:115
[ 4692672ms] [ERROR] WebSocket connection to 'ws://localhost:1420/' failed: Error in connection establishment: net::ERR_CONNECTION_REFUSED @ http://localhost:1420/@vite/client:1034
[ 4697595ms] [ERROR] Failed to load resource: net::ERR_CONNECTION_REFUSED @ http://localhost:1420/api/host.describe:0
[ 4697595ms] [WARNING] WebSocket connection to 'ws://localhost:1420/api/events.mux' failed: WebSocket is closed before the connection is established. @ http://localhost:1420/plugins/@deepseek-ai/dsh-client-connection/client.js?rev=bc3c3fa9d26b:10055
[ 4697595ms] [WARNING] WebSocket connection to 'ws://localhost:1420/api/events.host' failed: WebSocket is closed before the connection is established. @ http://localhost:1420/plugins/@deepseek-ai/dsh-client-connection/client.js?rev=bc3c3fa9d26b:10055
[ 4697595ms] [WARNING] [web-runtime] connection lost, retry #622 @ http://localhost:1420/plugins/@deepseek-ai/dsh-client-connection/client.js?rev=bc3c3fa9d26b:115
[ 4697826ms] [ERROR] WebSocket connection to 'ws://localhost:1420/' failed: Error in connection establishment: net::ERR_CONNECTION_REFUSED @ http://localhost:1420/@vite/client:1034
[ 4701683ms] [ERROR] WebSocket connection to 'ws://localhost:1420/' failed: Error in connection establishment: net::ERR_CONNECTION_REFUSED @ http://localhost:1420/@vite/client:1034
[ 4705060ms] [ERROR] Failed to load resource: net::ERR_CONNECTION_REFUSED @ http://localhost:1420/api/host.describe:0
[ 4705060ms] [WARNING] WebSocket connection to 'ws://localhost:1420/api/events.mux' failed: WebSocket is closed before the connection is established. @ http://localhost:1420/plugins/@deepseek-ai/dsh-client-connection/client.js?rev=bc3c3fa9d26b:10055
[ 4705060ms] [WARNING] WebSocket connection to 'ws://localhost:1420/api/events.host' failed: WebSocket is closed before the connection is established. @ http://localhost:1420/plugins/@deepseek-ai/dsh-client-connection/client.js?rev=bc3c3fa9d26b:10055
[ 4705060ms] [WARNING] [web-runtime] connection lost, retry #623 @ http://localhost:1420/plugins/@deepseek-ai/dsh-client-connection/client.js?rev=bc3c3fa9d26b:115
[ 4705917ms] [ERROR] WebSocket connection to 'ws://localhost:1420/' failed: Error in connection establishment: net::ERR_CONNECTION_REFUSED @ http://localhost:1420/@vite/client:1034
[ 4708011ms] [ERROR] WebSocket connection to 'ws://localhost:1420/' failed: Error in connection establishment: net::ERR_CONNECTION_REFUSED @ http://localhost:1420/@vite/client:1034
[ 4710934ms] [ERROR] WebSocket connection to 'ws://localhost:1420/' failed: Error in connection establishment: net::ERR_CONNECTION_REFUSED @ http://localhost:1420/@vite/client:1034
[ 4711757ms] [ERROR] Failed to load resource: net::ERR_CONNECTION_REFUSED @ http://localhost:1420/api/host.describe:0
[ 4711757ms] [WARNING] WebSocket connection to 'ws://localhost:1420/api/events.mux' failed: WebSocket is closed before the connection is established. @ http://localhost:1420/plugins/@deepseek-ai/dsh-client-connection/client.js?rev=bc3c3fa9d26b:10055
[ 4711757ms] [WARNING] WebSocket connection to 'ws://localhost:1420/api/events.host' failed: WebSocket is closed before the connection is established. @ http://localhost:1420/plugins/@deepseek-ai/dsh-client-connection/client.js?rev=bc3c3fa9d26b:10055
[ 4711757ms] [WARNING] [web-runtime] connection lost, retry #624 @ http://localhost:1420/plugins/@deepseek-ai/dsh-client-connection/client.js?rev=bc3c3fa9d26b:115
[ 4713093ms] [ERROR] WebSocket connection to 'ws://localhost:1420/' failed: Error in connection establishment: net::ERR_CONNECTION_REFUSED @ http://localhost:1420/@vite/client:1034
[ 4715977ms] [ERROR] WebSocket connection to 'ws://localhost:1420/' failed: Error in connection establishment: net::ERR_CONNECTION_REFUSED @ http://localhost:1420/@vite/client:1034
[ 4720542ms] [ERROR] WebSocket connection to 'ws://localhost:1420/' failed: Error in connection establishment: net::ERR_CONNECTION_REFUSED @ http://localhost:1420/@vite/client:1034
[ 4720937ms] [ERROR] Failed to load resource: net::ERR_CONNECTION_REFUSED @ http://localhost:1420/api/host.describe:0
[ 4720937ms] [WARNING] WebSocket connection to 'ws://localhost:1420/api/events.mux' failed: WebSocket is closed before the connection is established. @ http://localhost:1420/plugins/@deepseek-ai/dsh-client-connection/client.js?rev=bc3c3fa9d26b:10055
[ 4720937ms] [WARNING] WebSocket connection to 'ws://localhost:1420/api/events.host' failed: WebSocket is closed before the connection is established. @ http://localhost:1420/plugins/@deepseek-ai/dsh-client-connection/client.js?rev=bc3c3fa9d26b:10055
[ 4720937ms] [WARNING] [web-runtime] connection lost, retry #625 @ http://localhost:1420/plugins/@deepseek-ai/dsh-client-connection/client.js?rev=bc3c3fa9d26b:115
[ 4725018ms] [ERROR] WebSocket connection to 'ws://localhost:1420/' failed: Error in connection establishment: net::ERR_CONNECTION_REFUSED @ http://localhost:1420/@vite/client:1034
[ 4726530ms] [ERROR] Failed to load resource: net::ERR_CONNECTION_REFUSED @ http://localhost:1420/api/host.describe:0
[ 4726530ms] [WARNING] WebSocket connection to 'ws://localhost:1420/api/events.mux' failed: WebSocket is closed before the connection is established. @ http://localhost:1420/plugins/@deepseek-ai/dsh-client-connection/client.js?rev=bc3c3fa9d26b:10055
[ 4726530ms] [WARNING] WebSocket connection to 'ws://localhost:1420/api/events.host' failed: WebSocket is closed before the connection is established. @ http://localhost:1420/plugins/@deepseek-ai/dsh-client-connection/client.js?rev=bc3c3fa9d26b:10055
[ 4726530ms] [WARNING] [web-runtime] connection lost, retry #626 @ http://localhost:1420/plugins/@deepseek-ai/dsh-client-connection/client.js?rev=bc3c3fa9d26b:115
[ 4729585ms] [ERROR] WebSocket connection to 'ws://localhost:1420/' failed: Error in connection establishment: net::ERR_CONNECTION_REFUSED @ http://localhost:1420/@vite/client:1034
[ 4733619ms] [ERROR] WebSocket connection to 'ws://localhost:1420/' failed: Error in connection establishment: net::ERR_CONNECTION_REFUSED @ http://localhost:1420/@vite/client:1034
[ 4733751ms] [ERROR] Failed to load resource: net::ERR_CONNECTION_REFUSED @ http://localhost:1420/api/host.describe:0
[ 4733751ms] [WARNING] WebSocket connection to 'ws://localhost:1420/api/events.mux' failed: WebSocket is closed before the connection is established. @ http://localhost:1420/plugins/@deepseek-ai/dsh-client-connection/client.js?rev=bc3c3fa9d26b:10055
[ 4733751ms] [WARNING] WebSocket connection to 'ws://localhost:1420/api/events.host' failed: WebSocket is closed before the connection is established. @ http://localhost:1420/plugins/@deepseek-ai/dsh-client-connection/client.js?rev=bc3c3fa9d26b:10055
[ 4733751ms] [WARNING] [web-runtime] connection lost, retry #627 @ http://localhost:1420/plugins/@deepseek-ai/dsh-client-connection/client.js?rev=bc3c3fa9d26b:115
[ 4737444ms] [ERROR] WebSocket connection to 'ws://localhost:1420/' failed: Error in connection establishment: net::ERR_CONNECTION_REFUSED @ http://localhost:1420/@vite/client:1034
[ 4739958ms] [ERROR] Failed to load resource: net::ERR_CONNECTION_REFUSED @ http://localhost:1420/api/host.describe:0
[ 4739959ms] [WARNING] WebSocket connection to 'ws://localhost:1420/api/events.mux' failed: WebSocket is closed before the connection is established. @ http://localhost:1420/plugins/@deepseek-ai/dsh-client-connection/client.js?rev=bc3c3fa9d26b:10055
[ 4739959ms] [WARNING] WebSocket connection to 'ws://localhost:1420/api/events.host' failed: WebSocket is closed before the connection is established. @ http://localhost:1420/plugins/@deepseek-ai/dsh-client-connection/client.js?rev=bc3c3fa9d26b:10055
[ 4739959ms] [WARNING] [web-runtime] connection lost, retry #628 @ http://localhost:1420/plugins/@deepseek-ai/dsh-client-connection/client.js?rev=bc3c3fa9d26b:115
[ 4743122ms] [ERROR] WebSocket connection to 'ws://localhost:1420/' failed: Error in connection establishment: net::ERR_CONNECTION_REFUSED @ http://localhost:1420/@vite/client:1034
[ 4744991ms] [ERROR] Failed to load resource: net::ERR_CONNECTION_REFUSED @ http://localhost:1420/api/host.describe:0
[ 4744991ms] [WARNING] WebSocket connection to 'ws://localhost:1420/api/events.mux' failed: WebSocket is closed before the connection is established. @ http://localhost:1420/plugins/@deepseek-ai/dsh-client-connection/client.js?rev=bc3c3fa9d26b:10055
[ 4744991ms] [WARNING] WebSocket connection to 'ws://localhost:1420/api/events.host' failed: WebSocket is closed before the connection is established. @ http://localhost:1420/plugins/@deepseek-ai/dsh-client-connection/client.js?rev=bc3c3fa9d26b:10055
[ 4744991ms] [WARNING] [web-runtime] connection lost, retry #629 @ http://localhost:1420/plugins/@deepseek-ai/dsh-client-connection/client.js?rev=bc3c3fa9d26b:115
[ 4745986ms] [ERROR] WebSocket connection to 'ws://localhost:1420/' failed: Error in connection establishment: net::ERR_CONNECTION_REFUSED @ http://localhost:1420/@vite/client:1034
[ 4748550ms] [ERROR] WebSocket connection to 'ws://localhost:1420/' failed: Error in connection establishment: net::ERR_CONNECTION_REFUSED @ http://localhost:1420/@vite/client:1034
[ 4750173ms] [ERROR] Failed to load resource: net::ERR_CONNECTION_REFUSED @ http://localhost:1420/api/host.describe:0
[ 4750173ms] [WARNING] WebSocket connection to 'ws://localhost:1420/api/events.mux' failed: WebSocket is closed before the connection is established. @ http://localhost:1420/plugins/@deepseek-ai/dsh-client-connection/client.js?rev=bc3c3fa9d26b:10055
[ 4750173ms] [WARNING] WebSocket connection to 'ws://localhost:1420/api/events.host' failed: WebSocket is closed before the connection is established. @ http://localhost:1420/plugins/@deepseek-ai/dsh-client-connection/client.js?rev=bc3c3fa9d26b:10055
[ 4750173ms] [WARNING] [web-runtime] connection lost, retry #630 @ http://localhost:1420/plugins/@deepseek-ai/dsh-client-connection/client.js?rev=bc3c3fa9d26b:115
[ 4752755ms] [ERROR] WebSocket connection to 'ws://localhost:1420/' failed: Error in connection establishment: net::ERR_CONNECTION_REFUSED @ http://localhost:1420/@vite/client:1034
[ 4755419ms] [ERROR] Failed to load resource: net::ERR_CONNECTION_REFUSED @ http://localhost:1420/api/host.describe:0
[ 4755419ms] [WARNING] WebSocket connection to 'ws://localhost:1420/api/events.mux' failed: WebSocket is closed before the connection is established. @ http://localhost:1420/plugins/@deepseek-ai/dsh-client-connection/client.js?rev=bc3c3fa9d26b:10055
[ 4755419ms] [WARNING] WebSocket connection to 'ws://localhost:1420/api/events.host' failed: WebSocket is closed before the connection is established. @ http://localhost:1420/plugins/@deepseek-ai/dsh-client-connection/client.js?rev=bc3c3fa9d26b:10055
[ 4755419ms] [WARNING] [web-runtime] connection lost, retry #631 @ http://localhost:1420/plugins/@deepseek-ai/dsh-client-connection/client.js?rev=bc3c3fa9d26b:115
[ 4757026ms] [ERROR] WebSocket connection to 'ws://localhost:1420/' failed: Error in connection establishment: net::ERR_CONNECTION_REFUSED @ http://localhost:1420/@vite/client:1034
[ 4761423ms] [ERROR] WebSocket connection to 'ws://localhost:1420/' failed: Error in connection establishment: net::ERR_CONNECTION_REFUSED @ http://localhost:1420/@vite/client:1034
[ 4762658ms] [ERROR] Failed to load resource: net::ERR_CONNECTION_REFUSED @ http://localhost:1420/api/host.describe:0
[ 4762658ms] [WARNING] WebSocket connection to 'ws://localhost:1420/api/events.mux' failed: WebSocket is closed before the connection is established. @ http://localhost:1420/plugins/@deepseek-ai/dsh-client-connection/client.js?rev=bc3c3fa9d26b:10055
[ 4762658ms] [WARNING] WebSocket connection to 'ws://localhost:1420/api/events.host' failed: WebSocket is closed before the connection is established. @ http://localhost:1420/plugins/@deepseek-ai/dsh-client-connection/client.js?rev=bc3c3fa9d26b:10055
[ 4762658ms] [WARNING] [web-runtime] connection lost, retry #632 @ http://localhost:1420/plugins/@deepseek-ai/dsh-client-connection/client.js?rev=bc3c3fa9d26b:115
[ 4765022ms] [ERROR] WebSocket connection to 'ws://localhost:1420/' failed: Error in connection establishment: net::ERR_CONNECTION_REFUSED @ http://localhost:1420/@vite/client:1034
[ 4768335ms] [ERROR] WebSocket connection to 'ws://localhost:1420/' failed: Error in connection establishment: net::ERR_CONNECTION_REFUSED @ http://localhost:1420/@vite/client:1034
[ 4770115ms] [ERROR] Failed to load resource: net::ERR_CONNECTION_REFUSED @ http://localhost:1420/api/host.describe:0
[ 4770115ms] [WARNING] WebSocket connection to 'ws://localhost:1420/api/events.mux' failed: WebSocket is closed before the connection is established. @ http://localhost:1420/plugins/@deepseek-ai/dsh-client-connection/client.js?rev=bc3c3fa9d26b:10055
[ 4770115ms] [WARNING] WebSocket connection to 'ws://localhost:1420/api/events.host' failed: WebSocket is closed before the connection is established. @ http://localhost:1420/plugins/@deepseek-ai/dsh-client-connection/client.js?rev=bc3c3fa9d26b:10055
[ 4770115ms] [WARNING] [web-runtime] connection lost, retry #633 @ http://localhost:1420/plugins/@deepseek-ai/dsh-client-connection/client.js?rev=bc3c3fa9d26b:115
[ 4773639ms] [ERROR] WebSocket connection to 'ws://localhost:1420/' failed: Error in connection establishment: net::ERR_CONNECTION_REFUSED @ http://localhost:1420/@vite/client:1034
[ 4779475ms] [ERROR] WebSocket connection to 'ws://localhost:1420/' failed: Error in connection establishment: net::ERR_CONNECTION_REFUSED @ http://localhost:1420/@vite/client:1034
[ 4780042ms] [ERROR] Failed to load resource: net::ERR_CONNECTION_REFUSED @ http://localhost:1420/api/host.describe:0
[ 4780042ms] [WARNING] WebSocket connection to 'ws://localhost:1420/api/events.mux' failed: WebSocket is closed before the connection is established. @ http://localhost:1420/plugins/@deepseek-ai/dsh-client-connection/client.js?rev=bc3c3fa9d26b:10055
[ 4780042ms] [WARNING] WebSocket connection to 'ws://localhost:1420/api/events.host' failed: WebSocket is closed before the connection is established. @ http://localhost:1420/plugins/@deepseek-ai/dsh-client-connection/client.js?rev=bc3c3fa9d26b:10055
[ 4780042ms] [WARNING] [web-runtime] connection lost, retry #634 @ http://localhost:1420/plugins/@deepseek-ai/dsh-client-connection/client.js?rev=bc3c3fa9d26b:115
[ 4781499ms] [ERROR] WebSocket connection to 'ws://localhost:1420/' failed: Error in connection establishment: net::ERR_CONNECTION_REFUSED @ http://localhost:1420/@vite/client:1034
[ 4785233ms] [ERROR] WebSocket connection to 'ws://localhost:1420/' failed: Error in connection establishment: net::ERR_CONNECTION_REFUSED @ http://localhost:1420/@vite/client:1034
[ 4787740ms] [ERROR] Failed to load resource: net::ERR_CONNECTION_REFUSED @ http://localhost:1420/api/host.describe:0
[ 4787740ms] [WARNING] WebSocket connection to 'ws://localhost:1420/api/events.mux' failed: WebSocket is closed before the connection is established. @ http://localhost:1420/plugins/@deepseek-ai/dsh-client-connection/client.js?rev=bc3c3fa9d26b:10055
[ 4787740ms] [WARNING] WebSocket connection to 'ws://localhost:1420/api/events.host' failed: WebSocket is closed before the connection is established. @ http://localhost:1420/plugins/@deepseek-ai/dsh-client-connection/client.js?rev=bc3c3fa9d26b:10055
[ 4787740ms] [WARNING] [web-runtime] connection lost, retry #635 @ http://localhost:1420/plugins/@deepseek-ai/dsh-client-connection/client.js?rev=bc3c3fa9d26b:115
[ 4790943ms] [ERROR] WebSocket connection to 'ws://localhost:1420/' failed: Error in connection establishment: net::ERR_CONNECTION_REFUSED @ http://localhost:1420/@vite/client:1034
[ 4793521ms] [ERROR] WebSocket connection to 'ws://localhost:1420/' failed: Error in connection establishment: net::ERR_CONNECTION_REFUSED @ http://localhost:1420/@vite/client:1034
[ 4796208ms] [ERROR] WebSocket connection to 'ws://localhost:1420/' failed: Error in connection establishment: net::ERR_CONNECTION_REFUSED @ http://localhost:1420/@vite/client:1034
[ 4796888ms] [ERROR] Failed to load resource: net::ERR_CONNECTION_REFUSED @ http://localhost:1420/api/host.describe:0
[ 4796888ms] [WARNING] WebSocket connection to 'ws://localhost:1420/api/events.mux' failed: WebSocket is closed before the connection is established. @ http://localhost:1420/plugins/@deepseek-ai/dsh-client-connection/client.js?rev=bc3c3fa9d26b:10055
[ 4796888ms] [WARNING] WebSocket connection to 'ws://localhost:1420/api/events.host' failed: WebSocket is closed before the connection is established. @ http://localhost:1420/plugins/@deepseek-ai/dsh-client-connection/client.js?rev=bc3c3fa9d26b:10055
[ 4796888ms] [WARNING] [web-runtime] connection lost, retry #636 @ http://localhost:1420/plugins/@deepseek-ai/dsh-client-connection/client.js?rev=bc3c3fa9d26b:115
[ 4801529ms] [ERROR] WebSocket connection to 'ws://localhost:1420/' failed: Error in connection establishment: net::ERR_CONNECTION_REFUSED @ http://localhost:1420/@vite/client:1034
[ 4802692ms] [ERROR] Failed to load resource: net::ERR_CONNECTION_REFUSED @ http://localhost:1420/api/host.describe:0
[ 4802693ms] [WARNING] WebSocket connection to 'ws://localhost:1420/api/events.mux' failed: WebSocket is closed before the connection is established. @ http://localhost:1420/plugins/@deepseek-ai/dsh-client-connection/client.js?rev=bc3c3fa9d26b:10055
[ 4802693ms] [WARNING] WebSocket connection to 'ws://localhost:1420/api/events.host' failed: WebSocket is closed before the connection is established. @ http://localhost:1420/plugins/@deepseek-ai/dsh-client-connection/client.js?rev=bc3c3fa9d26b:10055
[ 4802693ms] [WARNING] [web-runtime] connection lost, retry #637 @ http://localhost:1420/plugins/@deepseek-ai/dsh-client-connection/client.js?rev=bc3c3fa9d26b:115
[ 4803764ms] [ERROR] WebSocket connection to 'ws://localhost:1420/' failed: Error in connection establishment: net::ERR_CONNECTION_REFUSED @ http://localhost:1420/@vite/client:1034
[ 4808909ms] [ERROR] WebSocket connection to 'ws://localhost:1420/' failed: Error in connection establishment: net::ERR_CONNECTION_REFUSED @ http://localhost:1420/@vite/client:1034
[ 4811899ms] [ERROR] WebSocket connection to 'ws://localhost:1420/' failed: Error in connection establishment: net::ERR_CONNECTION_REFUSED @ http://localhost:1420/@vite/client:1034
[ 4812355ms] [ERROR] Failed to load resource: net::ERR_CONNECTION_REFUSED @ http://localhost:1420/api/host.describe:0
[ 4812355ms] [WARNING] WebSocket connection to 'ws://localhost:1420/api/events.mux' failed: WebSocket is closed before the connection is established. @ http://localhost:1420/plugins/@deepseek-ai/dsh-client-connection/client.js?rev=bc3c3fa9d26b:10055
[ 4812355ms] [WARNING] WebSocket connection to 'ws://localhost:1420/api/events.host' failed: WebSocket is closed before the connection is established. @ http://localhost:1420/plugins/@deepseek-ai/dsh-client-connection/client.js?rev=bc3c3fa9d26b:10055
[ 4812355ms] [WARNING] [web-runtime] connection lost, retry #638 @ http://localhost:1420/plugins/@deepseek-ai/dsh-client-connection/client.js?rev=bc3c3fa9d26b:115
[ 4854475ms] [INFO] %cDownload the React DevTools for a better development experience: https://reactjs.org/link/react-devtools font-weight:bold @ http://localhost:1420/node_modules/.vite/deps/chunk-TXZYISKW.js?v=92030f2b:21608
[ 4854856ms] [ERROR] Failed to load resource: the server responded with a status of 404 (Not Found) @ http://localhost:1420/api/host.describe:0
[ 4854856ms] [WARNING] WebSocket connection to 'ws://localhost:1420/api/events.mux' failed: WebSocket is closed before the connection is established. @ http://localhost:1420/plugins/@deepseek-ai/dsh-client-connection/client.js?rev=bc3c3fa9d26b:10055
[ 4854856ms] [WARNING] WebSocket connection to 'ws://localhost:1420/api/events.host' failed: WebSocket is closed before the connection is established. @ http://localhost:1420/plugins/@deepseek-ai/dsh-client-connection/client.js?rev=bc3c3fa9d26b:10055
[ 4854962ms] Error: single slot "conversation.hero.workspace.directoryFlow" already has a registration at priority 0 (registered by Loader) — register at a different priority to shadow it (lowest renders)
    at SlotCore.register (http://localhost:1420/@fs/Users/acfufu/Codehub/dsh-desktop/frontend/packages/client/ui-slots/src/index.ts:43:29)
    at Proxy._register (http://localhost:1420/plugins/@deepseek-ai/dsh-client-runtime/client.js?rev=5404bd0408a5:251:32)
    at Object.apply (http://localhost:1420/node_modules/.vite/deps/chunk-HJOQ7T7N.js?v=92030f2b:125:38)
    at Fiber.<anonymous> (http://localhost:1420/plugins/@deepseek-ai/dsh-client-runtime/client.js?rev=5404bd0408a5:333:50)
    at http://localhost:1420/node_modules/.vite/deps/chunk-HJOQ7T7N.js?v=92030f2b:1103:37
    at Proxy.register (http://localhost:1420/plugins/@deepseek-ai/dsh-client-runtime/client.js?rev=5404bd0408a5:333:20)
    at Object.apply (http://localhost:1420/node_modules/.vite/deps/chunk-HJOQ7T7N.js?v=92030f2b:125:38)
    at Fiber.<anonymous> (http://localhost:1420/plugins/@deepseek-ai/dsh-client-ui-directory-picker-browse/client.js?rev=184b9a4641ac:1027:21)
    at reconcile (http://localhost:1420/plugins/@deepseek-ai/dsh-client-runtime/client.js?rev=5404bd0408a5:81:33)
    at Fiber.<anonymous> (http://localhost:1420/plugins/@deepseek-ai/dsh-client-runtime/client.js?rev=5404bd0408a5:104:7)
    at http://localhost:1420/node_modules/.vite/deps/chunk-HJOQ7T7N.js?v=92030f2b:1103:37
    at Proxy.inject (http://localhost:1420/plugins/@deepseek-ai/dsh-client-runtime/client.js?rev=5404bd0408a5:57:35)
    at Object.apply (http://localhost:1420/node_modules/.vite/deps/chunk-HJOQ7T7N.js?v=92030f2b:125:38)
    at Fiber.<anonymous> (http://localhost:1420/plugins/@deepseek-ai/dsh-client-ui-directory-picker-browse/client.js?rev=184b9a4641ac:1026:82)
    at http://localhost:1420/node_modules/.vite/deps/chunk-HJOQ7T7N.js?v=92030f2b:1103:37
    at reconcile (http://localhost:1420/plugins/@deepseek-ai/dsh-client-runtime/client.js?rev=5404bd0408a5:81:33)
    at changed (http://localhost:1420/plugins/@deepseek-ai/dsh-client-runtime/client.js?rev=5404bd0408a5:89:8)
    at SlotCore.notifyDeclaration (http://localhost:1420/@fs/Users/acfufu/Codehub/dsh-desktop/frontend/packages/client/ui-slots/src/index.ts:397:53)
    at SlotCore.register (http://localhost:1420/@fs/Users/acfufu/Codehub/dsh-desktop/frontend/packages/client/ui-slots/src/index.ts:118:14)
    at Proxy._register (http://localhost:1420/plugins/@deepseek-ai/dsh-client-runtime/client.js?rev=5404bd0408a5:251:32)
    at Object.apply (http://localhost:1420/node_modules/.vite/deps/chunk-HJOQ7T7N.js?v=92030f2b:125:38)
    at Fiber.<anonymous> (http://localhost:1420/plugins/@deepseek-ai/dsh-client-runtime/client.js?rev=5404bd0408a5:333:50)
    at http://localhost:1420/node_modules/.vite/deps/chunk-HJOQ7T7N.js?v=92030f2b:1103:37
[ 4855017ms] [WARNING] [web-runtime] connection lost, retry #1 @ http://localhost:1420/plugins/@deepseek-ai/dsh-client-connection/client.js?rev=bc3c3fa9d26b:115
[ 4855017ms] [ERROR] Failed to load resource: the server responded with a status of 404 (Not Found) @ http://localhost:1420/plugins/events:0
[ 4855022ms] [ERROR] Failed to load resource: the server responded with a status of 404 (Not Found) @ http://localhost:1420/api/settings.describe:0
[ 4855058ms] [ERROR] Failed to load resource: the server responded with a status of 404 (Not Found) @ http://localhost:1420/api/settings.describe:0
[ 4855058ms] [ERROR] Failed to load resource: the server responded with a status of 404 (Not Found) @ http://localhost:1420/api/settings.describe:0
[ 4855059ms] [ERROR] Failed to load resource: the server responded with a status of 404 (Not Found) @ http://localhost:1420/api/credentials.describe:0
[ 4855059ms] [ERROR] Failed to load resource: the server responded with a status of 404 (Not Found) @ http://localhost:1420/api/settings.describe:0
[ 4855059ms] [ERROR] Failed to load resource: the server responded with a status of 404 (Not Found) @ http://localhost:1420/api/settings.describe:0
[ 4855059ms] [ERROR] Failed to load resource: the server responded with a status of 404 (Not Found) @ http://localhost:1420/api/settings.describe:0
[ 4855059ms] [ERROR] Failed to load resource: the server responded with a status of 404 (Not Found) @ http://localhost:1420/api/dynamicCordisRunner/syncInspectManifest:0
[ 4855059ms] [ERROR] [cordis-client-runner] syncing inspect providers failed: Error: internal: client api: dynamicCordisRunner/syncInspectManifest failed: transport failure for /api/dynamicCordisRunner/syncInspectManifest: HTTP 404
    at Object.sync (http://localhost:1420/plugins/@deepseek-ai/dsh-cordis-client-runner/client.js?rev=53ff5565d917:3979:30)
    at async http://localhost:1420/plugins/@deepseek-ai/dsh-cordis-client-runner/client.js?rev=53ff5565d917:1023:7 @ http://localhost:1420/plugins/@deepseek-ai/dsh-cordis-client-runner/client.js?rev=53ff5565d917:1024
[ 4855059ms] [ERROR] Failed to load resource: the server responded with a status of 404 (Not Found) @ http://localhost:1420/api/dynamicCordisRunner/inventory:0
[ 4855059ms] [ERROR] [ui-cordis] reading the Cordis inventory failed: Error: internal: client api: dynamicCordisRunner/inventory failed: transport failure for /api/dynamicCordisRunner/inventory: HTTP 404
    at Object.inventory (http://localhost:1420/plugins/@deepseek-ai/dsh-client-ui-cordis/client.js?rev=7349dbb9ec78:1284:30) @ http://localhost:1420/plugins/@deepseek-ai/dsh-client-ui-cordis/client.js?rev=7349dbb9ec78:1288
[ 4855060ms] [ERROR] Failed to load resource: the server responded with a status of 404 (Not Found) @ http://localhost:1420/api/agentPreset.list:0
[ 4855368ms] [ERROR] Failed to load resource: the server responded with a status of 404 (Not Found) @ http://localhost:1420/api/host.describe:0
[ 4855368ms] [WARNING] WebSocket connection to 'ws://localhost:1420/api/events.mux' failed: WebSocket is closed before the connection is established. @ http://localhost:1420/plugins/@deepseek-ai/dsh-client-connection/client.js?rev=bc3c3fa9d26b:10055
[ 4855368ms] [WARNING] WebSocket connection to 'ws://localhost:1420/api/events.host' failed: WebSocket is closed before the connection is established. @ http://localhost:1420/plugins/@deepseek-ai/dsh-client-connection/client.js?rev=bc3c3fa9d26b:10055
[ 4855368ms] [WARNING] [web-runtime] connection lost, retry #2 @ http://localhost:1420/plugins/@deepseek-ai/dsh-client-connection/client.js?rev=bc3c3fa9d26b:115
[ 4856090ms] [ERROR] Failed to load resource: the server responded with a status of 404 (Not Found) @ http://localhost:1420/api/host.describe:0
[ 4856090ms] [WARNING] WebSocket connection to 'ws://localhost:1420/api/events.mux' failed: WebSocket is closed before the connection is established. @ http://localhost:1420/plugins/@deepseek-ai/dsh-client-connection/client.js?rev=bc3c3fa9d26b:10055
[ 4856090ms] [WARNING] WebSocket connection to 'ws://localhost:1420/api/events.host' failed: WebSocket is closed before the connection is established. @ http://localhost:1420/plugins/@deepseek-ai/dsh-client-connection/client.js?rev=bc3c3fa9d26b:10055
[ 4856090ms] [WARNING] [web-runtime] connection lost, retry #3 @ http://localhost:1420/plugins/@deepseek-ai/dsh-client-connection/client.js?rev=bc3c3fa9d26b:115
[ 4857835ms] [ERROR] Failed to load resource: the server responded with a status of 404 (Not Found) @ http://localhost:1420/api/host.describe:0
[ 4857835ms] [WARNING] WebSocket connection to 'ws://localhost:1420/api/events.mux' failed: WebSocket is closed before the connection is established. @ http://localhost:1420/plugins/@deepseek-ai/dsh-client-connection/client.js?rev=bc3c3fa9d26b:10055
[ 4857836ms] [WARNING] WebSocket connection to 'ws://localhost:1420/api/events.host' failed: WebSocket is closed before the connection is established. @ http://localhost:1420/plugins/@deepseek-ai/dsh-client-connection/client.js?rev=bc3c3fa9d26b:10055
[ 4857836ms] [WARNING] [web-runtime] connection lost, retry #4 @ http://localhost:1420/plugins/@deepseek-ai/dsh-client-connection/client.js?rev=bc3c3fa9d26b:115
[ 4860051ms] [ERROR] Failed to load resource: the server responded with a status of 404 (Not Found) @ http://localhost:1420/api/host.describe:0
[ 4860051ms] [WARNING] WebSocket connection to 'ws://localhost:1420/api/events.mux' failed: WebSocket is closed before the connection is established. @ http://localhost:1420/plugins/@deepseek-ai/dsh-client-connection/client.js?rev=bc3c3fa9d26b:10055
[ 4860051ms] [WARNING] WebSocket connection to 'ws://localhost:1420/api/events.host' failed: WebSocket is closed before the connection is established. @ http://localhost:1420/plugins/@deepseek-ai/dsh-client-connection/client.js?rev=bc3c3fa9d26b:10055
[ 4860051ms] [WARNING] [web-runtime] connection lost, retry #5 @ http://localhost:1420/plugins/@deepseek-ai/dsh-client-connection/client.js?rev=bc3c3fa9d26b:115
[ 4866631ms] [ERROR] Failed to load resource: the server responded with a status of 404 (Not Found) @ http://localhost:1420/api/host.describe:0
[ 4866631ms] [WARNING] WebSocket connection to 'ws://localhost:1420/api/events.mux' failed: WebSocket is closed before the connection is established. @ http://localhost:1420/plugins/@deepseek-ai/dsh-client-connection/client.js?rev=bc3c3fa9d26b:10055
[ 4866631ms] [WARNING] WebSocket connection to 'ws://localhost:1420/api/events.host' failed: WebSocket is closed before the connection is established. @ http://localhost:1420/plugins/@deepseek-ai/dsh-client-connection/client.js?rev=bc3c3fa9d26b:10055
[ 4866631ms] [WARNING] [web-runtime] connection lost, retry #6 @ http://localhost:1420/plugins/@deepseek-ai/dsh-client-connection/client.js?rev=bc3c3fa9d26b:115
[ 4867033ms] [INFO] %cDownload the React DevTools for a better development experience: https://reactjs.org/link/react-devtools font-weight:bold @ http://localhost:1420/node_modules/.vite/deps/chunk-TXZYISKW.js?v=92030f2b:21608
[ 4867125ms] [ERROR] Failed to load resource: the server responded with a status of 404 (Not Found) @ http://localhost:1420/api/host.describe:0
[ 4867125ms] [WARNING] WebSocket connection to 'ws://localhost:1420/api/events.mux' failed: WebSocket is closed before the connection is established. @ http://localhost:1420/plugins/@deepseek-ai/dsh-client-connection/client.js?rev=bc3c3fa9d26b:10055
[ 4867125ms] [WARNING] WebSocket connection to 'ws://localhost:1420/api/events.host' failed: WebSocket is closed before the connection is established. @ http://localhost:1420/plugins/@deepseek-ai/dsh-client-connection/client.js?rev=bc3c3fa9d26b:10055
[ 4867162ms] [WARNING] [web-runtime] connection lost, retry #1 @ http://localhost:1420/plugins/@deepseek-ai/dsh-client-connection/client.js?rev=bc3c3fa9d26b:115
[ 4867163ms] [ERROR] Failed to load resource: the server responded with a status of 404 (Not Found) @ http://localhost:1420/plugins/events:0
[ 4867166ms] Error: single slot "conversation.hero.workspace.directoryFlow" already has a registration at priority 0 (registered by Loader) — register at a different priority to shadow it (lowest renders)
    at SlotCore.register (http://localhost:1420/@fs/Users/acfufu/Codehub/dsh-desktop/frontend/packages/client/ui-slots/src/index.ts:43:29)
    at Proxy._register (http://localhost:1420/plugins/@deepseek-ai/dsh-client-runtime/client.js?rev=5404bd0408a5:251:32)
    at Object.apply (http://localhost:1420/node_modules/.vite/deps/chunk-HJOQ7T7N.js?v=92030f2b:125:38)
    at Fiber.<anonymous> (http://localhost:1420/plugins/@deepseek-ai/dsh-client-runtime/client.js?rev=5404bd0408a5:333:50)
    at http://localhost:1420/node_modules/.vite/deps/chunk-HJOQ7T7N.js?v=92030f2b:1103:37
    at Proxy.register (http://localhost:1420/plugins/@deepseek-ai/dsh-client-runtime/client.js?rev=5404bd0408a5:333:20)
    at Object.apply (http://localhost:1420/node_modules/.vite/deps/chunk-HJOQ7T7N.js?v=92030f2b:125:38)
    at Fiber.<anonymous> (http://localhost:1420/plugins/@deepseek-ai/dsh-client-ui-directory-picker-browse/client.js?rev=184b9a4641ac:1027:21)
    at reconcile (http://localhost:1420/plugins/@deepseek-ai/dsh-client-runtime/client.js?rev=5404bd0408a5:81:33)
    at Fiber.<anonymous> (http://localhost:1420/plugins/@deepseek-ai/dsh-client-runtime/client.js?rev=5404bd0408a5:104:7)
    at http://localhost:1420/node_modules/.vite/deps/chunk-HJOQ7T7N.js?v=92030f2b:1103:37
    at Proxy.inject (http://localhost:1420/plugins/@deepseek-ai/dsh-client-runtime/client.js?rev=5404bd0408a5:57:35)
    at Object.apply (http://localhost:1420/node_modules/.vite/deps/chunk-HJOQ7T7N.js?v=92030f2b:125:38)
    at Fiber.<anonymous> (http://localhost:1420/plugins/@deepseek-ai/dsh-client-ui-directory-picker-browse/client.js?rev=184b9a4641ac:1026:82)
    at http://localhost:1420/node_modules/.vite/deps/chunk-HJOQ7T7N.js?v=92030f2b:1103:37
    at reconcile (http://localhost:1420/plugins/@deepseek-ai/dsh-client-runtime/client.js?rev=5404bd0408a5:81:33)
    at changed (http://localhost:1420/plugins/@deepseek-ai/dsh-client-runtime/client.js?rev=5404bd0408a5:89:8)
    at SlotCore.notifyDeclaration (http://localhost:1420/@fs/Users/acfufu/Codehub/dsh-desktop/frontend/packages/client/ui-slots/src/index.ts:397:53)
    at SlotCore.register (http://localhost:1420/@fs/Users/acfufu/Codehub/dsh-desktop/frontend/packages/client/ui-slots/src/index.ts:118:14)
    at Proxy._register (http://localhost:1420/plugins/@deepseek-ai/dsh-client-runtime/client.js?rev=5404bd0408a5:251:32)
    at Object.apply (http://localhost:1420/node_modules/.vite/deps/chunk-HJOQ7T7N.js?v=92030f2b:125:38)
    at Fiber.<anonymous> (http://localhost:1420/plugins/@deepseek-ai/dsh-client-runtime/client.js?rev=5404bd0408a5:333:50)
    at http://localhost:1420/node_modules/.vite/deps/chunk-HJOQ7T7N.js?v=92030f2b:1103:37
[ 4867182ms] [ERROR] Failed to load resource: the server responded with a status of 404 (Not Found) @ http://localhost:1420/api/settings.describe:0
[ 4867185ms] [ERROR] Failed to load resource: the server responded with a status of 404 (Not Found) @ http://localhost:1420/api/settings.describe:0
[ 4867185ms] [ERROR] Failed to load resource: the server responded with a status of 404 (Not Found) @ http://localhost:1420/api/settings.describe:0
[ 4867185ms] [ERROR] Failed to load resource: the server responded with a status of 404 (Not Found) @ http://localhost:1420/api/credentials.describe:0
[ 4867186ms] [ERROR] Failed to load resource: the server responded with a status of 404 (Not Found) @ http://localhost:1420/api/settings.describe:0
[ 4867186ms] [ERROR] Failed to load resource: the server responded with a status of 404 (Not Found) @ http://localhost:1420/api/settings.describe:0
[ 4867186ms] [ERROR] Failed to load resource: the server responded with a status of 404 (Not Found) @ http://localhost:1420/api/settings.describe:0
[ 4867186ms] [ERROR] Failed to load resource: the server responded with a status of 404 (Not Found) @ http://localhost:1420/api/dynamicCordisRunner/syncInspectManifest:0
[ 4867186ms] [ERROR] [cordis-client-runner] syncing inspect providers failed: Error: internal: client api: dynamicCordisRunner/syncInspectManifest failed: transport failure for /api/dynamicCordisRunner/syncInspectManifest: HTTP 404
    at Object.sync (http://localhost:1420/plugins/@deepseek-ai/dsh-cordis-client-runner/client.js?rev=53ff5565d917:3979:30)
    at async http://localhost:1420/plugins/@deepseek-ai/dsh-cordis-client-runner/client.js?rev=53ff5565d917:1023:7 @ http://localhost:1420/plugins/@deepseek-ai/dsh-cordis-client-runner/client.js?rev=53ff5565d917:1024
[ 4867186ms] [ERROR] Failed to load resource: the server responded with a status of 404 (Not Found) @ http://localhost:1420/api/dynamicCordisRunner/inventory:0
[ 4867186ms] [ERROR] [ui-cordis] reading the Cordis inventory failed: Error: internal: client api: dynamicCordisRunner/inventory failed: transport failure for /api/dynamicCordisRunner/inventory: HTTP 404
    at Object.inventory (http://localhost:1420/plugins/@deepseek-ai/dsh-client-ui-cordis/client.js?rev=7349dbb9ec78:1284:30) @ http://localhost:1420/plugins/@deepseek-ai/dsh-client-ui-cordis/client.js?rev=7349dbb9ec78:1288
[ 4867186ms] [ERROR] Failed to load resource: the server responded with a status of 404 (Not Found) @ http://localhost:1420/api/agentPreset.list:0
[ 4867647ms] [ERROR] Failed to load resource: the server responded with a status of 404 (Not Found) @ http://localhost:1420/api/host.describe:0
[ 4867648ms] [WARNING] WebSocket connection to 'ws://localhost:1420/api/events.mux' failed: WebSocket is closed before the connection is established. @ http://localhost:1420/plugins/@deepseek-ai/dsh-client-connection/client.js?rev=bc3c3fa9d26b:10055
[ 4867648ms] [WARNING] WebSocket connection to 'ws://localhost:1420/api/events.host' failed: WebSocket is closed before the connection is established. @ http://localhost:1420/plugins/@deepseek-ai/dsh-client-connection/client.js?rev=bc3c3fa9d26b:10055
[ 4867648ms] [WARNING] [web-runtime] connection lost, retry #2 @ http://localhost:1420/plugins/@deepseek-ai/dsh-client-connection/client.js?rev=bc3c3fa9d26b:115
[ 4868329ms] [ERROR] Failed to load resource: the server responded with a status of 404 (Not Found) @ http://localhost:1420/api/host.describe:0
[ 4868329ms] [WARNING] WebSocket connection to 'ws://localhost:1420/api/events.mux' failed: WebSocket is closed before the connection is established. @ http://localhost:1420/plugins/@deepseek-ai/dsh-client-connection/client.js?rev=bc3c3fa9d26b:10055
[ 4868329ms] [WARNING] WebSocket connection to 'ws://localhost:1420/api/events.host' failed: WebSocket is closed before the connection is established. @ http://localhost:1420/plugins/@deepseek-ai/dsh-client-connection/client.js?rev=bc3c3fa9d26b:10055
[ 4868330ms] [WARNING] [web-runtime] connection lost, retry #3 @ http://localhost:1420/plugins/@deepseek-ai/dsh-client-connection/client.js?rev=bc3c3fa9d26b:115
[ 4869693ms] [ERROR] Failed to load resource: the server responded with a status of 404 (Not Found) @ http://localhost:1420/api/host.describe:0
[ 4869693ms] [WARNING] WebSocket connection to 'ws://localhost:1420/api/events.mux' failed: WebSocket is closed before the connection is established. @ http://localhost:1420/plugins/@deepseek-ai/dsh-client-connection/client.js?rev=bc3c3fa9d26b:10055
[ 4869693ms] [WARNING] WebSocket connection to 'ws://localhost:1420/api/events.host' failed: WebSocket is closed before the connection is established. @ http://localhost:1420/plugins/@deepseek-ai/dsh-client-connection/client.js?rev=bc3c3fa9d26b:10055
[ 4869694ms] [WARNING] [web-runtime] connection lost, retry #4 @ http://localhost:1420/plugins/@deepseek-ai/dsh-client-connection/client.js?rev=bc3c3fa9d26b:115
[ 4871805ms] [ERROR] Failed to load resource: the server responded with a status of 404 (Not Found) @ http://localhost:1420/api/host.describe:0
[ 4871805ms] [WARNING] WebSocket connection to 'ws://localhost:1420/api/events.mux' failed: WebSocket is closed before the connection is established. @ http://localhost:1420/plugins/@deepseek-ai/dsh-client-connection/client.js?rev=bc3c3fa9d26b:10055
[ 4871805ms] [WARNING] WebSocket connection to 'ws://localhost:1420/api/events.host' failed: WebSocket is closed before the connection is established. @ http://localhost:1420/plugins/@deepseek-ai/dsh-client-connection/client.js?rev=bc3c3fa9d26b:10055
[ 4871805ms] [WARNING] [web-runtime] connection lost, retry #5 @ http://localhost:1420/plugins/@deepseek-ai/dsh-client-connection/client.js?rev=bc3c3fa9d26b:115
[ 4877907ms] [ERROR] Failed to load resource: the server responded with a status of 404 (Not Found) @ http://localhost:1420/api/host.describe:0
[ 4877908ms] [WARNING] WebSocket connection to 'ws://localhost:1420/api/events.mux' failed: WebSocket is closed before the connection is established. @ http://localhost:1420/plugins/@deepseek-ai/dsh-client-connection/client.js?rev=bc3c3fa9d26b:10055
[ 4877908ms] [WARNING] WebSocket connection to 'ws://localhost:1420/api/events.host' failed: WebSocket is closed before the connection is established. @ http://localhost:1420/plugins/@deepseek-ai/dsh-client-connection/client.js?rev=bc3c3fa9d26b:10055
[ 4877908ms] [WARNING] [web-runtime] connection lost, retry #6 @ http://localhost:1420/plugins/@deepseek-ai/dsh-client-connection/client.js?rev=bc3c3fa9d26b:115
[ 4887608ms] [ERROR] Failed to load resource: the server responded with a status of 404 (Not Found) @ http://localhost:1420/api/host.describe:0
[ 4887609ms] [WARNING] WebSocket connection to 'ws://localhost:1420/api/events.mux' failed: WebSocket is closed before the connection is established. @ http://localhost:1420/plugins/@deepseek-ai/dsh-client-connection/client.js?rev=bc3c3fa9d26b:10055
[ 4887609ms] [WARNING] WebSocket connection to 'ws://localhost:1420/api/events.host' failed: WebSocket is closed before the connection is established. @ http://localhost:1420/plugins/@deepseek-ai/dsh-client-connection/client.js?rev=bc3c3fa9d26b:10055
[ 4887609ms] [WARNING] [web-runtime] connection lost, retry #7 @ http://localhost:1420/plugins/@deepseek-ai/dsh-client-connection/client.js?rev=bc3c3fa9d26b:115
[ 4895723ms] [ERROR] Failed to load resource: the server responded with a status of 404 (Not Found) @ http://localhost:1420/api/host.describe:0
[ 4895723ms] [WARNING] WebSocket connection to 'ws://localhost:1420/api/events.mux' failed: WebSocket is closed before the connection is established. @ http://localhost:1420/plugins/@deepseek-ai/dsh-client-connection/client.js?rev=bc3c3fa9d26b:10055
[ 4895723ms] [WARNING] WebSocket connection to 'ws://localhost:1420/api/events.host' failed: WebSocket is closed before the connection is established. @ http://localhost:1420/plugins/@deepseek-ai/dsh-client-connection/client.js?rev=bc3c3fa9d26b:10055
[ 4895723ms] [WARNING] [web-runtime] connection lost, retry #8 @ http://localhost:1420/plugins/@deepseek-ai/dsh-client-connection/client.js?rev=bc3c3fa9d26b:115
[ 4902453ms] [ERROR] Failed to load resource: the server responded with a status of 404 (Not Found) @ http://localhost:1420/api/host.describe:0
[ 4902453ms] [WARNING] WebSocket connection to 'ws://localhost:1420/api/events.mux' failed: WebSocket is closed before the connection is established. @ http://localhost:1420/plugins/@deepseek-ai/dsh-client-connection/client.js?rev=bc3c3fa9d26b:10055
[ 4902453ms] [WARNING] WebSocket connection to 'ws://localhost:1420/api/events.host' failed: WebSocket is closed before the connection is established. @ http://localhost:1420/plugins/@deepseek-ai/dsh-client-connection/client.js?rev=bc3c3fa9d26b:10055
[ 4902454ms] [WARNING] [web-runtime] connection lost, retry #9 @ http://localhost:1420/plugins/@deepseek-ai/dsh-client-connection/client.js?rev=bc3c3fa9d26b:115
[ 4911189ms] [ERROR] Failed to load resource: the server responded with a status of 404 (Not Found) @ http://localhost:1420/api/host.describe:0
[ 4911189ms] [WARNING] WebSocket connection to 'ws://localhost:1420/api/events.mux' failed: WebSocket is closed before the connection is established. @ http://localhost:1420/plugins/@deepseek-ai/dsh-client-connection/client.js?rev=bc3c3fa9d26b:10055
[ 4911189ms] [WARNING] WebSocket connection to 'ws://localhost:1420/api/events.host' failed: WebSocket is closed before the connection is established. @ http://localhost:1420/plugins/@deepseek-ai/dsh-client-connection/client.js?rev=bc3c3fa9d26b:10055
[ 4911189ms] [WARNING] [web-runtime] connection lost, retry #10 @ http://localhost:1420/plugins/@deepseek-ai/dsh-client-connection/client.js?rev=bc3c3fa9d26b:115
[ 4920423ms] [ERROR] Failed to load resource: the server responded with a status of 404 (Not Found) @ http://localhost:1420/api/host.describe:0
[ 4920423ms] [WARNING] WebSocket connection to 'ws://localhost:1420/api/events.mux' failed: WebSocket is closed before the connection is established. @ http://localhost:1420/plugins/@deepseek-ai/dsh-client-connection/client.js?rev=bc3c3fa9d26b:10055
[ 4920423ms] [WARNING] WebSocket connection to 'ws://localhost:1420/api/events.host' failed: WebSocket is closed before the connection is established. @ http://localhost:1420/plugins/@deepseek-ai/dsh-client-connection/client.js?rev=bc3c3fa9d26b:10055
[ 4920423ms] [WARNING] [web-runtime] connection lost, retry #11 @ http://localhost:1420/plugins/@deepseek-ai/dsh-client-connection/client.js?rev=bc3c3fa9d26b:115
[ 4921423ms] [ERROR] Failed to load resource: the server responded with a status of 404 (Not Found) @ http://localhost:1420/api/host.pickDirectory:0
[ 4927794ms] [ERROR] Failed to load resource: the server responded with a status of 404 (Not Found) @ http://localhost:1420/api/host.describe:0
[ 4927795ms] [WARNING] WebSocket connection to 'ws://localhost:1420/api/events.mux' failed: WebSocket is closed before the connection is established. @ http://localhost:1420/plugins/@deepseek-ai/dsh-client-connection/client.js?rev=bc3c3fa9d26b:10055
[ 4927795ms] [WARNING] WebSocket connection to 'ws://localhost:1420/api/events.host' failed: WebSocket is closed before the connection is established. @ http://localhost:1420/plugins/@deepseek-ai/dsh-client-connection/client.js?rev=bc3c3fa9d26b:10055
[ 4927795ms] [WARNING] [web-runtime] connection lost, retry #12 @ http://localhost:1420/plugins/@deepseek-ai/dsh-client-connection/client.js?rev=bc3c3fa9d26b:115
[ 4934651ms] [ERROR] Failed to load resource: the server responded with a status of 404 (Not Found) @ http://localhost:1420/api/host.describe:0
[ 4934651ms] [WARNING] WebSocket connection to 'ws://localhost:1420/api/events.mux' failed: WebSocket is closed before the connection is established. @ http://localhost:1420/plugins/@deepseek-ai/dsh-client-connection/client.js?rev=bc3c3fa9d26b:10055
[ 4934651ms] [WARNING] WebSocket connection to 'ws://localhost:1420/api/events.host' failed: WebSocket is closed before the connection is established. @ http://localhost:1420/plugins/@deepseek-ai/dsh-client-connection/client.js?rev=bc3c3fa9d26b:10055
[ 4934651ms] [WARNING] [web-runtime] connection lost, retry #13 @ http://localhost:1420/plugins/@deepseek-ai/dsh-client-connection/client.js?rev=bc3c3fa9d26b:115
[ 4941402ms] [ERROR] Failed to load resource: the server responded with a status of 404 (Not Found) @ http://localhost:1420/api/host.describe:0
[ 4941402ms] [WARNING] WebSocket connection to 'ws://localhost:1420/api/events.mux' failed: WebSocket is closed before the connection is established. @ http://localhost:1420/plugins/@deepseek-ai/dsh-client-connection/client.js?rev=bc3c3fa9d26b:10055
[ 4941402ms] [WARNING] WebSocket connection to 'ws://localhost:1420/api/events.host' failed: WebSocket is closed before the connection is established. @ http://localhost:1420/plugins/@deepseek-ai/dsh-client-connection/client.js?rev=bc3c3fa9d26b:10055
[ 4941403ms] [WARNING] [web-runtime] connection lost, retry #14 @ http://localhost:1420/plugins/@deepseek-ai/dsh-client-connection/client.js?rev=bc3c3fa9d26b:115
[ 4946870ms] [ERROR] Failed to load resource: the server responded with a status of 404 (Not Found) @ http://localhost:1420/api/host.describe:0
[ 4946870ms] [WARNING] WebSocket connection to 'ws://localhost:1420/api/events.mux' failed: WebSocket is closed before the connection is established. @ http://localhost:1420/plugins/@deepseek-ai/dsh-client-connection/client.js?rev=bc3c3fa9d26b:10055
[ 4946870ms] [WARNING] WebSocket connection to 'ws://localhost:1420/api/events.host' failed: WebSocket is closed before the connection is established. @ http://localhost:1420/plugins/@deepseek-ai/dsh-client-connection/client.js?rev=bc3c3fa9d26b:10055
[ 4946870ms] [WARNING] [web-runtime] connection lost, retry #15 @ http://localhost:1420/plugins/@deepseek-ai/dsh-client-connection/client.js?rev=bc3c3fa9d26b:115
[ 4956041ms] [ERROR] Failed to load resource: the server responded with a status of 404 (Not Found) @ http://localhost:1420/api/host.describe:0
[ 4956041ms] [WARNING] WebSocket connection to 'ws://localhost:1420/api/events.mux' failed: WebSocket is closed before the connection is established. @ http://localhost:1420/plugins/@deepseek-ai/dsh-client-connection/client.js?rev=bc3c3fa9d26b:10055
[ 4956041ms] [WARNING] WebSocket connection to 'ws://localhost:1420/api/events.host' failed: WebSocket is closed before the connection is established. @ http://localhost:1420/plugins/@deepseek-ai/dsh-client-connection/client.js?rev=bc3c3fa9d26b:10055
[ 4956042ms] [WARNING] [web-runtime] connection lost, retry #16 @ http://localhost:1420/plugins/@deepseek-ai/dsh-client-connection/client.js?rev=bc3c3fa9d26b:115
[ 4961125ms] [ERROR] Failed to load resource: the server responded with a status of 404 (Not Found) @ http://localhost:1420/api/host.describe:0
[ 4961126ms] [WARNING] WebSocket connection to 'ws://localhost:1420/api/events.mux' failed: WebSocket is closed before the connection is established. @ http://localhost:1420/plugins/@deepseek-ai/dsh-client-connection/client.js?rev=bc3c3fa9d26b:10055
[ 4961126ms] [WARNING] WebSocket connection to 'ws://localhost:1420/api/events.host' failed: WebSocket is closed before the connection is established. @ http://localhost:1420/plugins/@deepseek-ai/dsh-client-connection/client.js?rev=bc3c3fa9d26b:10055
[ 4961126ms] [WARNING] [web-runtime] connection lost, retry #17 @ http://localhost:1420/plugins/@deepseek-ai/dsh-client-connection/client.js?rev=bc3c3fa9d26b:115
[ 4970987ms] [ERROR] Failed to load resource: the server responded with a status of 404 (Not Found) @ http://localhost:1420/api/host.describe:0
[ 4970988ms] [WARNING] WebSocket connection to 'ws://localhost:1420/api/events.mux' failed: WebSocket is closed before the connection is established. @ http://localhost:1420/plugins/@deepseek-ai/dsh-client-connection/client.js?rev=bc3c3fa9d26b:10055
[ 4970988ms] [WARNING] WebSocket connection to 'ws://localhost:1420/api/events.host' failed: WebSocket is closed before the connection is established. @ http://localhost:1420/plugins/@deepseek-ai/dsh-client-connection/client.js?rev=bc3c3fa9d26b:10055
[ 4970988ms] [WARNING] [web-runtime] connection lost, retry #18 @ http://localhost:1420/plugins/@deepseek-ai/dsh-client-connection/client.js?rev=bc3c3fa9d26b:115
[ 4979196ms] [ERROR] Failed to load resource: the server responded with a status of 404 (Not Found) @ http://localhost:1420/api/host.describe:0
[ 4979196ms] [WARNING] WebSocket connection to 'ws://localhost:1420/api/events.mux' failed: WebSocket is closed before the connection is established. @ http://localhost:1420/plugins/@deepseek-ai/dsh-client-connection/client.js?rev=bc3c3fa9d26b:10055
[ 4979196ms] [WARNING] WebSocket connection to 'ws://localhost:1420/api/events.host' failed: WebSocket is closed before the connection is established. @ http://localhost:1420/plugins/@deepseek-ai/dsh-client-connection/client.js?rev=bc3c3fa9d26b:10055
[ 4979196ms] [WARNING] [web-runtime] connection lost, retry #19 @ http://localhost:1420/plugins/@deepseek-ai/dsh-client-connection/client.js?rev=bc3c3fa9d26b:115
[ 4985088ms] [ERROR] Failed to load resource: the server responded with a status of 404 (Not Found) @ http://localhost:1420/api/host.describe:0
[ 4985088ms] [WARNING] WebSocket connection to 'ws://localhost:1420/api/events.mux' failed: WebSocket is closed before the connection is established. @ http://localhost:1420/plugins/@deepseek-ai/dsh-client-connection/client.js?rev=bc3c3fa9d26b:10055
[ 4985088ms] [WARNING] WebSocket connection to 'ws://localhost:1420/api/events.host' failed: WebSocket is closed before the connection is established. @ http://localhost:1420/plugins/@deepseek-ai/dsh-client-connection/client.js?rev=bc3c3fa9d26b:10055
[ 4985088ms] [WARNING] [web-runtime] connection lost, retry #20 @ http://localhost:1420/plugins/@deepseek-ai/dsh-client-connection/client.js?rev=bc3c3fa9d26b:115
[ 4990715ms] [INFO] %cDownload the React DevTools for a better development experience: https://reactjs.org/link/react-devtools font-weight:bold @ http://localhost:1420/node_modules/.vite/deps/chunk-TXZYISKW.js?v=92030f2b:21608
[ 4991076ms] [ERROR] Failed to load resource: the server responded with a status of 404 (Not Found) @ http://localhost:1420/api/host.describe:0
[ 4991077ms] [WARNING] WebSocket connection to 'ws://localhost:1420/api/events.mux' failed: WebSocket is closed before the connection is established. @ http://localhost:1420/plugins/@deepseek-ai/dsh-client-connection/client.js?rev=bc3c3fa9d26b:10055
[ 4991077ms] [WARNING] WebSocket connection to 'ws://localhost:1420/api/events.host' failed: WebSocket is closed before the connection is established. @ http://localhost:1420/plugins/@deepseek-ai/dsh-client-connection/client.js?rev=bc3c3fa9d26b:10055
[ 4991077ms] [ERROR] Failed to load resource: the server responded with a status of 404 (Not Found) @ http://localhost:1420/plugins/events:0
[ 4991086ms] [ERROR] Failed to load resource: the server responded with a status of 404 (Not Found) @ http://localhost:1420/api/settings.describe:0
[ 4991086ms] [ERROR] Failed to load resource: the server responded with a status of 404 (Not Found) @ http://localhost:1420/api/settings.describe:0
[ 4991086ms] [ERROR] Failed to load resource: the server responded with a status of 404 (Not Found) @ http://localhost:1420/api/settings.describe:0
[ 4991086ms] [ERROR] Failed to load resource: the server responded with a status of 404 (Not Found) @ http://localhost:1420/api/credentials.describe:0
[ 4991086ms] [ERROR] Failed to load resource: the server responded with a status of 404 (Not Found) @ http://localhost:1420/api/settings.describe:0
[ 4991086ms] [ERROR] Failed to load resource: the server responded with a status of 404 (Not Found) @ http://localhost:1420/api/settings.describe:0
[ 4991086ms] [ERROR] Failed to load resource: the server responded with a status of 404 (Not Found) @ http://localhost:1420/api/settings.describe:0
[ 4991087ms] [WARNING] [web-runtime] connection lost, retry #1 @ http://localhost:1420/plugins/@deepseek-ai/dsh-client-connection/client.js?rev=bc3c3fa9d26b:115
[ 4991098ms] Error: single slot "conversation.hero.workspace.directoryFlow" already has a registration at priority 0 (registered by Loader) — register at a different priority to shadow it (lowest renders)
    at SlotCore.register (http://localhost:1420/@fs/Users/acfufu/Codehub/dsh-desktop/frontend/packages/client/ui-slots/src/index.ts:43:29)
    at Proxy._register (http://localhost:1420/plugins/@deepseek-ai/dsh-client-runtime/client.js?rev=5404bd0408a5:251:32)
    at Object.apply (http://localhost:1420/node_modules/.vite/deps/chunk-HJOQ7T7N.js?v=92030f2b:125:38)
    at Fiber.<anonymous> (http://localhost:1420/plugins/@deepseek-ai/dsh-client-runtime/client.js?rev=5404bd0408a5:333:50)
    at http://localhost:1420/node_modules/.vite/deps/chunk-HJOQ7T7N.js?v=92030f2b:1103:37
    at Proxy.register (http://localhost:1420/plugins/@deepseek-ai/dsh-client-runtime/client.js?rev=5404bd0408a5:333:20)
    at Object.apply (http://localhost:1420/node_modules/.vite/deps/chunk-HJOQ7T7N.js?v=92030f2b:125:38)
    at Fiber.<anonymous> (http://localhost:1420/plugins/@deepseek-ai/dsh-client-ui-directory-picker-browse/client.js?rev=184b9a4641ac:1027:21)
    at reconcile (http://localhost:1420/plugins/@deepseek-ai/dsh-client-runtime/client.js?rev=5404bd0408a5:81:33)
    at Fiber.<anonymous> (http://localhost:1420/plugins/@deepseek-ai/dsh-client-runtime/client.js?rev=5404bd0408a5:104:7)
    at http://localhost:1420/node_modules/.vite/deps/chunk-HJOQ7T7N.js?v=92030f2b:1103:37
    at Proxy.inject (http://localhost:1420/plugins/@deepseek-ai/dsh-client-runtime/client.js?rev=5404bd0408a5:57:35)
    at Object.apply (http://localhost:1420/node_modules/.vite/deps/chunk-HJOQ7T7N.js?v=92030f2b:125:38)
    at Fiber.<anonymous> (http://localhost:1420/plugins/@deepseek-ai/dsh-client-ui-directory-picker-browse/client.js?rev=184b9a4641ac:1026:82)
    at http://localhost:1420/node_modules/.vite/deps/chunk-HJOQ7T7N.js?v=92030f2b:1103:37
    at reconcile (http://localhost:1420/plugins/@deepseek-ai/dsh-client-runtime/client.js?rev=5404bd0408a5:81:33)
    at changed (http://localhost:1420/plugins/@deepseek-ai/dsh-client-runtime/client.js?rev=5404bd0408a5:89:8)
    at SlotCore.notifyDeclaration (http://localhost:1420/@fs/Users/acfufu/Codehub/dsh-desktop/frontend/packages/client/ui-slots/src/index.ts:397:53)
    at SlotCore.register (http://localhost:1420/@fs/Users/acfufu/Codehub/dsh-desktop/frontend/packages/client/ui-slots/src/index.ts:118:14)
    at Proxy._register (http://localhost:1420/plugins/@deepseek-ai/dsh-client-runtime/client.js?rev=5404bd0408a5:251:32)
    at Object.apply (http://localhost:1420/node_modules/.vite/deps/chunk-HJOQ7T7N.js?v=92030f2b:125:38)
    at Fiber.<anonymous> (http://localhost:1420/plugins/@deepseek-ai/dsh-client-runtime/client.js?rev=5404bd0408a5:333:50)
    at http://localhost:1420/node_modules/.vite/deps/chunk-HJOQ7T7N.js?v=92030f2b:1103:37
[ 4991125ms] [ERROR] Failed to load resource: the server responded with a status of 404 (Not Found) @ http://localhost:1420/api/dynamicCordisRunner/syncInspectManifest:0
[ 4991125ms] [ERROR] [cordis-client-runner] syncing inspect providers failed: Error: internal: client api: dynamicCordisRunner/syncInspectManifest failed: transport failure for /api/dynamicCordisRunner/syncInspectManifest: HTTP 404
    at Object.sync (http://localhost:1420/plugins/@deepseek-ai/dsh-cordis-client-runner/client.js?rev=53ff5565d917:3979:30)
    at async http://localhost:1420/plugins/@deepseek-ai/dsh-cordis-client-runner/client.js?rev=53ff5565d917:1023:7 @ http://localhost:1420/plugins/@deepseek-ai/dsh-cordis-client-runner/client.js?rev=53ff5565d917:1024
[ 4991128ms] [ERROR] Failed to load resource: the server responded with a status of 404 (Not Found) @ http://localhost:1420/api/dynamicCordisRunner/inventory:0
[ 4991128ms] [ERROR] [ui-cordis] reading the Cordis inventory failed: Error: internal: client api: dynamicCordisRunner/inventory failed: transport failure for /api/dynamicCordisRunner/inventory: HTTP 404
    at Object.inventory (http://localhost:1420/plugins/@deepseek-ai/dsh-client-ui-cordis/client.js?rev=7349dbb9ec78:1284:30) @ http://localhost:1420/plugins/@deepseek-ai/dsh-client-ui-cordis/client.js?rev=7349dbb9ec78:1288
[ 4991128ms] [ERROR] Failed to load resource: the server responded with a status of 404 (Not Found) @ http://localhost:1420/api/agentPreset.list:0
[ 4991399ms] [ERROR] Failed to load resource: the server responded with a status of 404 (Not Found) @ http://localhost:1420/api/host.describe:0
[ 4991399ms] [WARNING] WebSocket connection to 'ws://localhost:1420/api/events.mux' failed: WebSocket is closed before the connection is established. @ http://localhost:1420/plugins/@deepseek-ai/dsh-client-connection/client.js?rev=bc3c3fa9d26b:10055
[ 4991399ms] [WARNING] WebSocket connection to 'ws://localhost:1420/api/events.host' failed: WebSocket is closed before the connection is established. @ http://localhost:1420/plugins/@deepseek-ai/dsh-client-connection/client.js?rev=bc3c3fa9d26b:10055
[ 4991400ms] [WARNING] [web-runtime] connection lost, retry #2 @ http://localhost:1420/plugins/@deepseek-ai/dsh-client-connection/client.js?rev=bc3c3fa9d26b:115
[ 4992302ms] [ERROR] Failed to load resource: the server responded with a status of 404 (Not Found) @ http://localhost:1420/api/host.describe:0
[ 4992302ms] [WARNING] WebSocket connection to 'ws://localhost:1420/api/events.mux' failed: WebSocket is closed before the connection is established. @ http://localhost:1420/plugins/@deepseek-ai/dsh-client-connection/client.js?rev=bc3c3fa9d26b:10055
[ 4992302ms] [WARNING] WebSocket connection to 'ws://localhost:1420/api/events.host' failed: WebSocket is closed before the connection is established. @ http://localhost:1420/plugins/@deepseek-ai/dsh-client-connection/client.js?rev=bc3c3fa9d26b:10055
[ 4992302ms] [WARNING] [web-runtime] connection lost, retry #3 @ http://localhost:1420/plugins/@deepseek-ai/dsh-client-connection/client.js?rev=bc3c3fa9d26b:115
[ 4993685ms] [ERROR] Failed to load resource: the server responded with a status of 404 (Not Found) @ http://localhost:1420/api/host.pickDirectory:0
[ 4993920ms] [ERROR] Failed to load resource: the server responded with a status of 404 (Not Found) @ http://localhost:1420/api/host.describe:0
[ 4993920ms] [WARNING] WebSocket connection to 'ws://localhost:1420/api/events.mux' failed: WebSocket is closed before the connection is established. @ http://localhost:1420/plugins/@deepseek-ai/dsh-client-connection/client.js?rev=bc3c3fa9d26b:10055
[ 4993920ms] [WARNING] WebSocket connection to 'ws://localhost:1420/api/events.host' failed: WebSocket is closed before the connection is established. @ http://localhost:1420/plugins/@deepseek-ai/dsh-client-connection/client.js?rev=bc3c3fa9d26b:10055
[ 4993920ms] [WARNING] [web-runtime] connection lost, retry #4 @ http://localhost:1420/plugins/@deepseek-ai/dsh-client-connection/client.js?rev=bc3c3fa9d26b:115
[ 4997288ms] [ERROR] Failed to load resource: the server responded with a status of 404 (Not Found) @ http://localhost:1420/api/host.describe:0
[ 4997289ms] [WARNING] WebSocket connection to 'ws://localhost:1420/api/events.mux' failed: WebSocket is closed before the connection is established. @ http://localhost:1420/plugins/@deepseek-ai/dsh-client-connection/client.js?rev=bc3c3fa9d26b:10055
[ 4997289ms] [WARNING] WebSocket connection to 'ws://localhost:1420/api/events.host' failed: WebSocket is closed before the connection is established. @ http://localhost:1420/plugins/@deepseek-ai/dsh-client-connection/client.js?rev=bc3c3fa9d26b:10055
[ 4997289ms] [WARNING] [web-runtime] connection lost, retry #5 @ http://localhost:1420/plugins/@deepseek-ai/dsh-client-connection/client.js?rev=bc3c3fa9d26b:115
[ 5002289ms] [ERROR] Failed to load resource: the server responded with a status of 404 (Not Found) @ http://localhost:1420/api/host.describe:0
[ 5002289ms] [WARNING] WebSocket connection to 'ws://localhost:1420/api/events.mux' failed: WebSocket is closed before the connection is established. @ http://localhost:1420/plugins/@deepseek-ai/dsh-client-connection/client.js?rev=bc3c3fa9d26b:10055
[ 5002290ms] [WARNING] WebSocket connection to 'ws://localhost:1420/api/events.host' failed: WebSocket is closed before the connection is established. @ http://localhost:1420/plugins/@deepseek-ai/dsh-client-connection/client.js?rev=bc3c3fa9d26b:10055
[ 5002290ms] [WARNING] [web-runtime] connection lost, retry #6 @ http://localhost:1420/plugins/@deepseek-ai/dsh-client-connection/client.js?rev=bc3c3fa9d26b:115
[ 5010755ms] [ERROR] Failed to load resource: the server responded with a status of 404 (Not Found) @ http://localhost:1420/api/host.describe:0
[ 5010756ms] [WARNING] WebSocket connection to 'ws://localhost:1420/api/events.mux' failed: WebSocket is closed before the connection is established. @ http://localhost:1420/plugins/@deepseek-ai/dsh-client-connection/client.js?rev=bc3c3fa9d26b:10055
[ 5010756ms] [WARNING] WebSocket connection to 'ws://localhost:1420/api/events.host' failed: WebSocket is closed before the connection is established. @ http://localhost:1420/plugins/@deepseek-ai/dsh-client-connection/client.js?rev=bc3c3fa9d26b:10055
[ 5010756ms] [WARNING] [web-runtime] connection lost, retry #7 @ http://localhost:1420/plugins/@deepseek-ai/dsh-client-connection/client.js?rev=bc3c3fa9d26b:115
[ 5017036ms] [ERROR] Failed to load resource: the server responded with a status of 404 (Not Found) @ http://localhost:1420/api/host.describe:0
[ 5017037ms] [WARNING] WebSocket connection to 'ws://localhost:1420/api/events.mux' failed: WebSocket is closed before the connection is established. @ http://localhost:1420/plugins/@deepseek-ai/dsh-client-connection/client.js?rev=bc3c3fa9d26b:10055
[ 5017037ms] [WARNING] WebSocket connection to 'ws://localhost:1420/api/events.host' failed: WebSocket is closed before the connection is established. @ http://localhost:1420/plugins/@deepseek-ai/dsh-client-connection/client.js?rev=bc3c3fa9d26b:10055
[ 5017037ms] [WARNING] [web-runtime] connection lost, retry #8 @ http://localhost:1420/plugins/@deepseek-ai/dsh-client-connection/client.js?rev=bc3c3fa9d26b:115
[ 5024073ms] [ERROR] Failed to load resource: the server responded with a status of 404 (Not Found) @ http://localhost:1420/api/host.describe:0
[ 5024073ms] [WARNING] WebSocket connection to 'ws://localhost:1420/api/events.mux' failed: WebSocket is closed before the connection is established. @ http://localhost:1420/plugins/@deepseek-ai/dsh-client-connection/client.js?rev=bc3c3fa9d26b:10055
[ 5024073ms] [WARNING] WebSocket connection to 'ws://localhost:1420/api/events.host' failed: WebSocket is closed before the connection is established. @ http://localhost:1420/plugins/@deepseek-ai/dsh-client-connection/client.js?rev=bc3c3fa9d26b:10055
[ 5024073ms] [WARNING] [web-runtime] connection lost, retry #9 @ http://localhost:1420/plugins/@deepseek-ai/dsh-client-connection/client.js?rev=bc3c3fa9d26b:115
[ 5029743ms] [ERROR] Failed to load resource: the server responded with a status of 404 (Not Found) @ http://localhost:1420/api/host.describe:0
[ 5029743ms] [WARNING] WebSocket connection to 'ws://localhost:1420/api/events.mux' failed: WebSocket is closed before the connection is established. @ http://localhost:1420/plugins/@deepseek-ai/dsh-client-connection/client.js?rev=bc3c3fa9d26b:10055
[ 5029743ms] [WARNING] WebSocket connection to 'ws://localhost:1420/api/events.host' failed: WebSocket is closed before the connection is established. @ http://localhost:1420/plugins/@deepseek-ai/dsh-client-connection/client.js?rev=bc3c3fa9d26b:10055
[ 5029744ms] [WARNING] [web-runtime] connection lost, retry #10 @ http://localhost:1420/plugins/@deepseek-ai/dsh-client-connection/client.js?rev=bc3c3fa9d26b:115
[ 5038481ms] [ERROR] Failed to load resource: the server responded with a status of 404 (Not Found) @ http://localhost:1420/api/host.describe:0
[ 5038481ms] [WARNING] WebSocket connection to 'ws://localhost:1420/api/events.mux' failed: WebSocket is closed before the connection is established. @ http://localhost:1420/plugins/@deepseek-ai/dsh-client-connection/client.js?rev=bc3c3fa9d26b:10055
[ 5038481ms] [WARNING] WebSocket connection to 'ws://localhost:1420/api/events.host' failed: WebSocket is closed before the connection is established. @ http://localhost:1420/plugins/@deepseek-ai/dsh-client-connection/client.js?rev=bc3c3fa9d26b:10055
[ 5038481ms] [WARNING] [web-runtime] connection lost, retry #11 @ http://localhost:1420/plugins/@deepseek-ai/dsh-client-connection/client.js?rev=bc3c3fa9d26b:115
[ 5047004ms] [ERROR] Failed to load resource: the server responded with a status of 404 (Not Found) @ http://localhost:1420/api/host.describe:0
[ 5047004ms] [WARNING] WebSocket connection to 'ws://localhost:1420/api/events.mux' failed: WebSocket is closed before the connection is established. @ http://localhost:1420/plugins/@deepseek-ai/dsh-client-connection/client.js?rev=bc3c3fa9d26b:10055
[ 5047004ms] [WARNING] WebSocket connection to 'ws://localhost:1420/api/events.host' failed: WebSocket is closed before the connection is established. @ http://localhost:1420/plugins/@deepseek-ai/dsh-client-connection/client.js?rev=bc3c3fa9d26b:10055
[ 5047004ms] [WARNING] [web-runtime] connection lost, retry #12 @ http://localhost:1420/plugins/@deepseek-ai/dsh-client-connection/client.js?rev=bc3c3fa9d26b:115
[ 5052844ms] [ERROR] Failed to load resource: the server responded with a status of 404 (Not Found) @ http://localhost:1420/api/host.describe:0
[ 5052844ms] [WARNING] WebSocket connection to 'ws://localhost:1420/api/events.mux' failed: WebSocket is closed before the connection is established. @ http://localhost:1420/plugins/@deepseek-ai/dsh-client-connection/client.js?rev=bc3c3fa9d26b:10055
[ 5052844ms] [WARNING] WebSocket connection to 'ws://localhost:1420/api/events.host' failed: WebSocket is closed before the connection is established. @ http://localhost:1420/plugins/@deepseek-ai/dsh-client-connection/client.js?rev=bc3c3fa9d26b:10055
[ 5052844ms] [WARNING] [web-runtime] connection lost, retry #13 @ http://localhost:1420/plugins/@deepseek-ai/dsh-client-connection/client.js?rev=bc3c3fa9d26b:115
[ 5060388ms] [ERROR] Failed to load resource: the server responded with a status of 404 (Not Found) @ http://localhost:1420/api/host.describe:0
[ 5060389ms] [WARNING] WebSocket connection to 'ws://localhost:1420/api/events.mux' failed: WebSocket is closed before the connection is established. @ http://localhost:1420/plugins/@deepseek-ai/dsh-client-connection/client.js?rev=bc3c3fa9d26b:10055
[ 5060389ms] [WARNING] WebSocket connection to 'ws://localhost:1420/api/events.host' failed: WebSocket is closed before the connection is established. @ http://localhost:1420/plugins/@deepseek-ai/dsh-client-connection/client.js?rev=bc3c3fa9d26b:10055
[ 5060389ms] [WARNING] [web-runtime] connection lost, retry #14 @ http://localhost:1420/plugins/@deepseek-ai/dsh-client-connection/client.js?rev=bc3c3fa9d26b:115
[ 5067471ms] [ERROR] Failed to load resource: the server responded with a status of 404 (Not Found) @ http://localhost:1420/api/host.describe:0
[ 5067471ms] [WARNING] WebSocket connection to 'ws://localhost:1420/api/events.mux' failed: WebSocket is closed before the connection is established. @ http://localhost:1420/plugins/@deepseek-ai/dsh-client-connection/client.js?rev=bc3c3fa9d26b:10055
[ 5067471ms] [WARNING] WebSocket connection to 'ws://localhost:1420/api/events.host' failed: WebSocket is closed before the connection is established. @ http://localhost:1420/plugins/@deepseek-ai/dsh-client-connection/client.js?rev=bc3c3fa9d26b:10055
[ 5067471ms] [WARNING] [web-runtime] connection lost, retry #15 @ http://localhost:1420/plugins/@deepseek-ai/dsh-client-connection/client.js?rev=bc3c3fa9d26b:115
[ 5075938ms] [ERROR] Failed to load resource: the server responded with a status of 404 (Not Found) @ http://localhost:1420/api/host.describe:0
[ 5075938ms] [WARNING] WebSocket connection to 'ws://localhost:1420/api/events.mux' failed: WebSocket is closed before the connection is established. @ http://localhost:1420/plugins/@deepseek-ai/dsh-client-connection/client.js?rev=bc3c3fa9d26b:10055
[ 5075938ms] [WARNING] WebSocket connection to 'ws://localhost:1420/api/events.host' failed: WebSocket is closed before the connection is established. @ http://localhost:1420/plugins/@deepseek-ai/dsh-client-connection/client.js?rev=bc3c3fa9d26b:10055
[ 5075939ms] [WARNING] [web-runtime] connection lost, retry #16 @ http://localhost:1420/plugins/@deepseek-ai/dsh-client-connection/client.js?rev=bc3c3fa9d26b:115
[ 5082666ms] [ERROR] Failed to load resource: the server responded with a status of 404 (Not Found) @ http://localhost:1420/api/host.describe:0
[ 5082666ms] [WARNING] WebSocket connection to 'ws://localhost:1420/api/events.mux' failed: WebSocket is closed before the connection is established. @ http://localhost:1420/plugins/@deepseek-ai/dsh-client-connection/client.js?rev=bc3c3fa9d26b:10055
[ 5082666ms] [WARNING] WebSocket connection to 'ws://localhost:1420/api/events.host' failed: WebSocket is closed before the connection is established. @ http://localhost:1420/plugins/@deepseek-ai/dsh-client-connection/client.js?rev=bc3c3fa9d26b:10055
[ 5082666ms] [WARNING] [web-runtime] connection lost, retry #17 @ http://localhost:1420/plugins/@deepseek-ai/dsh-client-connection/client.js?rev=bc3c3fa9d26b:115
[ 5089671ms] [ERROR] Failed to load resource: the server responded with a status of 404 (Not Found) @ http://localhost:1420/api/host.describe:0
[ 5089671ms] [WARNING] WebSocket connection to 'ws://localhost:1420/api/events.mux' failed: WebSocket is closed before the connection is established. @ http://localhost:1420/plugins/@deepseek-ai/dsh-client-connection/client.js?rev=bc3c3fa9d26b:10055
[ 5089671ms] [WARNING] WebSocket connection to 'ws://localhost:1420/api/events.host' failed: WebSocket is closed before the connection is established. @ http://localhost:1420/plugins/@deepseek-ai/dsh-client-connection/client.js?rev=bc3c3fa9d26b:10055
[ 5089671ms] [WARNING] [web-runtime] connection lost, retry #18 @ http://localhost:1420/plugins/@deepseek-ai/dsh-client-connection/client.js?rev=bc3c3fa9d26b:115
[ 5097088ms] [ERROR] Failed to load resource: the server responded with a status of 404 (Not Found) @ http://localhost:1420/api/host.describe:0
[ 5097088ms] [WARNING] WebSocket connection to 'ws://localhost:1420/api/events.mux' failed: WebSocket is closed before the connection is established. @ http://localhost:1420/plugins/@deepseek-ai/dsh-client-connection/client.js?rev=bc3c3fa9d26b:10055
[ 5097088ms] [WARNING] WebSocket connection to 'ws://localhost:1420/api/events.host' failed: WebSocket is closed before the connection is established. @ http://localhost:1420/plugins/@deepseek-ai/dsh-client-connection/client.js?rev=bc3c3fa9d26b:10055
[ 5097089ms] [WARNING] [web-runtime] connection lost, retry #19 @ http://localhost:1420/plugins/@deepseek-ai/dsh-client-connection/client.js?rev=bc3c3fa9d26b:115
[ 5103304ms] [ERROR] Failed to load resource: the server responded with a status of 404 (Not Found) @ http://localhost:1420/api/host.describe:0
[ 5103304ms] [WARNING] WebSocket connection to 'ws://localhost:1420/api/events.mux' failed: WebSocket is closed before the connection is established. @ http://localhost:1420/plugins/@deepseek-ai/dsh-client-connection/client.js?rev=bc3c3fa9d26b:10055
[ 5103304ms] [WARNING] WebSocket connection to 'ws://localhost:1420/api/events.host' failed: WebSocket is closed before the connection is established. @ http://localhost:1420/plugins/@deepseek-ai/dsh-client-connection/client.js?rev=bc3c3fa9d26b:10055
[ 5103304ms] [WARNING] [web-runtime] connection lost, retry #20 @ http://localhost:1420/plugins/@deepseek-ai/dsh-client-connection/client.js?rev=bc3c3fa9d26b:115
[ 5110855ms] [ERROR] Failed to load resource: the server responded with a status of 404 (Not Found) @ http://localhost:1420/api/host.describe:0
[ 5110855ms] [WARNING] WebSocket connection to 'ws://localhost:1420/api/events.mux' failed: WebSocket is closed before the connection is established. @ http://localhost:1420/plugins/@deepseek-ai/dsh-client-connection/client.js?rev=bc3c3fa9d26b:10055
[ 5110855ms] [WARNING] WebSocket connection to 'ws://localhost:1420/api/events.host' failed: WebSocket is closed before the connection is established. @ http://localhost:1420/plugins/@deepseek-ai/dsh-client-connection/client.js?rev=bc3c3fa9d26b:10055
[ 5110855ms] [WARNING] [web-runtime] connection lost, retry #21 @ http://localhost:1420/plugins/@deepseek-ai/dsh-client-connection/client.js?rev=bc3c3fa9d26b:115
[ 5116613ms] [ERROR] Failed to load resource: the server responded with a status of 404 (Not Found) @ http://localhost:1420/api/host.describe:0
[ 5116613ms] [WARNING] WebSocket connection to 'ws://localhost:1420/api/events.mux' failed: WebSocket is closed before the connection is established. @ http://localhost:1420/plugins/@deepseek-ai/dsh-client-connection/client.js?rev=bc3c3fa9d26b:10055
[ 5116613ms] [WARNING] WebSocket connection to 'ws://localhost:1420/api/events.host' failed: WebSocket is closed before the connection is established. @ http://localhost:1420/plugins/@deepseek-ai/dsh-client-connection/client.js?rev=bc3c3fa9d26b:10055
[ 5116613ms] [WARNING] [web-runtime] connection lost, retry #22 @ http://localhost:1420/plugins/@deepseek-ai/dsh-client-connection/client.js?rev=bc3c3fa9d26b:115
[ 5122220ms] [ERROR] Failed to load resource: the server responded with a status of 404 (Not Found) @ http://localhost:1420/api/host.describe:0
[ 5122220ms] [WARNING] WebSocket connection to 'ws://localhost:1420/api/events.mux' failed: WebSocket is closed before the connection is established. @ http://localhost:1420/plugins/@deepseek-ai/dsh-client-connection/client.js?rev=bc3c3fa9d26b:10055
[ 5122220ms] [WARNING] WebSocket connection to 'ws://localhost:1420/api/events.host' failed: WebSocket is closed before the connection is established. @ http://localhost:1420/plugins/@deepseek-ai/dsh-client-connection/client.js?rev=bc3c3fa9d26b:10055
[ 5122220ms] [WARNING] [web-runtime] connection lost, retry #23 @ http://localhost:1420/plugins/@deepseek-ai/dsh-client-connection/client.js?rev=bc3c3fa9d26b:115
[ 5128358ms] [ERROR] Failed to load resource: the server responded with a status of 404 (Not Found) @ http://localhost:1420/api/host.describe:0
[ 5128359ms] [WARNING] WebSocket connection to 'ws://localhost:1420/api/events.mux' failed: WebSocket is closed before the connection is established. @ http://localhost:1420/plugins/@deepseek-ai/dsh-client-connection/client.js?rev=bc3c3fa9d26b:10055
[ 5128359ms] [WARNING] WebSocket connection to 'ws://localhost:1420/api/events.host' failed: WebSocket is closed before the connection is established. @ http://localhost:1420/plugins/@deepseek-ai/dsh-client-connection/client.js?rev=bc3c3fa9d26b:10055
[ 5128359ms] [WARNING] [web-runtime] connection lost, retry #24 @ http://localhost:1420/plugins/@deepseek-ai/dsh-client-connection/client.js?rev=bc3c3fa9d26b:115
[ 5134005ms] [ERROR] Failed to load resource: the server responded with a status of 404 (Not Found) @ http://localhost:1420/api/host.describe:0
[ 5134005ms] [WARNING] WebSocket connection to 'ws://localhost:1420/api/events.mux' failed: WebSocket is closed before the connection is established. @ http://localhost:1420/plugins/@deepseek-ai/dsh-client-connection/client.js?rev=bc3c3fa9d26b:10055
[ 5134006ms] [WARNING] WebSocket connection to 'ws://localhost:1420/api/events.host' failed: WebSocket is closed before the connection is established. @ http://localhost:1420/plugins/@deepseek-ai/dsh-client-connection/client.js?rev=bc3c3fa9d26b:10055
[ 5134006ms] [WARNING] [web-runtime] connection lost, retry #25 @ http://localhost:1420/plugins/@deepseek-ai/dsh-client-connection/client.js?rev=bc3c3fa9d26b:115
[ 5142698ms] [ERROR] Failed to load resource: the server responded with a status of 404 (Not Found) @ http://localhost:1420/api/host.describe:0
[ 5142698ms] [WARNING] WebSocket connection to 'ws://localhost:1420/api/events.mux' failed: WebSocket is closed before the connection is established. @ http://localhost:1420/plugins/@deepseek-ai/dsh-client-connection/client.js?rev=bc3c3fa9d26b:10055
[ 5142698ms] [WARNING] WebSocket connection to 'ws://localhost:1420/api/events.host' failed: WebSocket is closed before the connection is established. @ http://localhost:1420/plugins/@deepseek-ai/dsh-client-connection/client.js?rev=bc3c3fa9d26b:10055
[ 5142699ms] [WARNING] [web-runtime] connection lost, retry #26 @ http://localhost:1420/plugins/@deepseek-ai/dsh-client-connection/client.js?rev=bc3c3fa9d26b:115
[ 5150477ms] [ERROR] Failed to load resource: the server responded with a status of 404 (Not Found) @ http://localhost:1420/api/host.describe:0
[ 5150477ms] [WARNING] WebSocket connection to 'ws://localhost:1420/api/events.mux' failed: WebSocket is closed before the connection is established. @ http://localhost:1420/plugins/@deepseek-ai/dsh-client-connection/client.js?rev=bc3c3fa9d26b:10055
[ 5150477ms] [WARNING] WebSocket connection to 'ws://localhost:1420/api/events.host' failed: WebSocket is closed before the connection is established. @ http://localhost:1420/plugins/@deepseek-ai/dsh-client-connection/client.js?rev=bc3c3fa9d26b:10055
[ 5150477ms] [WARNING] [web-runtime] connection lost, retry #27 @ http://localhost:1420/plugins/@deepseek-ai/dsh-client-connection/client.js?rev=bc3c3fa9d26b:115
[ 5159421ms] [ERROR] Failed to load resource: the server responded with a status of 404 (Not Found) @ http://localhost:1420/api/host.describe:0
[ 5159421ms] [WARNING] WebSocket connection to 'ws://localhost:1420/api/events.mux' failed: WebSocket is closed before the connection is established. @ http://localhost:1420/plugins/@deepseek-ai/dsh-client-connection/client.js?rev=bc3c3fa9d26b:10055
[ 5159421ms] [WARNING] WebSocket connection to 'ws://localhost:1420/api/events.host' failed: WebSocket is closed before the connection is established. @ http://localhost:1420/plugins/@deepseek-ai/dsh-client-connection/client.js?rev=bc3c3fa9d26b:10055
[ 5159421ms] [WARNING] [web-runtime] connection lost, retry #28 @ http://localhost:1420/plugins/@deepseek-ai/dsh-client-connection/client.js?rev=bc3c3fa9d26b:115
[ 5165339ms] [ERROR] Failed to load resource: the server responded with a status of 404 (Not Found) @ http://localhost:1420/api/host.describe:0
[ 5165339ms] [WARNING] WebSocket connection to 'ws://localhost:1420/api/events.mux' failed: WebSocket is closed before the connection is established. @ http://localhost:1420/plugins/@deepseek-ai/dsh-client-connection/client.js?rev=bc3c3fa9d26b:10055
[ 5165339ms] [WARNING] WebSocket connection to 'ws://localhost:1420/api/events.host' failed: WebSocket is closed before the connection is established. @ http://localhost:1420/plugins/@deepseek-ai/dsh-client-connection/client.js?rev=bc3c3fa9d26b:10055
[ 5165340ms] [WARNING] [web-runtime] connection lost, retry #29 @ http://localhost:1420/plugins/@deepseek-ai/dsh-client-connection/client.js?rev=bc3c3fa9d26b:115
[ 5175262ms] [ERROR] Failed to load resource: the server responded with a status of 404 (Not Found) @ http://localhost:1420/api/host.describe:0
[ 5175262ms] [WARNING] WebSocket connection to 'ws://localhost:1420/api/events.mux' failed: WebSocket is closed before the connection is established. @ http://localhost:1420/plugins/@deepseek-ai/dsh-client-connection/client.js?rev=bc3c3fa9d26b:10055
[ 5175262ms] [WARNING] WebSocket connection to 'ws://localhost:1420/api/events.host' failed: WebSocket is closed before the connection is established. @ http://localhost:1420/plugins/@deepseek-ai/dsh-client-connection/client.js?rev=bc3c3fa9d26b:10055
[ 5175263ms] [WARNING] [web-runtime] connection lost, retry #30 @ http://localhost:1420/plugins/@deepseek-ai/dsh-client-connection/client.js?rev=bc3c3fa9d26b:115
[ 5181311ms] [ERROR] Failed to load resource: the server responded with a status of 404 (Not Found) @ http://localhost:1420/api/host.describe:0
[ 5181312ms] [WARNING] WebSocket connection to 'ws://localhost:1420/api/events.mux' failed: WebSocket is closed before the connection is established. @ http://localhost:1420/plugins/@deepseek-ai/dsh-client-connection/client.js?rev=bc3c3fa9d26b:10055
[ 5181312ms] [WARNING] WebSocket connection to 'ws://localhost:1420/api/events.host' failed: WebSocket is closed before the connection is established. @ http://localhost:1420/plugins/@deepseek-ai/dsh-client-connection/client.js?rev=bc3c3fa9d26b:10055
[ 5181313ms] [WARNING] [web-runtime] connection lost, retry #31 @ http://localhost:1420/plugins/@deepseek-ai/dsh-client-connection/client.js?rev=bc3c3fa9d26b:115
[ 5190371ms] [ERROR] Failed to load resource: the server responded with a status of 404 (Not Found) @ http://localhost:1420/api/host.describe:0
[ 5190372ms] [WARNING] WebSocket connection to 'ws://localhost:1420/api/events.mux' failed: WebSocket is closed before the connection is established. @ http://localhost:1420/plugins/@deepseek-ai/dsh-client-connection/client.js?rev=bc3c3fa9d26b:10055
[ 5190372ms] [WARNING] WebSocket connection to 'ws://localhost:1420/api/events.host' failed: WebSocket is closed before the connection is established. @ http://localhost:1420/plugins/@deepseek-ai/dsh-client-connection/client.js?rev=bc3c3fa9d26b:10055
[ 5190372ms] [WARNING] [web-runtime] connection lost, retry #32 @ http://localhost:1420/plugins/@deepseek-ai/dsh-client-connection/client.js?rev=bc3c3fa9d26b:115
[ 5197720ms] [ERROR] Failed to load resource: the server responded with a status of 404 (Not Found) @ http://localhost:1420/api/host.describe:0
[ 5197720ms] [WARNING] WebSocket connection to 'ws://localhost:1420/api/events.mux' failed: WebSocket is closed before the connection is established. @ http://localhost:1420/plugins/@deepseek-ai/dsh-client-connection/client.js?rev=bc3c3fa9d26b:10055
[ 5197720ms] [WARNING] WebSocket connection to 'ws://localhost:1420/api/events.host' failed: WebSocket is closed before the connection is established. @ http://localhost:1420/plugins/@deepseek-ai/dsh-client-connection/client.js?rev=bc3c3fa9d26b:10055
[ 5197721ms] [WARNING] [web-runtime] connection lost, retry #33 @ http://localhost:1420/plugins/@deepseek-ai/dsh-client-connection/client.js?rev=bc3c3fa9d26b:115
[ 5204898ms] [ERROR] Failed to load resource: the server responded with a status of 404 (Not Found) @ http://localhost:1420/api/host.describe:0
[ 5204898ms] [WARNING] WebSocket connection to 'ws://localhost:1420/api/events.mux' failed: WebSocket is closed before the connection is established. @ http://localhost:1420/plugins/@deepseek-ai/dsh-client-connection/client.js?rev=bc3c3fa9d26b:10055
[ 5204898ms] [WARNING] WebSocket connection to 'ws://localhost:1420/api/events.host' failed: WebSocket is closed before the connection is established. @ http://localhost:1420/plugins/@deepseek-ai/dsh-client-connection/client.js?rev=bc3c3fa9d26b:10055
[ 5204899ms] [WARNING] [web-runtime] connection lost, retry #34 @ http://localhost:1420/plugins/@deepseek-ai/dsh-client-connection/client.js?rev=bc3c3fa9d26b:115
[ 5213173ms] [ERROR] Failed to load resource: the server responded with a status of 404 (Not Found) @ http://localhost:1420/api/host.describe:0
[ 5213173ms] [WARNING] WebSocket connection to 'ws://localhost:1420/api/events.mux' failed: WebSocket is closed before the connection is established. @ http://localhost:1420/plugins/@deepseek-ai/dsh-client-connection/client.js?rev=bc3c3fa9d26b:10055
[ 5213173ms] [WARNING] WebSocket connection to 'ws://localhost:1420/api/events.host' failed: WebSocket is closed before the connection is established. @ http://localhost:1420/plugins/@deepseek-ai/dsh-client-connection/client.js?rev=bc3c3fa9d26b:10055
[ 5213173ms] [WARNING] [web-runtime] connection lost, retry #35 @ http://localhost:1420/plugins/@deepseek-ai/dsh-client-connection/client.js?rev=bc3c3fa9d26b:115
[ 5219757ms] [ERROR] Failed to load resource: the server responded with a status of 404 (Not Found) @ http://localhost:1420/api/host.describe:0
[ 5219757ms] [WARNING] WebSocket connection to 'ws://localhost:1420/api/events.mux' failed: WebSocket is closed before the connection is established. @ http://localhost:1420/plugins/@deepseek-ai/dsh-client-connection/client.js?rev=bc3c3fa9d26b:10055
[ 5219757ms] [WARNING] WebSocket connection to 'ws://localhost:1420/api/events.host' failed: WebSocket is closed before the connection is established. @ http://localhost:1420/plugins/@deepseek-ai/dsh-client-connection/client.js?rev=bc3c3fa9d26b:10055
[ 5219757ms] [WARNING] [web-runtime] connection lost, retry #36 @ http://localhost:1420/plugins/@deepseek-ai/dsh-client-connection/client.js?rev=bc3c3fa9d26b:115
[ 5226521ms] [ERROR] Failed to load resource: the server responded with a status of 404 (Not Found) @ http://localhost:1420/api/host.describe:0
[ 5226522ms] [WARNING] WebSocket connection to 'ws://localhost:1420/api/events.mux' failed: WebSocket is closed before the connection is established. @ http://localhost:1420/plugins/@deepseek-ai/dsh-client-connection/client.js?rev=bc3c3fa9d26b:10055
[ 5226522ms] [WARNING] WebSocket connection to 'ws://localhost:1420/api/events.host' failed: WebSocket is closed before the connection is established. @ http://localhost:1420/plugins/@deepseek-ai/dsh-client-connection/client.js?rev=bc3c3fa9d26b:10055
[ 5226522ms] [WARNING] [web-runtime] connection lost, retry #37 @ http://localhost:1420/plugins/@deepseek-ai/dsh-client-connection/client.js?rev=bc3c3fa9d26b:115
[ 5231938ms] [ERROR] Failed to load resource: the server responded with a status of 404 (Not Found) @ http://localhost:1420/api/host.describe:0
[ 5231938ms] [WARNING] WebSocket connection to 'ws://localhost:1420/api/events.mux' failed: WebSocket is closed before the connection is established. @ http://localhost:1420/plugins/@deepseek-ai/dsh-client-connection/client.js?rev=bc3c3fa9d26b:10055
[ 5231938ms] [WARNING] WebSocket connection to 'ws://localhost:1420/api/events.host' failed: WebSocket is closed before the connection is established. @ http://localhost:1420/plugins/@deepseek-ai/dsh-client-connection/client.js?rev=bc3c3fa9d26b:10055
[ 5231938ms] [WARNING] [web-runtime] connection lost, retry #38 @ http://localhost:1420/plugins/@deepseek-ai/dsh-client-connection/client.js?rev=bc3c3fa9d26b:115
[ 5239840ms] [ERROR] Failed to load resource: the server responded with a status of 404 (Not Found) @ http://localhost:1420/api/host.describe:0
[ 5239840ms] [WARNING] WebSocket connection to 'ws://localhost:1420/api/events.mux' failed: WebSocket is closed before the connection is established. @ http://localhost:1420/plugins/@deepseek-ai/dsh-client-connection/client.js?rev=bc3c3fa9d26b:10055
[ 5239840ms] [WARNING] WebSocket connection to 'ws://localhost:1420/api/events.host' failed: WebSocket is closed before the connection is established. @ http://localhost:1420/plugins/@deepseek-ai/dsh-client-connection/client.js?rev=bc3c3fa9d26b:10055
[ 5239840ms] [WARNING] [web-runtime] connection lost, retry #39 @ http://localhost:1420/plugins/@deepseek-ai/dsh-client-connection/client.js?rev=bc3c3fa9d26b:115
[ 5248813ms] [ERROR] Failed to load resource: the server responded with a status of 404 (Not Found) @ http://localhost:1420/api/host.describe:0
[ 5248813ms] [WARNING] WebSocket connection to 'ws://localhost:1420/api/events.mux' failed: WebSocket is closed before the connection is established. @ http://localhost:1420/plugins/@deepseek-ai/dsh-client-connection/client.js?rev=bc3c3fa9d26b:10055
[ 5248813ms] [WARNING] WebSocket connection to 'ws://localhost:1420/api/events.host' failed: WebSocket is closed before the connection is established. @ http://localhost:1420/plugins/@deepseek-ai/dsh-client-connection/client.js?rev=bc3c3fa9d26b:10055
[ 5248813ms] [WARNING] [web-runtime] connection lost, retry #40 @ http://localhost:1420/plugins/@deepseek-ai/dsh-client-connection/client.js?rev=bc3c3fa9d26b:115
[ 5252298ms] [INFO] %cDownload the React DevTools for a better development experience: https://reactjs.org/link/react-devtools font-weight:bold @ http://localhost:1420/node_modules/.vite/deps/chunk-TXZYISKW.js?v=92030f2b:21608
[ 5252556ms] [ERROR] Error: failed to import loader entry 626f53a3 (@deepseek-ai/dsh-client-connection): client-modules: require("@deepseek-ai/dsh-host-apiproxy/api") missed the module table — not a platform seed word, not a shell-own module, and no registered factory (a build-time externals drift, or a forbidden cross-plugin value import)
    at updateError (http://localhost:1420/node_modules/.vite/deps/@deepseek-ai_cordis-plugin-loader.js?v=92030f2b:309:10)
    at _a4._init (http://localhost:1420/node_modules/.vite/deps/@deepseek-ai_cordis-plugin-loader.js?v=92030f2b:525:13)
    at async _a4.init (http://localhost:1420/node_modules/.vite/deps/@deepseek-ai_cordis-plugin-loader.js?v=92030f2b:505:7)
    at async _a4.update (http://localhost:1420/node_modules/.vite/deps/@deepseek-ai_cordis-plugin-loader.js?v=92030f2b:435:41)
    at async _a.create (http://localhost:1420/node_modules/.vite/deps/@deepseek-ai_cordis-plugin-loader.js?v=92030f2b:73:7)
    at async Proxy.create (http://localhost:1420/node_modules/.vite/deps/@deepseek-ai_cordis-plugin-loader.js?v=92030f2b:234:16)
    at async http://localhost:1420/@fs/Users/acfufu/Codehub/dsh-desktop/frontend/packages/client/web/src/boot.tsx:112:18
    at async Promise.all (index 3)
    at async AppWebEntry.runPluginBoot (http://localhost:1420/@fs/Users/acfufu/Codehub/dsh-desktop/frontend/packages/client/web/src/boot.tsx:110:5)
    at async AppWebEntry.run (http://localhost:1420/@fs/Users/acfufu/Codehub/dsh-desktop/frontend/packages/client/web/src/boot.tsx:81:7) @ http://localhost:1420/@fs/Users/acfufu/Codehub/dsh-desktop/frontend/packages/client/web/src/boot.tsx:83
[ 5252580ms] [ERROR] Failed to load resource: the server responded with a status of 404 (Not Found) @ http://localhost:1420/plugins/events:0
[ 5309252ms] [INFO] %cDownload the React DevTools for a better development experience: https://reactjs.org/link/react-devtools font-weight:bold @ http://localhost:1420/node_modules/.vite/deps/chunk-TXZYISKW.js?v=92030f2b:21608
[ 5309499ms] [ERROR] Error: failed to import loader entry 376aac16 (@deepseek-ai/dsh-client-connection): client-modules: require("@deepseek-ai/dsh-host-apiproxy/api") missed the module table — not a platform seed word, not a shell-own module, and no registered factory (a build-time externals drift, or a forbidden cross-plugin value import)
    at updateError (http://localhost:1420/node_modules/.vite/deps/@deepseek-ai_cordis-plugin-loader.js?v=92030f2b:309:10)
    at _a4._init (http://localhost:1420/node_modules/.vite/deps/@deepseek-ai_cordis-plugin-loader.js?v=92030f2b:525:13)
    at async _a4.init (http://localhost:1420/node_modules/.vite/deps/@deepseek-ai_cordis-plugin-loader.js?v=92030f2b:505:7)
    at async _a4.update (http://localhost:1420/node_modules/.vite/deps/@deepseek-ai_cordis-plugin-loader.js?v=92030f2b:435:41)
    at async _a.create (http://localhost:1420/node_modules/.vite/deps/@deepseek-ai_cordis-plugin-loader.js?v=92030f2b:73:7)
    at async Proxy.create (http://localhost:1420/node_modules/.vite/deps/@deepseek-ai_cordis-plugin-loader.js?v=92030f2b:234:16)
    at async http://localhost:1420/@fs/Users/acfufu/Codehub/dsh-desktop/frontend/packages/client/web/src/boot.tsx:112:18
    at async Promise.all (index 3)
    at async AppWebEntry.runPluginBoot (http://localhost:1420/@fs/Users/acfufu/Codehub/dsh-desktop/frontend/packages/client/web/src/boot.tsx:110:5)
    at async AppWebEntry.run (http://localhost:1420/@fs/Users/acfufu/Codehub/dsh-desktop/frontend/packages/client/web/src/boot.tsx:81:7) @ http://localhost:1420/@fs/Users/acfufu/Codehub/dsh-desktop/frontend/packages/client/web/src/boot.tsx:83
[ 5309515ms] [ERROR] Failed to load resource: the server responded with a status of 404 (Not Found) @ http://localhost:1420/plugins/events:0
[ 5531067ms] [INFO] %cDownload the React DevTools for a better development experience: https://reactjs.org/link/react-devtools font-weight:bold @ http://localhost:1420/node_modules/.vite/deps/chunk-TXZYISKW.js?v=92030f2b:21608
[ 5531281ms] [ERROR] Connecting to 'http://127.0.0.1:13999/api/host.describe' violates the following Content Security Policy directive: "connect-src 'self' ws://localhost:1420 ipc: http://ipc.localhost". The action has been blocked. @ :6
[ 5531282ms] [ERROR] Fetch API cannot load http://127.0.0.1:13999/api/host.describe. Refused to connect because it violates the document's Content Security Policy. @ :6
[ 5531284ms] [WARNING] [web-runtime] connection lost, retry #1 @ http://localhost:1420/plugins/@deepseek-ai/dsh-client-connection/client.js?rev=a2c03f913693:116
[ 5531297ms] [ERROR] Failed to load resource: the server responded with a status of 404 (Not Found) @ http://localhost:1420/plugins/events:0
[ 5531304ms] [ERROR] Connecting to 'http://127.0.0.1:13999/api/settings.describe' violates the following Content Security Policy directive: "connect-src 'self' ws://localhost:1420 ipc: http://ipc.localhost". The action has been blocked. @ :6
[ 5531304ms] [ERROR] Fetch API cannot load http://127.0.0.1:13999/api/settings.describe. Refused to connect because it violates the document's Content Security Policy. @ :6
[ 5531308ms] [ERROR] Connecting to 'http://127.0.0.1:13999/api/settings.describe' violates the following Content Security Policy directive: "connect-src 'self' ws://localhost:1420 ipc: http://ipc.localhost". The action has been blocked. @ :6
[ 5531308ms] [ERROR] Fetch API cannot load http://127.0.0.1:13999/api/settings.describe. Refused to connect because it violates the document's Content Security Policy. @ :6
[ 5531322ms] [ERROR] Connecting to 'http://127.0.0.1:13999/api/settings.describe' violates the following Content Security Policy directive: "connect-src 'self' ws://localhost:1420 ipc: http://ipc.localhost". The action has been blocked. @ :6
[ 5531322ms] [ERROR] Fetch API cannot load http://127.0.0.1:13999/api/settings.describe. Refused to connect because it violates the document's Content Security Policy. @ :6
[ 5531335ms] [ERROR] Connecting to 'http://127.0.0.1:13999/api/credentials.describe' violates the following Content Security Policy directive: "connect-src 'self' ws://localhost:1420 ipc: http://ipc.localhost". The action has been blocked. @ :6
[ 5531335ms] [ERROR] Fetch API cannot load http://127.0.0.1:13999/api/credentials.describe. Refused to connect because it violates the document's Content Security Policy. @ :6
[ 5531336ms] [ERROR] Connecting to 'http://127.0.0.1:13999/api/settings.describe' violates the following Content Security Policy directive: "connect-src 'self' ws://localhost:1420 ipc: http://ipc.localhost". The action has been blocked. @ :6
[ 5531336ms] [ERROR] Fetch API cannot load http://127.0.0.1:13999/api/settings.describe. Refused to connect because it violates the document's Content Security Policy. @ :6
[ 5531336ms] [ERROR] Connecting to 'http://127.0.0.1:13999/api/settings.describe' violates the following Content Security Policy directive: "connect-src 'self' ws://localhost:1420 ipc: http://ipc.localhost". The action has been blocked. @ :6
[ 5531336ms] [ERROR] Fetch API cannot load http://127.0.0.1:13999/api/settings.describe. Refused to connect because it violates the document's Content Security Policy. @ :6
[ 5531336ms] [ERROR] Connecting to 'http://127.0.0.1:13999/api/settings.describe' violates the following Content Security Policy directive: "connect-src 'self' ws://localhost:1420 ipc: http://ipc.localhost". The action has been blocked. @ :6
[ 5531336ms] [ERROR] Fetch API cannot load http://127.0.0.1:13999/api/settings.describe. Refused to connect because it violates the document's Content Security Policy. @ :6
[ 5531361ms] Error: single slot "conversation.hero.workspace.directoryFlow" already has a registration at priority 0 (registered by Loader) — register at a different priority to shadow it (lowest renders)
    at SlotCore.register (http://localhost:1420/@fs/Users/acfufu/Codehub/dsh-desktop/frontend/packages/client/ui-slots/src/index.ts:43:29)
    at Proxy._register (http://localhost:1420/plugins/@deepseek-ai/dsh-client-runtime/client.js?rev=5404bd0408a5:251:32)
    at Object.apply (http://localhost:1420/node_modules/.vite/deps/chunk-HJOQ7T7N.js?v=92030f2b:125:38)
    at Fiber.<anonymous> (http://localhost:1420/plugins/@deepseek-ai/dsh-client-runtime/client.js?rev=5404bd0408a5:333:50)
    at http://localhost:1420/node_modules/.vite/deps/chunk-HJOQ7T7N.js?v=92030f2b:1103:37
    at Proxy.register (http://localhost:1420/plugins/@deepseek-ai/dsh-client-runtime/client.js?rev=5404bd0408a5:333:20)
    at Object.apply (http://localhost:1420/node_modules/.vite/deps/chunk-HJOQ7T7N.js?v=92030f2b:125:38)
    at Fiber.<anonymous> (http://localhost:1420/plugins/@deepseek-ai/dsh-client-ui-directory-picker-browse/client.js?rev=184b9a4641ac:1027:21)
    at reconcile (http://localhost:1420/plugins/@deepseek-ai/dsh-client-runtime/client.js?rev=5404bd0408a5:81:33)
    at Fiber.<anonymous> (http://localhost:1420/plugins/@deepseek-ai/dsh-client-runtime/client.js?rev=5404bd0408a5:104:7)
    at http://localhost:1420/node_modules/.vite/deps/chunk-HJOQ7T7N.js?v=92030f2b:1103:37
    at Proxy.inject (http://localhost:1420/plugins/@deepseek-ai/dsh-client-runtime/client.js?rev=5404bd0408a5:57:35)
    at Object.apply (http://localhost:1420/node_modules/.vite/deps/chunk-HJOQ7T7N.js?v=92030f2b:125:38)
    at Fiber.<anonymous> (http://localhost:1420/plugins/@deepseek-ai/dsh-client-ui-directory-picker-browse/client.js?rev=184b9a4641ac:1026:82)
    at http://localhost:1420/node_modules/.vite/deps/chunk-HJOQ7T7N.js?v=92030f2b:1103:37
    at reconcile (http://localhost:1420/plugins/@deepseek-ai/dsh-client-runtime/client.js?rev=5404bd0408a5:81:33)
    at changed (http://localhost:1420/plugins/@deepseek-ai/dsh-client-runtime/client.js?rev=5404bd0408a5:89:8)
    at SlotCore.notifyDeclaration (http://localhost:1420/@fs/Users/acfufu/Codehub/dsh-desktop/frontend/packages/client/ui-slots/src/index.ts:397:53)
    at SlotCore.register (http://localhost:1420/@fs/Users/acfufu/Codehub/dsh-desktop/frontend/packages/client/ui-slots/src/index.ts:118:14)
    at Proxy._register (http://localhost:1420/plugins/@deepseek-ai/dsh-client-runtime/client.js?rev=5404bd0408a5:251:32)
    at Object.apply (http://localhost:1420/node_modules/.vite/deps/chunk-HJOQ7T7N.js?v=92030f2b:125:38)
    at Fiber.<anonymous> (http://localhost:1420/plugins/@deepseek-ai/dsh-client-runtime/client.js?rev=5404bd0408a5:333:50)
    at http://localhost:1420/node_modules/.vite/deps/chunk-HJOQ7T7N.js?v=92030f2b:1103:37
[ 5531367ms] [ERROR] Connecting to 'http://127.0.0.1:13999/api/dynamicCordisRunner/syncInspectManifest' violates the following Content Security Policy directive: "connect-src 'self' ws://localhost:1420 ipc: http://ipc.localhost". The action has been blocked. @ :6
[ 5531367ms] [ERROR] Fetch API cannot load http://127.0.0.1:13999/api/dynamicCordisRunner/syncInspectManifest. Refused to connect because it violates the document's Content Security Policy. @ :6
[ 5531369ms] [ERROR] Connecting to 'http://127.0.0.1:13999/api/dynamicCordisRunner/inventory' violates the following Content Security Policy directive: "connect-src 'self' ws://localhost:1420 ipc: http://ipc.localhost". The action has been blocked. @ :6
[ 5531369ms] [ERROR] Fetch API cannot load http://127.0.0.1:13999/api/dynamicCordisRunner/inventory. Refused to connect because it violates the document's Content Security Policy. @ :6
[ 5531369ms] [ERROR] [ui-cordis] reading the Cordis inventory failed: Error: internal: client api: dynamicCordisRunner/inventory failed: Failed to fetch
    at Object.inventory (http://localhost:1420/plugins/@deepseek-ai/dsh-client-ui-cordis/client.js?rev=7349dbb9ec78:1284:30) @ http://localhost:1420/plugins/@deepseek-ai/dsh-client-ui-cordis/client.js?rev=7349dbb9ec78:1288
[ 5531370ms] [ERROR] [cordis-client-runner] syncing inspect providers failed: Error: internal: client api: dynamicCordisRunner/syncInspectManifest failed: Failed to fetch
    at Object.sync (http://localhost:1420/plugins/@deepseek-ai/dsh-cordis-client-runner/client.js?rev=53ff5565d917:3979:30)
    at async http://localhost:1420/plugins/@deepseek-ai/dsh-cordis-client-runner/client.js?rev=53ff5565d917:1023:7 @ http://localhost:1420/plugins/@deepseek-ai/dsh-cordis-client-runner/client.js?rev=53ff5565d917:1024
[ 5531387ms] [ERROR] Connecting to 'http://127.0.0.1:13999/api/dynamicCordisRunner/inventory' violates the following Content Security Policy directive: "connect-src 'self' ws://localhost:1420 ipc: http://ipc.localhost". The action has been blocked. @ :6
[ 5531387ms] [ERROR] Fetch API cannot load http://127.0.0.1:13999/api/dynamicCordisRunner/inventory. Refused to connect because it violates the document's Content Security Policy. @ :6
[ 5531387ms] [ERROR] Connecting to 'http://127.0.0.1:13999/api/agentPreset.list' violates the following Content Security Policy directive: "connect-src 'self' ws://localhost:1420 ipc: http://ipc.localhost". The action has been blocked. @ :6
[ 5531388ms] [ERROR] Fetch API cannot load http://127.0.0.1:13999/api/agentPreset.list. Refused to connect because it violates the document's Content Security Policy. @ :6
[ 5531389ms] [ERROR] [ui-cordis] reading the Cordis inventory failed: Error: internal: client api: dynamicCordisRunner/inventory failed: Failed to fetch
    at Object.inventory (http://localhost:1420/plugins/@deepseek-ai/dsh-client-ui-cordis/client.js?rev=7349dbb9ec78:1284:30) @ http://localhost:1420/plugins/@deepseek-ai/dsh-client-ui-cordis/client.js?rev=7349dbb9ec78:1288
[ 5531759ms] [ERROR] Connecting to 'http://127.0.0.1:13999/api/host.describe' violates the following Content Security Policy directive: "connect-src 'self' ws://localhost:1420 ipc: http://ipc.localhost". The action has been blocked. @ :6
[ 5531759ms] [ERROR] Fetch API cannot load http://127.0.0.1:13999/api/host.describe. Refused to connect because it violates the document's Content Security Policy. @ :6
[ 5531759ms] [WARNING] [web-runtime] connection lost, retry #2 @ http://localhost:1420/plugins/@deepseek-ai/dsh-client-connection/client.js?rev=a2c03f913693:116
[ 5532691ms] [ERROR] Connecting to 'http://127.0.0.1:13999/api/host.describe' violates the following Content Security Policy directive: "connect-src 'self' ws://localhost:1420 ipc: http://ipc.localhost". The action has been blocked. @ :6
[ 5532691ms] [ERROR] Fetch API cannot load http://127.0.0.1:13999/api/host.describe. Refused to connect because it violates the document's Content Security Policy. @ :6
[ 5532691ms] [WARNING] [web-runtime] connection lost, retry #3 @ http://localhost:1420/plugins/@deepseek-ai/dsh-client-connection/client.js?rev=a2c03f913693:116
[ 5534284ms] [ERROR] Connecting to 'http://127.0.0.1:13999/api/host.describe' violates the following Content Security Policy directive: "connect-src 'self' ws://localhost:1420 ipc: http://ipc.localhost". The action has been blocked. @ :6
[ 5534284ms] [ERROR] Fetch API cannot load http://127.0.0.1:13999/api/host.describe. Refused to connect because it violates the document's Content Security Policy. @ :6
[ 5534284ms] [WARNING] [web-runtime] connection lost, retry #4 @ http://localhost:1420/plugins/@deepseek-ai/dsh-client-connection/client.js?rev=a2c03f913693:116
[ 5536471ms] [ERROR] Connecting to 'http://127.0.0.1:13999/api/host.pickDirectory' violates the following Content Security Policy directive: "connect-src 'self' ws://localhost:1420 ipc: http://ipc.localhost". The action has been blocked. @ :6
[ 5536472ms] [ERROR] Fetch API cannot load http://127.0.0.1:13999/api/host.pickDirectory. Refused to connect because it violates the document's Content Security Policy. @ :6
[ 5537395ms] [ERROR] Connecting to 'http://127.0.0.1:13999/api/host.describe' violates the following Content Security Policy directive: "connect-src 'self' ws://localhost:1420 ipc: http://ipc.localhost". The action has been blocked. @ :6
[ 5537395ms] [ERROR] Fetch API cannot load http://127.0.0.1:13999/api/host.describe. Refused to connect because it violates the document's Content Security Policy. @ :6
[ 5537395ms] [WARNING] [web-runtime] connection lost, retry #5 @ http://localhost:1420/plugins/@deepseek-ai/dsh-client-connection/client.js?rev=a2c03f913693:116
[ 5544685ms] [ERROR] Connecting to 'http://127.0.0.1:13999/api/host.describe' violates the following Content Security Policy directive: "connect-src 'self' ws://localhost:1420 ipc: http://ipc.localhost". The action has been blocked. @ :6
[ 5544685ms] [ERROR] Fetch API cannot load http://127.0.0.1:13999/api/host.describe. Refused to connect because it violates the document's Content Security Policy. @ :6
[ 5544685ms] [WARNING] [web-runtime] connection lost, retry #6 @ http://localhost:1420/plugins/@deepseek-ai/dsh-client-connection/client.js?rev=a2c03f913693:116
[ 5552577ms] [ERROR] Connecting to 'http://127.0.0.1:13999/api/host.describe' violates the following Content Security Policy directive: "connect-src 'self' ws://localhost:1420 ipc: http://ipc.localhost". The action has been blocked. @ :6
[ 5552577ms] [ERROR] Fetch API cannot load http://127.0.0.1:13999/api/host.describe. Refused to connect because it violates the document's Content Security Policy. @ :6
[ 5552577ms] [WARNING] [web-runtime] connection lost, retry #7 @ http://localhost:1420/plugins/@deepseek-ai/dsh-client-connection/client.js?rev=a2c03f913693:116
[ 5560378ms] [ERROR] Connecting to 'http://127.0.0.1:13999/api/host.describe' violates the following Content Security Policy directive: "connect-src 'self' ws://localhost:1420 ipc: http://ipc.localhost". The action has been blocked. @ :6
[ 5560378ms] [ERROR] Fetch API cannot load http://127.0.0.1:13999/api/host.describe. Refused to connect because it violates the document's Content Security Policy. @ :6
[ 5560378ms] [WARNING] [web-runtime] connection lost, retry #8 @ http://localhost:1420/plugins/@deepseek-ai/dsh-client-connection/client.js?rev=a2c03f913693:116
[ 5566445ms] [ERROR] Connecting to 'http://127.0.0.1:13999/api/host.describe' violates the following Content Security Policy directive: "connect-src 'self' ws://localhost:1420 ipc: http://ipc.localhost". The action has been blocked. @ :6
[ 5566445ms] [ERROR] Fetch API cannot load http://127.0.0.1:13999/api/host.describe. Refused to connect because it violates the document's Content Security Policy. @ :6
[ 5566445ms] [WARNING] [web-runtime] connection lost, retry #9 @ http://localhost:1420/plugins/@deepseek-ai/dsh-client-connection/client.js?rev=a2c03f913693:116
[ 5573963ms] [ERROR] Connecting to 'http://127.0.0.1:13999/api/host.describe' violates the following Content Security Policy directive: "connect-src 'self' ws://localhost:1420 ipc: http://ipc.localhost". The action has been blocked. @ :6
[ 5573963ms] [ERROR] Fetch API cannot load http://127.0.0.1:13999/api/host.describe. Refused to connect because it violates the document's Content Security Policy. @ :6
[ 5573963ms] [WARNING] [web-runtime] connection lost, retry #10 @ http://localhost:1420/plugins/@deepseek-ai/dsh-client-connection/client.js?rev=a2c03f913693:116
[ 5579902ms] [ERROR] Connecting to 'http://127.0.0.1:13999/api/host.describe' violates the following Content Security Policy directive: "connect-src 'self' ws://localhost:1420 ipc: http://ipc.localhost". The action has been blocked. @ :6
[ 5579903ms] [ERROR] Fetch API cannot load http://127.0.0.1:13999/api/host.describe. Refused to connect because it violates the document's Content Security Policy. @ :6
[ 5579903ms] [WARNING] [web-runtime] connection lost, retry #11 @ http://localhost:1420/plugins/@deepseek-ai/dsh-client-connection/client.js?rev=a2c03f913693:116
[ 5586540ms] [ERROR] Connecting to 'http://127.0.0.1:13999/api/host.describe' violates the following Content Security Policy directive: "connect-src 'self' ws://localhost:1420 ipc: http://ipc.localhost". The action has been blocked. @ :6
[ 5586540ms] [ERROR] Fetch API cannot load http://127.0.0.1:13999/api/host.describe. Refused to connect because it violates the document's Content Security Policy. @ :6
[ 5586541ms] [WARNING] [web-runtime] connection lost, retry #12 @ http://localhost:1420/plugins/@deepseek-ai/dsh-client-connection/client.js?rev=a2c03f913693:116
[ 5593785ms] [ERROR] Connecting to 'http://127.0.0.1:13999/api/host.describe' violates the following Content Security Policy directive: "connect-src 'self' ws://localhost:1420 ipc: http://ipc.localhost". The action has been blocked. @ :6
[ 5593785ms] [ERROR] Fetch API cannot load http://127.0.0.1:13999/api/host.describe. Refused to connect because it violates the document's Content Security Policy. @ :6
[ 5593785ms] [WARNING] [web-runtime] connection lost, retry #13 @ http://localhost:1420/plugins/@deepseek-ai/dsh-client-connection/client.js?rev=a2c03f913693:116
[ 5600319ms] [ERROR] Connecting to 'http://127.0.0.1:13999/api/host.describe' violates the following Content Security Policy directive: "connect-src 'self' ws://localhost:1420 ipc: http://ipc.localhost". The action has been blocked. @ :6
[ 5600319ms] [ERROR] Fetch API cannot load http://127.0.0.1:13999/api/host.describe. Refused to connect because it violates the document's Content Security Policy. @ :6
[ 5600320ms] [WARNING] [web-runtime] connection lost, retry #14 @ http://localhost:1420/plugins/@deepseek-ai/dsh-client-connection/client.js?rev=a2c03f913693:116
[ 5609475ms] [ERROR] Connecting to 'http://127.0.0.1:13999/api/host.describe' violates the following Content Security Policy directive: "connect-src 'self' ws://localhost:1420 ipc: http://ipc.localhost". The action has been blocked. @ :6
[ 5609475ms] [ERROR] Fetch API cannot load http://127.0.0.1:13999/api/host.describe. Refused to connect because it violates the document's Content Security Policy. @ :6
[ 5609475ms] [WARNING] [web-runtime] connection lost, retry #15 @ http://localhost:1420/plugins/@deepseek-ai/dsh-client-connection/client.js?rev=a2c03f913693:116
[ 5618755ms] [ERROR] Connecting to 'http://127.0.0.1:13999/api/host.describe' violates the following Content Security Policy directive: "connect-src 'self' ws://localhost:1420 ipc: http://ipc.localhost". The action has been blocked. @ :6
[ 5618755ms] [ERROR] Fetch API cannot load http://127.0.0.1:13999/api/host.describe. Refused to connect because it violates the document's Content Security Policy. @ :6
[ 5618755ms] [WARNING] [web-runtime] connection lost, retry #16 @ http://localhost:1420/plugins/@deepseek-ai/dsh-client-connection/client.js?rev=a2c03f913693:116
[ 5625839ms] [ERROR] Connecting to 'http://127.0.0.1:13999/api/host.describe' violates the following Content Security Policy directive: "connect-src 'self' ws://localhost:1420 ipc: http://ipc.localhost". The action has been blocked. @ :6
[ 5625840ms] [ERROR] Fetch API cannot load http://127.0.0.1:13999/api/host.describe. Refused to connect because it violates the document's Content Security Policy. @ :6
[ 5625840ms] [WARNING] [web-runtime] connection lost, retry #17 @ http://localhost:1420/plugins/@deepseek-ai/dsh-client-connection/client.js?rev=a2c03f913693:116
[ 5631631ms] [INFO] %cDownload the React DevTools for a better development experience: https://reactjs.org/link/react-devtools font-weight:bold @ http://localhost:1420/node_modules/.vite/deps/chunk-TXZYISKW.js?v=92030f2b:21608
[ 5631834ms] [ERROR] Connecting to 'http://127.0.0.1:13999/api/host.describe' violates the following Content Security Policy directive: "connect-src 'self' ws://localhost:1420 ipc: http://ipc.localhost". The action has been blocked. @ :6
[ 5631834ms] [ERROR] Fetch API cannot load http://127.0.0.1:13999/api/host.describe. Refused to connect because it violates the document's Content Security Policy. @ :6
[ 5631835ms] [WARNING] [web-runtime] connection lost, retry #1 @ http://localhost:1420/plugins/@deepseek-ai/dsh-client-connection/client.js?rev=a2c03f913693:116
[ 5631850ms] [ERROR] Connecting to 'http://127.0.0.1:13999/api/settings.describe' violates the following Content Security Policy directive: "connect-src 'self' ws://localhost:1420 ipc: http://ipc.localhost". The action has been blocked. @ :6
[ 5631850ms] [ERROR] Fetch API cannot load http://127.0.0.1:13999/api/settings.describe. Refused to connect because it violates the document's Content Security Policy. @ :6
[ 5631852ms] [ERROR] Connecting to 'http://127.0.0.1:13999/api/settings.describe' violates the following Content Security Policy directive: "connect-src 'self' ws://localhost:1420 ipc: http://ipc.localhost". The action has been blocked. @ :6
[ 5631852ms] [ERROR] Fetch API cannot load http://127.0.0.1:13999/api/settings.describe. Refused to connect because it violates the document's Content Security Policy. @ :6
[ 5631861ms] [ERROR] Connecting to 'http://127.0.0.1:13999/api/settings.describe' violates the following Content Security Policy directive: "connect-src 'self' ws://localhost:1420 ipc: http://ipc.localhost". The action has been blocked. @ :6
[ 5631861ms] [ERROR] Fetch API cannot load http://127.0.0.1:13999/api/settings.describe. Refused to connect because it violates the document's Content Security Policy. @ :6
[ 5631868ms] [ERROR] Connecting to 'http://127.0.0.1:13999/api/credentials.describe' violates the following Content Security Policy directive: "connect-src 'self' ws://localhost:1420 ipc: http://ipc.localhost". The action has been blocked. @ :6
[ 5631868ms] [ERROR] Fetch API cannot load http://127.0.0.1:13999/api/credentials.describe. Refused to connect because it violates the document's Content Security Policy. @ :6
[ 5631868ms] [ERROR] Connecting to 'http://127.0.0.1:13999/api/settings.describe' violates the following Content Security Policy directive: "connect-src 'self' ws://localhost:1420 ipc: http://ipc.localhost". The action has been blocked. @ :6
[ 5631869ms] [ERROR] Fetch API cannot load http://127.0.0.1:13999/api/settings.describe. Refused to connect because it violates the document's Content Security Policy. @ :6
[ 5631869ms] [ERROR] Connecting to 'http://127.0.0.1:13999/api/settings.describe' violates the following Content Security Policy directive: "connect-src 'self' ws://localhost:1420 ipc: http://ipc.localhost". The action has been blocked. @ :6
[ 5631869ms] [ERROR] Fetch API cannot load http://127.0.0.1:13999/api/settings.describe. Refused to connect because it violates the document's Content Security Policy. @ :6
[ 5631869ms] [ERROR] Connecting to 'http://127.0.0.1:13999/api/settings.describe' violates the following Content Security Policy directive: "connect-src 'self' ws://localhost:1420 ipc: http://ipc.localhost". The action has been blocked. @ :6
[ 5631869ms] [ERROR] Fetch API cannot load http://127.0.0.1:13999/api/settings.describe. Refused to connect because it violates the document's Content Security Policy. @ :6
[ 5631889ms] Error: single slot "conversation.hero.workspace.directoryFlow" already has a registration at priority 0 (registered by Loader) — register at a different priority to shadow it (lowest renders)
    at SlotCore.register (http://localhost:1420/@fs/Users/acfufu/Codehub/dsh-desktop/frontend/packages/client/ui-slots/src/index.ts:43:29)
    at Proxy._register (http://localhost:1420/plugins/@deepseek-ai/dsh-client-runtime/client.js?rev=5404bd0408a5:251:32)
    at Object.apply (http://localhost:1420/node_modules/.vite/deps/chunk-HJOQ7T7N.js?v=92030f2b:125:38)
    at Fiber.<anonymous> (http://localhost:1420/plugins/@deepseek-ai/dsh-client-runtime/client.js?rev=5404bd0408a5:333:50)
    at http://localhost:1420/node_modules/.vite/deps/chunk-HJOQ7T7N.js?v=92030f2b:1103:37
    at Proxy.register (http://localhost:1420/plugins/@deepseek-ai/dsh-client-runtime/client.js?rev=5404bd0408a5:333:20)
    at Object.apply (http://localhost:1420/node_modules/.vite/deps/chunk-HJOQ7T7N.js?v=92030f2b:125:38)
    at Fiber.<anonymous> (http://localhost:1420/plugins/@deepseek-ai/dsh-client-ui-directory-picker-browse/client.js?rev=184b9a4641ac:1027:21)
    at reconcile (http://localhost:1420/plugins/@deepseek-ai/dsh-client-runtime/client.js?rev=5404bd0408a5:81:33)
    at Fiber.<anonymous> (http://localhost:1420/plugins/@deepseek-ai/dsh-client-runtime/client.js?rev=5404bd0408a5:104:7)
    at http://localhost:1420/node_modules/.vite/deps/chunk-HJOQ7T7N.js?v=92030f2b:1103:37
    at Proxy.inject (http://localhost:1420/plugins/@deepseek-ai/dsh-client-runtime/client.js?rev=5404bd0408a5:57:35)
    at Object.apply (http://localhost:1420/node_modules/.vite/deps/chunk-HJOQ7T7N.js?v=92030f2b:125:38)
    at Fiber.<anonymous> (http://localhost:1420/plugins/@deepseek-ai/dsh-client-ui-directory-picker-browse/client.js?rev=184b9a4641ac:1026:82)
    at http://localhost:1420/node_modules/.vite/deps/chunk-HJOQ7T7N.js?v=92030f2b:1103:37
    at reconcile (http://localhost:1420/plugins/@deepseek-ai/dsh-client-runtime/client.js?rev=5404bd0408a5:81:33)
    at changed (http://localhost:1420/plugins/@deepseek-ai/dsh-client-runtime/client.js?rev=5404bd0408a5:89:8)
    at SlotCore.notifyDeclaration (http://localhost:1420/@fs/Users/acfufu/Codehub/dsh-desktop/frontend/packages/client/ui-slots/src/index.ts:397:53)
    at SlotCore.register (http://localhost:1420/@fs/Users/acfufu/Codehub/dsh-desktop/frontend/packages/client/ui-slots/src/index.ts:118:14)
    at Proxy._register (http://localhost:1420/plugins/@deepseek-ai/dsh-client-runtime/client.js?rev=5404bd0408a5:251:32)
    at Object.apply (http://localhost:1420/node_modules/.vite/deps/chunk-HJOQ7T7N.js?v=92030f2b:125:38)
    at Fiber.<anonymous> (http://localhost:1420/plugins/@deepseek-ai/dsh-client-runtime/client.js?rev=5404bd0408a5:333:50)
    at http://localhost:1420/node_modules/.vite/deps/chunk-HJOQ7T7N.js?v=92030f2b:1103:37
[ 5631890ms] [ERROR] Connecting to 'http://127.0.0.1:13999/api/dynamicCordisRunner/syncInspectManifest' violates the following Content Security Policy directive: "connect-src 'self' ws://localhost:1420 ipc: http://ipc.localhost". The action has been blocked. @ :6
[ 5631890ms] [ERROR] Fetch API cannot load http://127.0.0.1:13999/api/dynamicCordisRunner/syncInspectManifest. Refused to connect because it violates the document's Content Security Policy. @ :6
[ 5631891ms] [ERROR] Connecting to 'http://127.0.0.1:13999/api/dynamicCordisRunner/inventory' violates the following Content Security Policy directive: "connect-src 'self' ws://localhost:1420 ipc: http://ipc.localhost". The action has been blocked. @ :6
[ 5631892ms] [ERROR] Fetch API cannot load http://127.0.0.1:13999/api/dynamicCordisRunner/inventory. Refused to connect because it violates the document's Content Security Policy. @ :6
[ 5631892ms] [ERROR] [ui-cordis] reading the Cordis inventory failed: Error: internal: client api: dynamicCordisRunner/inventory failed: Failed to fetch
    at Object.inventory (http://localhost:1420/plugins/@deepseek-ai/dsh-client-ui-cordis/client.js?rev=7349dbb9ec78:1284:30) @ http://localhost:1420/plugins/@deepseek-ai/dsh-client-ui-cordis/client.js?rev=7349dbb9ec78:1288
[ 5631892ms] [ERROR] [cordis-client-runner] syncing inspect providers failed: Error: internal: client api: dynamicCordisRunner/syncInspectManifest failed: Failed to fetch
    at Object.sync (http://localhost:1420/plugins/@deepseek-ai/dsh-cordis-client-runner/client.js?rev=53ff5565d917:3979:30)
    at async http://localhost:1420/plugins/@deepseek-ai/dsh-cordis-client-runner/client.js?rev=53ff5565d917:1023:7 @ http://localhost:1420/plugins/@deepseek-ai/dsh-cordis-client-runner/client.js?rev=53ff5565d917:1024
[ 5631892ms] [ERROR] Failed to load resource: the server responded with a status of 404 (Not Found) @ http://localhost:1420/plugins/events:0
[ 5631904ms] [ERROR] Connecting to 'http://127.0.0.1:13999/api/dynamicCordisRunner/inventory' violates the following Content Security Policy directive: "connect-src 'self' ws://localhost:1420 ipc: http://ipc.localhost". The action has been blocked. @ :6
[ 5631904ms] [ERROR] Fetch API cannot load http://127.0.0.1:13999/api/dynamicCordisRunner/inventory. Refused to connect because it violates the document's Content Security Policy. @ :6
[ 5631905ms] [ERROR] Connecting to 'http://127.0.0.1:13999/api/agentPreset.list' violates the following Content Security Policy directive: "connect-src 'self' ws://localhost:1420 ipc: http://ipc.localhost". The action has been blocked. @ :6
[ 5631905ms] [ERROR] Fetch API cannot load http://127.0.0.1:13999/api/agentPreset.list. Refused to connect because it violates the document's Content Security Policy. @ :6
[ 5631905ms] [ERROR] [ui-cordis] reading the Cordis inventory failed: Error: internal: client api: dynamicCordisRunner/inventory failed: Failed to fetch
    at Object.inventory (http://localhost:1420/plugins/@deepseek-ai/dsh-client-ui-cordis/client.js?rev=7349dbb9ec78:1284:30) @ http://localhost:1420/plugins/@deepseek-ai/dsh-client-ui-cordis/client.js?rev=7349dbb9ec78:1288
[ 5632300ms] [ERROR] Connecting to 'http://127.0.0.1:13999/api/host.describe' violates the following Content Security Policy directive: "connect-src 'self' ws://localhost:1420 ipc: http://ipc.localhost". The action has been blocked. @ :6
[ 5632301ms] [ERROR] Fetch API cannot load http://127.0.0.1:13999/api/host.describe. Refused to connect because it violates the document's Content Security Policy. @ :6
[ 5632301ms] [WARNING] [web-runtime] connection lost, retry #2 @ http://localhost:1420/plugins/@deepseek-ai/dsh-client-connection/client.js?rev=a2c03f913693:116
[ 5632992ms] [ERROR] Connecting to 'http://127.0.0.1:13999/api/host.describe' violates the following Content Security Policy directive: "connect-src 'self' ws://localhost:1420 ipc: http://ipc.localhost". The action has been blocked. @ :6
[ 5632992ms] [ERROR] Fetch API cannot load http://127.0.0.1:13999/api/host.describe. Refused to connect because it violates the document's Content Security Policy. @ :6
[ 5632992ms] [WARNING] [web-runtime] connection lost, retry #3 @ http://localhost:1420/plugins/@deepseek-ai/dsh-client-connection/client.js?rev=a2c03f913693:116
[ 5634315ms] [ERROR] Connecting to 'http://127.0.0.1:13999/api/host.describe' violates the following Content Security Policy directive: "connect-src 'self' ws://localhost:1420 ipc: http://ipc.localhost". The action has been blocked. @ :6
[ 5634315ms] [ERROR] Fetch API cannot load http://127.0.0.1:13999/api/host.describe. Refused to connect because it violates the document's Content Security Policy. @ :6
[ 5634315ms] [WARNING] [web-runtime] connection lost, retry #4 @ http://localhost:1420/plugins/@deepseek-ai/dsh-client-connection/client.js?rev=a2c03f913693:116
[ 5636971ms] [ERROR] Connecting to 'http://127.0.0.1:13999/api/host.pickDirectory' violates the following Content Security Policy directive: "connect-src 'self' ws://localhost:1420 ipc: http://ipc.localhost". The action has been blocked. @ :6
[ 5636971ms] [ERROR] Fetch API cannot load http://127.0.0.1:13999/api/host.pickDirectory. Refused to connect because it violates the document's Content Security Policy. @ :6
[ 5638139ms] [ERROR] Connecting to 'http://127.0.0.1:13999/api/host.describe' violates the following Content Security Policy directive: "connect-src 'self' ws://localhost:1420 ipc: http://ipc.localhost". The action has been blocked. @ :6
[ 5638139ms] [ERROR] Fetch API cannot load http://127.0.0.1:13999/api/host.describe. Refused to connect because it violates the document's Content Security Policy. @ :6
[ 5638139ms] [WARNING] [web-runtime] connection lost, retry #5 @ http://localhost:1420/plugins/@deepseek-ai/dsh-client-connection/client.js?rev=a2c03f913693:116
[ 5644837ms] [ERROR] Connecting to 'http://127.0.0.1:13999/api/host.describe' violates the following Content Security Policy directive: "connect-src 'self' ws://localhost:1420 ipc: http://ipc.localhost". The action has been blocked. @ :6
[ 5644837ms] [ERROR] Fetch API cannot load http://127.0.0.1:13999/api/host.describe. Refused to connect because it violates the document's Content Security Policy. @ :6
[ 5644837ms] [WARNING] [web-runtime] connection lost, retry #6 @ http://localhost:1420/plugins/@deepseek-ai/dsh-client-connection/client.js?rev=a2c03f913693:116
[ 5653020ms] [ERROR] Connecting to 'http://127.0.0.1:13999/api/host.describe' violates the following Content Security Policy directive: "connect-src 'self' ws://localhost:1420 ipc: http://ipc.localhost". The action has been blocked. @ :6
[ 5653020ms] [ERROR] Fetch API cannot load http://127.0.0.1:13999/api/host.describe. Refused to connect because it violates the document's Content Security Policy. @ :6
[ 5653020ms] [WARNING] [web-runtime] connection lost, retry #7 @ http://localhost:1420/plugins/@deepseek-ai/dsh-client-connection/client.js?rev=a2c03f913693:116
[ 5661516ms] [ERROR] Connecting to 'http://127.0.0.1:13999/api/host.describe' violates the following Content Security Policy directive: "connect-src 'self' ws://localhost:1420 ipc: http://ipc.localhost". The action has been blocked. @ :6
[ 5661517ms] [ERROR] Fetch API cannot load http://127.0.0.1:13999/api/host.describe. Refused to connect because it violates the document's Content Security Policy. @ :6
[ 5661517ms] [WARNING] [web-runtime] connection lost, retry #8 @ http://localhost:1420/plugins/@deepseek-ai/dsh-client-connection/client.js?rev=a2c03f913693:116
[ 5668511ms] [ERROR] Connecting to 'http://127.0.0.1:13999/api/host.describe' violates the following Content Security Policy directive: "connect-src 'self' ws://localhost:1420 ipc: http://ipc.localhost". The action has been blocked. @ :6
[ 5668511ms] [ERROR] Fetch API cannot load http://127.0.0.1:13999/api/host.describe. Refused to connect because it violates the document's Content Security Policy. @ :6
[ 5668511ms] [WARNING] [web-runtime] connection lost, retry #9 @ http://localhost:1420/plugins/@deepseek-ai/dsh-client-connection/client.js?rev=a2c03f913693:116
[ 5674464ms] [ERROR] Connecting to 'http://127.0.0.1:13999/api/host.describe' violates the following Content Security Policy directive: "connect-src 'self' ws://localhost:1420 ipc: http://ipc.localhost". The action has been blocked. @ :6
[ 5674464ms] [ERROR] Fetch API cannot load http://127.0.0.1:13999/api/host.describe. Refused to connect because it violates the document's Content Security Policy. @ :6
[ 5674464ms] [WARNING] [web-runtime] connection lost, retry #10 @ http://localhost:1420/plugins/@deepseek-ai/dsh-client-connection/client.js?rev=a2c03f913693:116
[ 5680858ms] [ERROR] Connecting to 'http://127.0.0.1:13999/api/host.describe' violates the following Content Security Policy directive: "connect-src 'self' ws://localhost:1420 ipc: http://ipc.localhost". The action has been blocked. @ :6
[ 5680858ms] [ERROR] Fetch API cannot load http://127.0.0.1:13999/api/host.describe. Refused to connect because it violates the document's Content Security Policy. @ :6
[ 5680858ms] [WARNING] [web-runtime] connection lost, retry #11 @ http://localhost:1420/plugins/@deepseek-ai/dsh-client-connection/client.js?rev=a2c03f913693:116
[ 5690847ms] [ERROR] Connecting to 'http://127.0.0.1:13999/api/host.describe' violates the following Content Security Policy directive: "connect-src 'self' ws://localhost:1420 ipc: http://ipc.localhost". The action has been blocked. @ :6
[ 5690847ms] [ERROR] Fetch API cannot load http://127.0.0.1:13999/api/host.describe. Refused to connect because it violates the document's Content Security Policy. @ :6
[ 5690847ms] [WARNING] [web-runtime] connection lost, retry #12 @ http://localhost:1420/plugins/@deepseek-ai/dsh-client-connection/client.js?rev=a2c03f913693:116
[ 5697870ms] [ERROR] Connecting to 'http://127.0.0.1:13999/api/host.describe' violates the following Content Security Policy directive: "connect-src 'self' ws://localhost:1420 ipc: http://ipc.localhost". The action has been blocked. @ :6
[ 5697870ms] [ERROR] Fetch API cannot load http://127.0.0.1:13999/api/host.describe. Refused to connect because it violates the document's Content Security Policy. @ :6
[ 5697870ms] [WARNING] [web-runtime] connection lost, retry #13 @ http://localhost:1420/plugins/@deepseek-ai/dsh-client-connection/client.js?rev=a2c03f913693:116
[ 5707389ms] [ERROR] Connecting to 'http://127.0.0.1:13999/api/host.describe' violates the following Content Security Policy directive: "connect-src 'self' ws://localhost:1420 ipc: http://ipc.localhost". The action has been blocked. @ :6
[ 5707389ms] [ERROR] Fetch API cannot load http://127.0.0.1:13999/api/host.describe. Refused to connect because it violates the document's Content Security Policy. @ :6
[ 5707390ms] [WARNING] [web-runtime] connection lost, retry #14 @ http://localhost:1420/plugins/@deepseek-ai/dsh-client-connection/client.js?rev=a2c03f913693:116
[ 5714469ms] [ERROR] Connecting to 'http://127.0.0.1:13999/api/host.describe' violates the following Content Security Policy directive: "connect-src 'self' ws://localhost:1420 ipc: http://ipc.localhost". The action has been blocked. @ :6
[ 5714469ms] [ERROR] Fetch API cannot load http://127.0.0.1:13999/api/host.describe. Refused to connect because it violates the document's Content Security Policy. @ :6
[ 5714470ms] [WARNING] [web-runtime] connection lost, retry #15 @ http://localhost:1420/plugins/@deepseek-ai/dsh-client-connection/client.js?rev=a2c03f913693:116
[ 5721985ms] [ERROR] Connecting to 'http://127.0.0.1:13999/api/host.describe' violates the following Content Security Policy directive: "connect-src 'self' ws://localhost:1420 ipc: http://ipc.localhost". The action has been blocked. @ :6
[ 5721985ms] [ERROR] Fetch API cannot load http://127.0.0.1:13999/api/host.describe. Refused to connect because it violates the document's Content Security Policy. @ :6
[ 5721986ms] [WARNING] [web-runtime] connection lost, retry #16 @ http://localhost:1420/plugins/@deepseek-ai/dsh-client-connection/client.js?rev=a2c03f913693:116
[ 5729659ms] [ERROR] Connecting to 'http://127.0.0.1:13999/api/host.describe' violates the following Content Security Policy directive: "connect-src 'self' ws://localhost:1420 ipc: http://ipc.localhost". The action has been blocked. @ :6
[ 5729659ms] [ERROR] Fetch API cannot load http://127.0.0.1:13999/api/host.describe. Refused to connect because it violates the document's Content Security Policy. @ :6
[ 5729659ms] [WARNING] [web-runtime] connection lost, retry #17 @ http://localhost:1420/plugins/@deepseek-ai/dsh-client-connection/client.js?rev=a2c03f913693:116
[ 5731207ms] [LOG] [vite] server connection lost. Polling for restart... @ http://localhost:1420/@vite/client:963
[ 5731215ms] [ERROR] WebSocket connection to 'ws://localhost:1420/' failed: Error during WebSocket handshake: net::ERR_CONNECTION_RESET @ http://localhost:1420/@vite/client:1034
[ 5732218ms] [ERROR] WebSocket connection to 'ws://localhost:1420/' failed: Error in connection establishment: net::ERR_CONNECTION_REFUSED @ http://localhost:1420/@vite/client:1034
[ 5734320ms] [INFO] %cDownload the React DevTools for a better development experience: https://reactjs.org/link/react-devtools font-weight:bold @ http://localhost:1420/node_modules/.vite/deps/chunk-TXZYISKW.js?v=80fb7c14:21608
[ 5734555ms] [ERROR] Connecting to 'http://127.0.0.1:13999/api/host.describe' violates the following Content Security Policy directive: "connect-src 'self' ws://localhost:1420 ipc: http://ipc.localhost". The action has been blocked. @ :6
[ 5734555ms] [ERROR] Fetch API cannot load http://127.0.0.1:13999/api/host.describe. Refused to connect because it violates the document's Content Security Policy. @ :6
[ 5734556ms] [WARNING] [web-runtime] connection lost, retry #1 @ http://localhost:1420/plugins/@deepseek-ai/dsh-client-connection/client.js?rev=a2c03f913693:116
[ 5734586ms] [ERROR] Connecting to 'http://127.0.0.1:13999/api/settings.describe' violates the following Content Security Policy directive: "connect-src 'self' ws://localhost:1420 ipc: http://ipc.localhost". The action has been blocked. @ :6
[ 5734586ms] [ERROR] Fetch API cannot load http://127.0.0.1:13999/api/settings.describe. Refused to connect because it violates the document's Content Security Policy. @ :6
[ 5734589ms] [ERROR] Connecting to 'http://127.0.0.1:13999/api/settings.describe' violates the following Content Security Policy directive: "connect-src 'self' ws://localhost:1420 ipc: http://ipc.localhost". The action has been blocked. @ :6
[ 5734589ms] [ERROR] Fetch API cannot load http://127.0.0.1:13999/api/settings.describe. Refused to connect because it violates the document's Content Security Policy. @ :6
[ 5734602ms] [ERROR] Connecting to 'http://127.0.0.1:13999/api/settings.describe' violates the following Content Security Policy directive: "connect-src 'self' ws://localhost:1420 ipc: http://ipc.localhost". The action has been blocked. @ :6
[ 5734603ms] [ERROR] Fetch API cannot load http://127.0.0.1:13999/api/settings.describe. Refused to connect because it violates the document's Content Security Policy. @ :6
[ 5734611ms] [ERROR] Connecting to 'http://127.0.0.1:13999/api/credentials.describe' violates the following Content Security Policy directive: "connect-src 'self' ws://localhost:1420 ipc: http://ipc.localhost". The action has been blocked. @ :6
[ 5734611ms] [ERROR] Fetch API cannot load http://127.0.0.1:13999/api/credentials.describe. Refused to connect because it violates the document's Content Security Policy. @ :6
[ 5734611ms] [ERROR] Connecting to 'http://127.0.0.1:13999/api/settings.describe' violates the following Content Security Policy directive: "connect-src 'self' ws://localhost:1420 ipc: http://ipc.localhost". The action has been blocked. @ :6
[ 5734611ms] [ERROR] Fetch API cannot load http://127.0.0.1:13999/api/settings.describe. Refused to connect because it violates the document's Content Security Policy. @ :6
[ 5734611ms] [ERROR] Connecting to 'http://127.0.0.1:13999/api/settings.describe' violates the following Content Security Policy directive: "connect-src 'self' ws://localhost:1420 ipc: http://ipc.localhost". The action has been blocked. @ :6
[ 5734611ms] [ERROR] Fetch API cannot load http://127.0.0.1:13999/api/settings.describe. Refused to connect because it violates the document's Content Security Policy. @ :6
[ 5734611ms] [ERROR] Connecting to 'http://127.0.0.1:13999/api/settings.describe' violates the following Content Security Policy directive: "connect-src 'self' ws://localhost:1420 ipc: http://ipc.localhost". The action has been blocked. @ :6
[ 5734611ms] [ERROR] Fetch API cannot load http://127.0.0.1:13999/api/settings.describe. Refused to connect because it violates the document's Content Security Policy. @ :6
[ 5734626ms] [ERROR] Failed to load resource: the server responded with a status of 404 (Not Found) @ http://localhost:1420/plugins/events:0
[ 5734639ms] Error: single slot "conversation.hero.workspace.directoryFlow" already has a registration at priority 0 (registered by Loader) — register at a different priority to shadow it (lowest renders)
    at SlotCore.register (http://localhost:1420/@fs/Users/acfufu/Codehub/dsh-desktop/frontend/packages/client/ui-slots/src/index.ts:43:29)
    at Proxy._register (http://localhost:1420/plugins/@deepseek-ai/dsh-client-runtime/client.js?rev=5404bd0408a5:251:32)
    at Object.apply (http://localhost:1420/node_modules/.vite/deps/chunk-HJOQ7T7N.js?v=80fb7c14:125:38)
    at Fiber.<anonymous> (http://localhost:1420/plugins/@deepseek-ai/dsh-client-runtime/client.js?rev=5404bd0408a5:333:50)
    at http://localhost:1420/node_modules/.vite/deps/chunk-HJOQ7T7N.js?v=80fb7c14:1103:37
    at Proxy.register (http://localhost:1420/plugins/@deepseek-ai/dsh-client-runtime/client.js?rev=5404bd0408a5:333:20)
    at Object.apply (http://localhost:1420/node_modules/.vite/deps/chunk-HJOQ7T7N.js?v=80fb7c14:125:38)
    at Fiber.<anonymous> (http://localhost:1420/plugins/@deepseek-ai/dsh-client-ui-directory-picker-browse/client.js?rev=184b9a4641ac:1027:21)
    at reconcile (http://localhost:1420/plugins/@deepseek-ai/dsh-client-runtime/client.js?rev=5404bd0408a5:81:33)
    at Fiber.<anonymous> (http://localhost:1420/plugins/@deepseek-ai/dsh-client-runtime/client.js?rev=5404bd0408a5:104:7)
    at http://localhost:1420/node_modules/.vite/deps/chunk-HJOQ7T7N.js?v=80fb7c14:1103:37
    at Proxy.inject (http://localhost:1420/plugins/@deepseek-ai/dsh-client-runtime/client.js?rev=5404bd0408a5:57:35)
    at Object.apply (http://localhost:1420/node_modules/.vite/deps/chunk-HJOQ7T7N.js?v=80fb7c14:125:38)
    at Fiber.<anonymous> (http://localhost:1420/plugins/@deepseek-ai/dsh-client-ui-directory-picker-browse/client.js?rev=184b9a4641ac:1026:82)
    at http://localhost:1420/node_modules/.vite/deps/chunk-HJOQ7T7N.js?v=80fb7c14:1103:37
    at reconcile (http://localhost:1420/plugins/@deepseek-ai/dsh-client-runtime/client.js?rev=5404bd0408a5:81:33)
    at changed (http://localhost:1420/plugins/@deepseek-ai/dsh-client-runtime/client.js?rev=5404bd0408a5:89:8)
    at SlotCore.notifyDeclaration (http://localhost:1420/@fs/Users/acfufu/Codehub/dsh-desktop/frontend/packages/client/ui-slots/src/index.ts:397:53)
    at SlotCore.register (http://localhost:1420/@fs/Users/acfufu/Codehub/dsh-desktop/frontend/packages/client/ui-slots/src/index.ts:118:14)
    at Proxy._register (http://localhost:1420/plugins/@deepseek-ai/dsh-client-runtime/client.js?rev=5404bd0408a5:251:32)
    at Object.apply (http://localhost:1420/node_modules/.vite/deps/chunk-HJOQ7T7N.js?v=80fb7c14:125:38)
    at Fiber.<anonymous> (http://localhost:1420/plugins/@deepseek-ai/dsh-client-runtime/client.js?rev=5404bd0408a5:333:50)
    at http://localhost:1420/node_modules/.vite/deps/chunk-HJOQ7T7N.js?v=80fb7c14:1103:37
[ 5734643ms] [ERROR] Connecting to 'http://127.0.0.1:13999/api/dynamicCordisRunner/syncInspectManifest' violates the following Content Security Policy directive: "connect-src 'self' ws://localhost:1420 ipc: http://ipc.localhost". The action has been blocked. @ :6
[ 5734643ms] [ERROR] Fetch API cannot load http://127.0.0.1:13999/api/dynamicCordisRunner/syncInspectManifest. Refused to connect because it violates the document's Content Security Policy. @ :6
[ 5734644ms] [ERROR] Connecting to 'http://127.0.0.1:13999/api/dynamicCordisRunner/inventory' violates the following Content Security Policy directive: "connect-src 'self' ws://localhost:1420 ipc: http://ipc.localhost". The action has been blocked. @ :6
[ 5734644ms] [ERROR] Fetch API cannot load http://127.0.0.1:13999/api/dynamicCordisRunner/inventory. Refused to connect because it violates the document's Content Security Policy. @ :6
[ 5734645ms] [ERROR] [ui-cordis] reading the Cordis inventory failed: Error: internal: client api: dynamicCordisRunner/inventory failed: Failed to fetch
    at Object.inventory (http://localhost:1420/plugins/@deepseek-ai/dsh-client-ui-cordis/client.js?rev=7349dbb9ec78:1284:30) @ http://localhost:1420/plugins/@deepseek-ai/dsh-client-ui-cordis/client.js?rev=7349dbb9ec78:1288
[ 5734645ms] [ERROR] [cordis-client-runner] syncing inspect providers failed: Error: internal: client api: dynamicCordisRunner/syncInspectManifest failed: Failed to fetch
    at Object.sync (http://localhost:1420/plugins/@deepseek-ai/dsh-cordis-client-runner/client.js?rev=53ff5565d917:3979:30)
    at async http://localhost:1420/plugins/@deepseek-ai/dsh-cordis-client-runner/client.js?rev=53ff5565d917:1023:7 @ http://localhost:1420/plugins/@deepseek-ai/dsh-cordis-client-runner/client.js?rev=53ff5565d917:1024
[ 5734658ms] [ERROR] Connecting to 'http://127.0.0.1:13999/api/dynamicCordisRunner/inventory' violates the following Content Security Policy directive: "connect-src 'self' ws://localhost:1420 ipc: http://ipc.localhost". The action has been blocked. @ :6
[ 5734658ms] [ERROR] Fetch API cannot load http://127.0.0.1:13999/api/dynamicCordisRunner/inventory. Refused to connect because it violates the document's Content Security Policy. @ :6
[ 5734658ms] [ERROR] Connecting to 'http://127.0.0.1:13999/api/agentPreset.list' violates the following Content Security Policy directive: "connect-src 'self' ws://localhost:1420 ipc: http://ipc.localhost". The action has been blocked. @ :6
[ 5734658ms] [ERROR] Fetch API cannot load http://127.0.0.1:13999/api/agentPreset.list. Refused to connect because it violates the document's Content Security Policy. @ :6
[ 5734659ms] [ERROR] [ui-cordis] reading the Cordis inventory failed: Error: internal: client api: dynamicCordisRunner/inventory failed: Failed to fetch
    at Object.inventory (http://localhost:1420/plugins/@deepseek-ai/dsh-client-ui-cordis/client.js?rev=7349dbb9ec78:1284:30) @ http://localhost:1420/plugins/@deepseek-ai/dsh-client-ui-cordis/client.js?rev=7349dbb9ec78:1288
[ 5734961ms] [ERROR] Connecting to 'http://127.0.0.1:13999/api/host.describe' violates the following Content Security Policy directive: "connect-src 'self' ws://localhost:1420 ipc: http://ipc.localhost". The action has been blocked. @ :6
[ 5734961ms] [ERROR] Fetch API cannot load http://127.0.0.1:13999/api/host.describe. Refused to connect because it violates the document's Content Security Policy. @ :6
[ 5734961ms] [WARNING] [web-runtime] connection lost, retry #2 @ http://localhost:1420/plugins/@deepseek-ai/dsh-client-connection/client.js?rev=a2c03f913693:116
[ 5735691ms] [ERROR] Connecting to 'http://127.0.0.1:13999/api/host.describe' violates the following Content Security Policy directive: "connect-src 'self' ws://localhost:1420 ipc: http://ipc.localhost". The action has been blocked. @ :6
[ 5735691ms] [ERROR] Fetch API cannot load http://127.0.0.1:13999/api/host.describe. Refused to connect because it violates the document's Content Security Policy. @ :6
[ 5735691ms] [WARNING] [web-runtime] connection lost, retry #3 @ http://localhost:1420/plugins/@deepseek-ai/dsh-client-connection/client.js?rev=a2c03f913693:116
[ 5736867ms] [ERROR] Connecting to 'http://127.0.0.1:13999/api/host.describe' violates the following Content Security Policy directive: "connect-src 'self' ws://localhost:1420 ipc: http://ipc.localhost". The action has been blocked. @ :6
[ 5736867ms] [ERROR] Fetch API cannot load http://127.0.0.1:13999/api/host.describe. Refused to connect because it violates the document's Content Security Policy. @ :6
[ 5736868ms] [WARNING] [web-runtime] connection lost, retry #4 @ http://localhost:1420/plugins/@deepseek-ai/dsh-client-connection/client.js?rev=a2c03f913693:116
[ 5739231ms] [ERROR] Connecting to 'http://127.0.0.1:13999/api/host.describe' violates the following Content Security Policy directive: "connect-src 'self' ws://localhost:1420 ipc: http://ipc.localhost". The action has been blocked. @ :6
[ 5739231ms] [ERROR] Fetch API cannot load http://127.0.0.1:13999/api/host.describe. Refused to connect because it violates the document's Content Security Policy. @ :6
[ 5739231ms] [WARNING] [web-runtime] connection lost, retry #5 @ http://localhost:1420/plugins/@deepseek-ai/dsh-client-connection/client.js?rev=a2c03f913693:116
[ 5745388ms] [ERROR] Connecting to 'http://127.0.0.1:13999/api/host.describe' violates the following Content Security Policy directive: "connect-src 'self' ws://localhost:1420 ipc: http://ipc.localhost". The action has been blocked. @ :6
[ 5745388ms] [ERROR] Fetch API cannot load http://127.0.0.1:13999/api/host.describe. Refused to connect because it violates the document's Content Security Policy. @ :6
[ 5745388ms] [WARNING] [web-runtime] connection lost, retry #6 @ http://localhost:1420/plugins/@deepseek-ai/dsh-client-connection/client.js?rev=a2c03f913693:116
[ 5750562ms] [ERROR] Connecting to 'http://127.0.0.1:13999/api/host.describe' violates the following Content Security Policy directive: "connect-src 'self' ws://localhost:1420 ipc: http://ipc.localhost". The action has been blocked. @ :6
[ 5750563ms] [ERROR] Fetch API cannot load http://127.0.0.1:13999/api/host.describe. Refused to connect because it violates the document's Content Security Policy. @ :6
[ 5750563ms] [WARNING] [web-runtime] connection lost, retry #7 @ http://localhost:1420/plugins/@deepseek-ai/dsh-client-connection/client.js?rev=a2c03f913693:116
[ 5756736ms] [ERROR] Connecting to 'http://127.0.0.1:13999/api/host.describe' violates the following Content Security Policy directive: "connect-src 'self' ws://localhost:1420 ipc: http://ipc.localhost". The action has been blocked. @ :6
[ 5756736ms] [ERROR] Fetch API cannot load http://127.0.0.1:13999/api/host.describe. Refused to connect because it violates the document's Content Security Policy. @ :6
[ 5756736ms] [WARNING] [web-runtime] connection lost, retry #8 @ http://localhost:1420/plugins/@deepseek-ai/dsh-client-connection/client.js?rev=a2c03f913693:116
[ 5766432ms] [ERROR] Connecting to 'http://127.0.0.1:13999/api/host.describe' violates the following Content Security Policy directive: "connect-src 'self' ws://localhost:1420 ipc: http://ipc.localhost". The action has been blocked. @ :6
[ 5766433ms] [ERROR] Fetch API cannot load http://127.0.0.1:13999/api/host.describe. Refused to connect because it violates the document's Content Security Policy. @ :6
[ 5766433ms] [WARNING] [web-runtime] connection lost, retry #9 @ http://localhost:1420/plugins/@deepseek-ai/dsh-client-connection/client.js?rev=a2c03f913693:116
[ 5769540ms] [INFO] %cDownload the React DevTools for a better development experience: https://reactjs.org/link/react-devtools font-weight:bold @ http://localhost:1420/node_modules/.vite/deps/chunk-TXZYISKW.js?v=80fb7c14:21608
[ 5769746ms] [ERROR] Failed to load resource: the server responded with a status of 404 (Not Found) @ http://localhost:1420/plugins/events:0
[ 5769753ms] Error: single slot "conversation.hero.workspace.directoryFlow" already has a registration at priority 0 (registered by Loader) — register at a different priority to shadow it (lowest renders)
    at SlotCore.register (http://localhost:1420/@fs/Users/acfufu/Codehub/dsh-desktop/frontend/packages/client/ui-slots/src/index.ts:43:29)
    at Proxy._register (http://localhost:1420/plugins/@deepseek-ai/dsh-client-runtime/client.js?rev=5404bd0408a5:251:32)
    at Object.apply (http://localhost:1420/node_modules/.vite/deps/chunk-HJOQ7T7N.js?v=80fb7c14:125:38)
    at Fiber.<anonymous> (http://localhost:1420/plugins/@deepseek-ai/dsh-client-runtime/client.js?rev=5404bd0408a5:333:50)
    at http://localhost:1420/node_modules/.vite/deps/chunk-HJOQ7T7N.js?v=80fb7c14:1103:37
    at Proxy.register (http://localhost:1420/plugins/@deepseek-ai/dsh-client-runtime/client.js?rev=5404bd0408a5:333:20)
    at Object.apply (http://localhost:1420/node_modules/.vite/deps/chunk-HJOQ7T7N.js?v=80fb7c14:125:38)
    at Fiber.<anonymous> (http://localhost:1420/plugins/@deepseek-ai/dsh-client-ui-directory-picker-browse/client.js?rev=184b9a4641ac:1027:21)
    at reconcile (http://localhost:1420/plugins/@deepseek-ai/dsh-client-runtime/client.js?rev=5404bd0408a5:81:33)
    at Fiber.<anonymous> (http://localhost:1420/plugins/@deepseek-ai/dsh-client-runtime/client.js?rev=5404bd0408a5:104:7)
    at http://localhost:1420/node_modules/.vite/deps/chunk-HJOQ7T7N.js?v=80fb7c14:1103:37
    at Proxy.inject (http://localhost:1420/plugins/@deepseek-ai/dsh-client-runtime/client.js?rev=5404bd0408a5:57:35)
    at Object.apply (http://localhost:1420/node_modules/.vite/deps/chunk-HJOQ7T7N.js?v=80fb7c14:125:38)
    at Fiber.<anonymous> (http://localhost:1420/plugins/@deepseek-ai/dsh-client-ui-directory-picker-browse/client.js?rev=184b9a4641ac:1026:82)
    at http://localhost:1420/node_modules/.vite/deps/chunk-HJOQ7T7N.js?v=80fb7c14:1103:37
    at reconcile (http://localhost:1420/plugins/@deepseek-ai/dsh-client-runtime/client.js?rev=5404bd0408a5:81:33)
    at changed (http://localhost:1420/plugins/@deepseek-ai/dsh-client-runtime/client.js?rev=5404bd0408a5:89:8)
    at SlotCore.notifyDeclaration (http://localhost:1420/@fs/Users/acfufu/Codehub/dsh-desktop/frontend/packages/client/ui-slots/src/index.ts:397:53)
    at SlotCore.register (http://localhost:1420/@fs/Users/acfufu/Codehub/dsh-desktop/frontend/packages/client/ui-slots/src/index.ts:118:14)
    at Proxy._register (http://localhost:1420/plugins/@deepseek-ai/dsh-client-runtime/client.js?rev=5404bd0408a5:251:32)
    at Object.apply (http://localhost:1420/node_modules/.vite/deps/chunk-HJOQ7T7N.js?v=80fb7c14:125:38)
    at Fiber.<anonymous> (http://localhost:1420/plugins/@deepseek-ai/dsh-client-runtime/client.js?rev=5404bd0408a5:333:50)
    at http://localhost:1420/node_modules/.vite/deps/chunk-HJOQ7T7N.js?v=80fb7c14:1103:37
[ 5769829ms] [WARNING] [web-runtime] connection lost, retry #1 @ http://localhost:1420/plugins/@deepseek-ai/dsh-client-connection/client.js?rev=a2c03f913693:116
[ 5769896ms] [ERROR] Failed to load resource: the server responded with a status of 404 (Not Found) @ http://localhost:1420/api/dynamicCordisRunner/syncInspectManifest:0
[ 5769896ms] [ERROR] Failed to load resource: the server responded with a status of 404 (Not Found) @ http://localhost:1420/api/dynamicCordisRunner/inventory:0
[ 5769897ms] [ERROR] [cordis-client-runner] syncing inspect providers failed: Error: internal: client api: dynamicCordisRunner/syncInspectManifest failed: rpc /api/dynamicCordisRunner/syncInspectManifest → HTTP 404: 9
not found
0


    at Object.sync (http://localhost:1420/plugins/@deepseek-ai/dsh-cordis-client-runner/client.js?rev=53ff5565d917:3979:30)
    at async http://localhost:1420/plugins/@deepseek-ai/dsh-cordis-client-runner/client.js?rev=53ff5565d917:1023:7 @ http://localhost:1420/plugins/@deepseek-ai/dsh-cordis-client-runner/client.js?rev=53ff5565d917:1024
[ 5769898ms] [ERROR] [ui-cordis] reading the Cordis inventory failed: Error: internal: client api: dynamicCordisRunner/inventory failed: rpc /api/dynamicCordisRunner/inventory → HTTP 404: 9
not found
0


    at Object.inventory (http://localhost:1420/plugins/@deepseek-ai/dsh-client-ui-cordis/client.js?rev=7349dbb9ec78:1284:30) @ http://localhost:1420/plugins/@deepseek-ai/dsh-client-ui-cordis/client.js?rev=7349dbb9ec78:1288
[ 5770221ms] [WARNING] [web-runtime] connection lost, retry #2 @ http://localhost:1420/plugins/@deepseek-ai/dsh-client-connection/client.js?rev=a2c03f913693:116
[ 5770742ms] [WARNING] [web-runtime] connection lost, retry #3 @ http://localhost:1420/plugins/@deepseek-ai/dsh-client-connection/client.js?rev=a2c03f913693:116
[ 5772087ms] [WARNING] [web-runtime] connection lost, retry #4 @ http://localhost:1420/plugins/@deepseek-ai/dsh-client-connection/client.js?rev=a2c03f913693:116
[ 5775960ms] [WARNING] [web-runtime] connection lost, retry #5 @ http://localhost:1420/plugins/@deepseek-ai/dsh-client-connection/client.js?rev=a2c03f913693:116
[ 5780938ms] [WARNING] [web-runtime] connection lost, retry #6 @ http://localhost:1420/plugins/@deepseek-ai/dsh-client-connection/client.js?rev=a2c03f913693:116
[ 5788445ms] [WARNING] [web-runtime] connection lost, retry #7 @ http://localhost:1420/plugins/@deepseek-ai/dsh-client-connection/client.js?rev=a2c03f913693:116
[ 5794254ms] [WARNING] [web-runtime] connection lost, retry #8 @ http://localhost:1420/plugins/@deepseek-ai/dsh-client-connection/client.js?rev=a2c03f913693:116
[ 5803973ms] [WARNING] [web-runtime] connection lost, retry #9 @ http://localhost:1420/plugins/@deepseek-ai/dsh-client-connection/client.js?rev=a2c03f913693:116
[ 5812333ms] [WARNING] [web-runtime] connection lost, retry #10 @ http://localhost:1420/plugins/@deepseek-ai/dsh-client-connection/client.js?rev=a2c03f913693:116
[ 5819148ms] [WARNING] [web-runtime] connection lost, retry #11 @ http://localhost:1420/plugins/@deepseek-ai/dsh-client-connection/client.js?rev=a2c03f913693:116
[ 5827851ms] [WARNING] [web-runtime] connection lost, retry #12 @ http://localhost:1420/plugins/@deepseek-ai/dsh-client-connection/client.js?rev=a2c03f913693:116
[ 5835848ms] [WARNING] [web-runtime] connection lost, retry #13 @ http://localhost:1420/plugins/@deepseek-ai/dsh-client-connection/client.js?rev=a2c03f913693:116
[ 5840860ms] [WARNING] [web-runtime] connection lost, retry #14 @ http://localhost:1420/plugins/@deepseek-ai/dsh-client-connection/client.js?rev=a2c03f913693:116
[ 5849149ms] [WARNING] [web-runtime] connection lost, retry #15 @ http://localhost:1420/plugins/@deepseek-ai/dsh-client-connection/client.js?rev=a2c03f913693:116
[ 5856294ms] [WARNING] [web-runtime] connection lost, retry #16 @ http://localhost:1420/plugins/@deepseek-ai/dsh-client-connection/client.js?rev=a2c03f913693:116
[ 5863969ms] [WARNING] [web-runtime] connection lost, retry #17 @ http://localhost:1420/plugins/@deepseek-ai/dsh-client-connection/client.js?rev=a2c03f913693:116
[ 5872970ms] [WARNING] [web-runtime] connection lost, retry #18 @ http://localhost:1420/plugins/@deepseek-ai/dsh-client-connection/client.js?rev=a2c03f913693:116
[ 5879099ms] [WARNING] [web-runtime] connection lost, retry #19 @ http://localhost:1420/plugins/@deepseek-ai/dsh-client-connection/client.js?rev=a2c03f913693:116
[ 5887564ms] [WARNING] [web-runtime] connection lost, retry #20 @ http://localhost:1420/plugins/@deepseek-ai/dsh-client-connection/client.js?rev=a2c03f913693:116
[ 5895644ms] [WARNING] [web-runtime] connection lost, retry #21 @ http://localhost:1420/plugins/@deepseek-ai/dsh-client-connection/client.js?rev=a2c03f913693:116
[ 5903762ms] [WARNING] [web-runtime] connection lost, retry #22 @ http://localhost:1420/plugins/@deepseek-ai/dsh-client-connection/client.js?rev=a2c03f913693:116
[ 5912187ms] [WARNING] [web-runtime] connection lost, retry #23 @ http://localhost:1420/plugins/@deepseek-ai/dsh-client-connection/client.js?rev=a2c03f913693:116
[ 5917665ms] [WARNING] [web-runtime] connection lost, retry #24 @ http://localhost:1420/plugins/@deepseek-ai/dsh-client-connection/client.js?rev=a2c03f913693:116
[ 5927065ms] [WARNING] [web-runtime] connection lost, retry #25 @ http://localhost:1420/plugins/@deepseek-ai/dsh-client-connection/client.js?rev=a2c03f913693:116
[ 5933635ms] [WARNING] [web-runtime] connection lost, retry #26 @ http://localhost:1420/plugins/@deepseek-ai/dsh-client-connection/client.js?rev=a2c03f913693:116
[ 5938970ms] [WARNING] [web-runtime] connection lost, retry #27 @ http://localhost:1420/plugins/@deepseek-ai/dsh-client-connection/client.js?rev=a2c03f913693:116
[ 5948380ms] [WARNING] [web-runtime] connection lost, retry #28 @ http://localhost:1420/plugins/@deepseek-ai/dsh-client-connection/client.js?rev=a2c03f913693:116
[ 5956087ms] [WARNING] [web-runtime] connection lost, retry #29 @ http://localhost:1420/plugins/@deepseek-ai/dsh-client-connection/client.js?rev=a2c03f913693:116
[ 5962115ms] [WARNING] [web-runtime] connection lost, retry #30 @ http://localhost:1420/plugins/@deepseek-ai/dsh-client-connection/client.js?rev=a2c03f913693:116
[ 5968282ms] [WARNING] [web-runtime] connection lost, retry #31 @ http://localhost:1420/plugins/@deepseek-ai/dsh-client-connection/client.js?rev=a2c03f913693:116
[ 5976648ms] [WARNING] [web-runtime] connection lost, retry #32 @ http://localhost:1420/plugins/@deepseek-ai/dsh-client-connection/client.js?rev=a2c03f913693:116
[ 5984760ms] [WARNING] [web-runtime] connection lost, retry #33 @ http://localhost:1420/plugins/@deepseek-ai/dsh-client-connection/client.js?rev=a2c03f913693:116
[ 5990816ms] [WARNING] [web-runtime] connection lost, retry #34 @ http://localhost:1420/plugins/@deepseek-ai/dsh-client-connection/client.js?rev=a2c03f913693:116
[ 5996411ms] [WARNING] [web-runtime] connection lost, retry #35 @ http://localhost:1420/plugins/@deepseek-ai/dsh-client-connection/client.js?rev=a2c03f913693:116
[ 6003578ms] [WARNING] [web-runtime] connection lost, retry #36 @ http://localhost:1420/plugins/@deepseek-ai/dsh-client-connection/client.js?rev=a2c03f913693:116
[ 6011668ms] [WARNING] [web-runtime] connection lost, retry #37 @ http://localhost:1420/plugins/@deepseek-ai/dsh-client-connection/client.js?rev=a2c03f913693:116
[ 6017964ms] [WARNING] [web-runtime] connection lost, retry #38 @ http://localhost:1420/plugins/@deepseek-ai/dsh-client-connection/client.js?rev=a2c03f913693:116
[ 6024367ms] [WARNING] [web-runtime] connection lost, retry #39 @ http://localhost:1420/plugins/@deepseek-ai/dsh-client-connection/client.js?rev=a2c03f913693:116
[ 6030397ms] [WARNING] [web-runtime] connection lost, retry #40 @ http://localhost:1420/plugins/@deepseek-ai/dsh-client-connection/client.js?rev=a2c03f913693:116
[ 6037728ms] [WARNING] [web-runtime] connection lost, retry #41 @ http://localhost:1420/plugins/@deepseek-ai/dsh-client-connection/client.js?rev=a2c03f913693:116
[ 6047181ms] [WARNING] [web-runtime] connection lost, retry #42 @ http://localhost:1420/plugins/@deepseek-ai/dsh-client-connection/client.js?rev=a2c03f913693:116
[ 6055320ms] [WARNING] [web-runtime] connection lost, retry #43 @ http://localhost:1420/plugins/@deepseek-ai/dsh-client-connection/client.js?rev=a2c03f913693:116
[ 6061466ms] [WARNING] [web-runtime] connection lost, retry #44 @ http://localhost:1420/plugins/@deepseek-ai/dsh-client-connection/client.js?rev=a2c03f913693:116
[ 6068125ms] [WARNING] [web-runtime] connection lost, retry #45 @ http://localhost:1420/plugins/@deepseek-ai/dsh-client-connection/client.js?rev=a2c03f913693:116
[ 6074121ms] [WARNING] [web-runtime] connection lost, retry #46 @ http://localhost:1420/plugins/@deepseek-ai/dsh-client-connection/client.js?rev=a2c03f913693:116
[ 6079937ms] [WARNING] [web-runtime] connection lost, retry #47 @ http://localhost:1420/plugins/@deepseek-ai/dsh-client-connection/client.js?rev=a2c03f913693:116
[ 6085177ms] [WARNING] [web-runtime] connection lost, retry #48 @ http://localhost:1420/plugins/@deepseek-ai/dsh-client-connection/client.js?rev=a2c03f913693:116
[ 6091598ms] [WARNING] [web-runtime] connection lost, retry #49 @ http://localhost:1420/plugins/@deepseek-ai/dsh-client-connection/client.js?rev=a2c03f913693:116
[ 6101480ms] [WARNING] [web-runtime] connection lost, retry #50 @ http://localhost:1420/plugins/@deepseek-ai/dsh-client-connection/client.js?rev=a2c03f913693:116
[ 6106694ms] [WARNING] [web-runtime] connection lost, retry #51 @ http://localhost:1420/plugins/@deepseek-ai/dsh-client-connection/client.js?rev=a2c03f913693:116
[ 6112196ms] [WARNING] [web-runtime] connection lost, retry #52 @ http://localhost:1420/plugins/@deepseek-ai/dsh-client-connection/client.js?rev=a2c03f913693:116
[ 6117661ms] [WARNING] [web-runtime] connection lost, retry #53 @ http://localhost:1420/plugins/@deepseek-ai/dsh-client-connection/client.js?rev=a2c03f913693:116
[ 6126891ms] [WARNING] [web-runtime] connection lost, retry #54 @ http://localhost:1420/plugins/@deepseek-ai/dsh-client-connection/client.js?rev=a2c03f913693:116
[ 6131988ms] [WARNING] [web-runtime] connection lost, retry #55 @ http://localhost:1420/plugins/@deepseek-ai/dsh-client-connection/client.js?rev=a2c03f913693:116
[ 6135403ms] [LOG] [vite] server connection lost. Polling for restart... @ http://localhost:1420/@vite/client:963
[ 6135408ms] [ERROR] WebSocket connection to 'ws://localhost:1420/' failed: Error in connection establishment: net::ERR_CONNECTION_REFUSED @ http://localhost:1420/@vite/client:1034
[ 6136411ms] [ERROR] WebSocket connection to 'ws://localhost:1420/' failed: Error in connection establishment: net::ERR_CONNECTION_REFUSED @ http://localhost:1420/@vite/client:1034
[ 6137414ms] [ERROR] WebSocket connection to 'ws://localhost:1420/' failed: Error in connection establishment: net::ERR_CONNECTION_REFUSED @ http://localhost:1420/@vite/client:1034
[ 6138416ms] [ERROR] WebSocket connection to 'ws://localhost:1420/' failed: Error in connection establishment: net::ERR_CONNECTION_REFUSED @ http://localhost:1420/@vite/client:1034
[ 6139421ms] [ERROR] WebSocket connection to 'ws://localhost:1420/' failed: Error in connection establishment: net::ERR_CONNECTION_REFUSED @ http://localhost:1420/@vite/client:1034
[ 6140427ms] [ERROR] WebSocket connection to 'ws://localhost:1420/' failed: Error in connection establishment: net::ERR_CONNECTION_REFUSED @ http://localhost:1420/@vite/client:1034
[ 6141437ms] [ERROR] WebSocket connection to 'ws://localhost:1420/' failed: Error in connection establishment: net::ERR_CONNECTION_REFUSED @ http://localhost:1420/@vite/client:1034
[ 6141533ms] [ERROR] Failed to load resource: net::ERR_CONNECTION_REFUSED @ http://localhost:1420/api/host.describe:0
[ 6141534ms] [WARNING] [web-runtime] connection lost, retry #56 @ http://localhost:1420/plugins/@deepseek-ai/dsh-client-connection/client.js?rev=a2c03f913693:116
[ 6142452ms] [ERROR] WebSocket connection to 'ws://localhost:1420/' failed: Error in connection establishment: net::ERR_CONNECTION_REFUSED @ http://localhost:1420/@vite/client:1034
[ 6143463ms] [ERROR] WebSocket connection to 'ws://localhost:1420/' failed: Error in connection establishment: net::ERR_CONNECTION_REFUSED @ http://localhost:1420/@vite/client:1034
[ 6144484ms] [ERROR] WebSocket connection to 'ws://localhost:1420/' failed: Error in connection establishment: net::ERR_CONNECTION_REFUSED @ http://localhost:1420/@vite/client:1034
[ 6145646ms] [ERROR] WebSocket connection to 'ws://localhost:1420/' failed: Error in connection establishment: net::ERR_CONNECTION_REFUSED @ http://localhost:1420/@vite/client:1034
[ 6146724ms] [ERROR] WebSocket connection to 'ws://localhost:1420/' failed: Error in connection establishment: net::ERR_CONNECTION_REFUSED @ http://localhost:1420/@vite/client:1034
[ 6147854ms] [ERROR] WebSocket connection to 'ws://localhost:1420/' failed: Error in connection establishment: net::ERR_CONNECTION_REFUSED @ http://localhost:1420/@vite/client:1034
[ 6149516ms] [ERROR] WebSocket connection to 'ws://localhost:1420/' failed: Error in connection establishment: net::ERR_CONNECTION_REFUSED @ http://localhost:1420/@vite/client:1034
[ 6150719ms] [ERROR] Failed to load resource: net::ERR_CONNECTION_REFUSED @ http://localhost:1420/api/host.describe:0
[ 6150719ms] [WARNING] [web-runtime] connection lost, retry #57 @ http://localhost:1420/plugins/@deepseek-ai/dsh-client-connection/client.js?rev=a2c03f913693:116
[ 6151999ms] [ERROR] WebSocket connection to 'ws://localhost:1420/' failed: Error in connection establishment: net::ERR_CONNECTION_REFUSED @ http://localhost:1420/@vite/client:1034
[ 6155630ms] [ERROR] WebSocket connection to 'ws://localhost:1420/' failed: Error in connection establishment: net::ERR_CONNECTION_REFUSED @ http://localhost:1420/@vite/client:1034
[ 6157152ms] [ERROR] Failed to load resource: net::ERR_CONNECTION_REFUSED @ http://localhost:1420/api/host.describe:0
[ 6157152ms] [WARNING] [web-runtime] connection lost, retry #58 @ http://localhost:1420/plugins/@deepseek-ai/dsh-client-connection/client.js?rev=a2c03f913693:116
[ 6157971ms] [ERROR] WebSocket connection to 'ws://localhost:1420/' failed: Error in connection establishment: net::ERR_CONNECTION_REFUSED @ http://localhost:1420/@vite/client:1034
[ 6161225ms] [ERROR] WebSocket connection to 'ws://localhost:1420/' failed: Error in connection establishment: net::ERR_CONNECTION_REFUSED @ http://localhost:1420/@vite/client:1034
[ 6163846ms] [ERROR] Failed to load resource: net::ERR_CONNECTION_REFUSED @ http://localhost:1420/api/host.describe:0
[ 6163846ms] [WARNING] [web-runtime] connection lost, retry #59 @ http://localhost:1420/plugins/@deepseek-ai/dsh-client-connection/client.js?rev=a2c03f913693:116
[ 6166835ms] [ERROR] WebSocket connection to 'ws://localhost:1420/' failed: Error in connection establishment: net::ERR_CONNECTION_REFUSED @ http://localhost:1420/@vite/client:1034
[ 6171809ms] [ERROR] WebSocket connection to 'ws://localhost:1420/' failed: Error in connection establishment: net::ERR_CONNECTION_REFUSED @ http://localhost:1420/@vite/client:1034
[ 6173161ms] [ERROR] Failed to load resource: net::ERR_CONNECTION_REFUSED @ http://localhost:1420/api/host.describe:0
[ 6173161ms] [WARNING] [web-runtime] connection lost, retry #60 @ http://localhost:1420/plugins/@deepseek-ai/dsh-client-connection/client.js?rev=a2c03f913693:116
[ 6177525ms] [ERROR] WebSocket connection to 'ws://localhost:1420/' failed: Error in connection establishment: net::ERR_CONNECTION_REFUSED @ http://localhost:1420/@vite/client:1034
[ 6180601ms] [ERROR] Failed to load resource: net::ERR_CONNECTION_REFUSED @ http://localhost:1420/api/host.describe:0
[ 6180601ms] [WARNING] [web-runtime] connection lost, retry #61 @ http://localhost:1420/plugins/@deepseek-ai/dsh-client-connection/client.js?rev=a2c03f913693:116
[ 6181286ms] [ERROR] WebSocket connection to 'ws://localhost:1420/' failed: Error in connection establishment: net::ERR_CONNECTION_REFUSED @ http://localhost:1420/@vite/client:1034
[ 6185255ms] [ERROR] WebSocket connection to 'ws://localhost:1420/' failed: Error in connection establishment: net::ERR_CONNECTION_REFUSED @ http://localhost:1420/@vite/client:1034
[ 6188218ms] [ERROR] WebSocket connection to 'ws://localhost:1420/' failed: Error in connection establishment: net::ERR_CONNECTION_REFUSED @ http://localhost:1420/@vite/client:1034
[ 6188918ms] [ERROR] Failed to load resource: net::ERR_CONNECTION_REFUSED @ http://localhost:1420/api/host.describe:0
[ 6188918ms] [WARNING] [web-runtime] connection lost, retry #62 @ http://localhost:1420/plugins/@deepseek-ai/dsh-client-connection/client.js?rev=a2c03f913693:116
[ 6194019ms] [ERROR] WebSocket connection to 'ws://localhost:1420/' failed: Error in connection establishment: net::ERR_CONNECTION_REFUSED @ http://localhost:1420/@vite/client:1034
[ 6196253ms] [ERROR] Failed to load resource: net::ERR_CONNECTION_REFUSED @ http://localhost:1420/api/host.describe:0
[ 6196253ms] [WARNING] [web-runtime] connection lost, retry #63 @ http://localhost:1420/plugins/@deepseek-ai/dsh-client-connection/client.js?rev=a2c03f913693:116
[ 6197921ms] [ERROR] WebSocket connection to 'ws://localhost:1420/' failed: Error in connection establishment: net::ERR_CONNECTION_REFUSED @ http://localhost:1420/@vite/client:1034
[ 6201214ms] [ERROR] WebSocket connection to 'ws://localhost:1420/' failed: Error in connection establishment: net::ERR_CONNECTION_REFUSED @ http://localhost:1420/@vite/client:1034
[ 6203019ms] [ERROR] Failed to load resource: net::ERR_CONNECTION_REFUSED @ http://localhost:1420/api/host.describe:0
[ 6203019ms] [WARNING] [web-runtime] connection lost, retry #64 @ http://localhost:1420/plugins/@deepseek-ai/dsh-client-connection/client.js?rev=a2c03f913693:116
[ 6206392ms] [ERROR] WebSocket connection to 'ws://localhost:1420/' failed: Error in connection establishment: net::ERR_CONNECTION_REFUSED @ http://localhost:1420/@vite/client:1034
[ 6210205ms] [ERROR] WebSocket connection to 'ws://localhost:1420/' failed: Error in connection establishment: net::ERR_CONNECTION_REFUSED @ http://localhost:1420/@vite/client:1034
[ 6211642ms] [ERROR] Failed to load resource: net::ERR_CONNECTION_REFUSED @ http://localhost:1420/api/host.describe:0
[ 6211642ms] [WARNING] [web-runtime] connection lost, retry #65 @ http://localhost:1420/plugins/@deepseek-ai/dsh-client-connection/client.js?rev=a2c03f913693:116
[ 6214283ms] [ERROR] WebSocket connection to 'ws://localhost:1420/' failed: Error in connection establishment: net::ERR_CONNECTION_REFUSED @ http://localhost:1420/@vite/client:1034
[ 6218471ms] [ERROR] Failed to load resource: net::ERR_CONNECTION_REFUSED @ http://localhost:1420/api/host.describe:0
[ 6218471ms] [WARNING] [web-runtime] connection lost, retry #66 @ http://localhost:1420/plugins/@deepseek-ai/dsh-client-connection/client.js?rev=a2c03f913693:116
[ 6219883ms] [ERROR] WebSocket connection to 'ws://localhost:1420/' failed: Error in connection establishment: net::ERR_CONNECTION_REFUSED @ http://localhost:1420/@vite/client:1034
[ 6223605ms] [ERROR] WebSocket connection to 'ws://localhost:1420/' failed: Error in connection establishment: net::ERR_CONNECTION_REFUSED @ http://localhost:1420/@vite/client:1034
[ 6224320ms] [ERROR] Failed to load resource: net::ERR_CONNECTION_REFUSED @ http://localhost:1420/api/host.describe:0
[ 6224320ms] [WARNING] [web-runtime] connection lost, retry #67 @ http://localhost:1420/plugins/@deepseek-ai/dsh-client-connection/client.js?rev=a2c03f913693:116
[ 6228888ms] [ERROR] WebSocket connection to 'ws://localhost:1420/' failed: Error in connection establishment: net::ERR_CONNECTION_REFUSED @ http://localhost:1420/@vite/client:1034
[ 6231604ms] [ERROR] Failed to load resource: net::ERR_CONNECTION_REFUSED @ http://localhost:1420/api/host.describe:0
[ 6231604ms] [WARNING] [web-runtime] connection lost, retry #68 @ http://localhost:1420/plugins/@deepseek-ai/dsh-client-connection/client.js?rev=a2c03f913693:116
[ 6234502ms] [ERROR] WebSocket connection to 'ws://localhost:1420/' failed: Error in connection establishment: net::ERR_CONNECTION_REFUSED @ http://localhost:1420/@vite/client:1034
[ 6237292ms] [ERROR] WebSocket connection to 'ws://localhost:1420/' failed: Error in connection establishment: net::ERR_CONNECTION_REFUSED @ http://localhost:1420/@vite/client:1034
[ 6240318ms] [ERROR] Failed to load resource: net::ERR_CONNECTION_REFUSED @ http://localhost:1420/api/host.describe:0
[ 6240319ms] [WARNING] [web-runtime] connection lost, retry #69 @ http://localhost:1420/plugins/@deepseek-ai/dsh-client-connection/client.js?rev=a2c03f913693:116
[ 6242522ms] [ERROR] WebSocket connection to 'ws://localhost:1420/' failed: Error in connection establishment: net::ERR_CONNECTION_REFUSED @ http://localhost:1420/@vite/client:1034
[ 6248381ms] [ERROR] WebSocket connection to 'ws://localhost:1420/' failed: Error in connection establishment: net::ERR_CONNECTION_REFUSED @ http://localhost:1420/@vite/client:1034
[ 6248538ms] [ERROR] Failed to load resource: net::ERR_CONNECTION_REFUSED @ http://localhost:1420/api/host.describe:0
[ 6248538ms] [WARNING] [web-runtime] connection lost, retry #70 @ http://localhost:1420/plugins/@deepseek-ai/dsh-client-connection/client.js?rev=a2c03f913693:116
[ 6252197ms] [ERROR] WebSocket connection to 'ws://localhost:1420/' failed: Error in connection establishment: net::ERR_CONNECTION_REFUSED @ http://localhost:1420/@vite/client:1034
[ 6255919ms] [ERROR] Failed to load resource: net::ERR_CONNECTION_REFUSED @ http://localhost:1420/api/host.describe:0
[ 6255919ms] [WARNING] [web-runtime] connection lost, retry #71 @ http://localhost:1420/plugins/@deepseek-ai/dsh-client-connection/client.js?rev=a2c03f913693:116
[ 6256620ms] [ERROR] WebSocket connection to 'ws://localhost:1420/' failed: Error in connection establishment: net::ERR_CONNECTION_REFUSED @ http://localhost:1420/@vite/client:1034
[ 6262003ms] [ERROR] WebSocket connection to 'ws://localhost:1420/' failed: Error in connection establishment: net::ERR_CONNECTION_REFUSED @ http://localhost:1420/@vite/client:1034
[ 6263961ms] [ERROR] Failed to load resource: net::ERR_CONNECTION_REFUSED @ http://localhost:1420/api/host.describe:0
[ 6263961ms] [WARNING] [web-runtime] connection lost, retry #72 @ http://localhost:1420/plugins/@deepseek-ai/dsh-client-connection/client.js?rev=a2c03f913693:116
[ 6264874ms] [ERROR] WebSocket connection to 'ws://localhost:1420/' failed: Error in connection establishment: net::ERR_CONNECTION_REFUSED @ http://localhost:1420/@vite/client:1034
[ 6269232ms] [ERROR] WebSocket connection to 'ws://localhost:1420/' failed: Error in connection establishment: net::ERR_CONNECTION_REFUSED @ http://localhost:1420/@vite/client:1034
[ 6271811ms] [ERROR] Failed to load resource: net::ERR_CONNECTION_REFUSED @ http://localhost:1420/api/host.describe:0
[ 6271811ms] [WARNING] [web-runtime] connection lost, retry #73 @ http://localhost:1420/plugins/@deepseek-ai/dsh-client-connection/client.js?rev=a2c03f913693:116
[ 6275002ms] [ERROR] WebSocket connection to 'ws://localhost:1420/' failed: Error in connection establishment: net::ERR_CONNECTION_REFUSED @ http://localhost:1420/@vite/client:1034
[ 6278464ms] [ERROR] WebSocket connection to 'ws://localhost:1420/' failed: Error in connection establishment: net::ERR_CONNECTION_REFUSED @ http://localhost:1420/@vite/client:1034
[ 6280245ms] [ERROR] Failed to load resource: net::ERR_CONNECTION_REFUSED @ http://localhost:1420/api/host.describe:0
[ 6280245ms] [WARNING] [web-runtime] connection lost, retry #74 @ http://localhost:1420/plugins/@deepseek-ai/dsh-client-connection/client.js?rev=a2c03f913693:116
[ 6283138ms] [ERROR] WebSocket connection to 'ws://localhost:1420/' failed: Error in connection establishment: net::ERR_CONNECTION_REFUSED @ http://localhost:1420/@vite/client:1034
[ 6286088ms] [ERROR] WebSocket connection to 'ws://localhost:1420/' failed: Error in connection establishment: net::ERR_CONNECTION_REFUSED @ http://localhost:1420/@vite/client:1034
[ 6289448ms] [ERROR] Failed to load resource: net::ERR_CONNECTION_REFUSED @ http://localhost:1420/api/host.describe:0
[ 6289448ms] [WARNING] [web-runtime] connection lost, retry #75 @ http://localhost:1420/plugins/@deepseek-ai/dsh-client-connection/client.js?rev=a2c03f913693:116
[ 6289532ms] [ERROR] WebSocket connection to 'ws://localhost:1420/' failed: Error in connection establishment: net::ERR_CONNECTION_REFUSED @ http://localhost:1420/@vite/client:1034
[ 6293604ms] [ERROR] WebSocket connection to 'ws://localhost:1420/' failed: Error in connection establishment: net::ERR_CONNECTION_REFUSED @ http://localhost:1420/@vite/client:1034
[ 6296158ms] [ERROR] WebSocket connection to 'ws://localhost:1420/' failed: Error in connection establishment: net::ERR_CONNECTION_REFUSED @ http://localhost:1420/@vite/client:1034
[ 6297111ms] [ERROR] Failed to load resource: net::ERR_CONNECTION_REFUSED @ http://localhost:1420/api/host.describe:0
[ 6297111ms] [WARNING] [web-runtime] connection lost, retry #76 @ http://localhost:1420/plugins/@deepseek-ai/dsh-client-connection/client.js?rev=a2c03f913693:116
[ 6301486ms] [ERROR] WebSocket connection to 'ws://localhost:1420/' failed: Error in connection establishment: net::ERR_CONNECTION_REFUSED @ http://localhost:1420/@vite/client:1034
[ 6303526ms] [ERROR] Failed to load resource: net::ERR_CONNECTION_REFUSED @ http://localhost:1420/api/host.describe:0
[ 6303526ms] [WARNING] [web-runtime] connection lost, retry #77 @ http://localhost:1420/plugins/@deepseek-ai/dsh-client-connection/client.js?rev=a2c03f913693:116
[ 6304247ms] [ERROR] WebSocket connection to 'ws://localhost:1420/' failed: Error in connection establishment: net::ERR_CONNECTION_REFUSED @ http://localhost:1420/@vite/client:1034
[ 6309504ms] [ERROR] WebSocket connection to 'ws://localhost:1420/' failed: Error in connection establishment: net::ERR_CONNECTION_REFUSED @ http://localhost:1420/@vite/client:1034
[ 6312895ms] [ERROR] Failed to load resource: net::ERR_CONNECTION_REFUSED @ http://localhost:1420/api/host.describe:0
[ 6312895ms] [WARNING] [web-runtime] connection lost, retry #78 @ http://localhost:1420/plugins/@deepseek-ai/dsh-client-connection/client.js?rev=a2c03f913693:116
[ 6314585ms] [ERROR] WebSocket connection to 'ws://localhost:1420/' failed: Error in connection establishment: net::ERR_CONNECTION_REFUSED @ http://localhost:1420/@vite/client:1034
[ 6317919ms] [ERROR] WebSocket connection to 'ws://localhost:1420/' failed: Error in connection establishment: net::ERR_CONNECTION_REFUSED @ http://localhost:1420/@vite/client:1034
[ 6319707ms] [ERROR] Failed to load resource: net::ERR_CONNECTION_REFUSED @ http://localhost:1420/api/host.describe:0
[ 6319707ms] [WARNING] [web-runtime] connection lost, retry #79 @ http://localhost:1420/plugins/@deepseek-ai/dsh-client-connection/client.js?rev=a2c03f913693:116
[ 6322138ms] [ERROR] WebSocket connection to 'ws://localhost:1420/' failed: Error in connection establishment: net::ERR_CONNECTION_REFUSED @ http://localhost:1420/@vite/client:1034
[ 6326252ms] [ERROR] WebSocket connection to 'ws://localhost:1420/' failed: Error in connection establishment: net::ERR_CONNECTION_REFUSED @ http://localhost:1420/@vite/client:1034
[ 6329633ms] [ERROR] Failed to load resource: net::ERR_CONNECTION_REFUSED @ http://localhost:1420/api/host.describe:0
[ 6329633ms] [WARNING] [web-runtime] connection lost, retry #80 @ http://localhost:1420/plugins/@deepseek-ai/dsh-client-connection/client.js?rev=a2c03f913693:116
[ 6330372ms] [ERROR] WebSocket connection to 'ws://localhost:1420/' failed: Error in connection establishment: net::ERR_CONNECTION_REFUSED @ http://localhost:1420/@vite/client:1034
[ 6333905ms] [ERROR] WebSocket connection to 'ws://localhost:1420/' failed: Error in connection establishment: net::ERR_CONNECTION_REFUSED @ http://localhost:1420/@vite/client:1034
[ 6335409ms] [ERROR] Failed to load resource: net::ERR_CONNECTION_REFUSED @ http://localhost:1420/api/host.describe:0
[ 6335409ms] [WARNING] [web-runtime] connection lost, retry #81 @ http://localhost:1420/plugins/@deepseek-ai/dsh-client-connection/client.js?rev=a2c03f913693:116
[ 6337747ms] [ERROR] WebSocket connection to 'ws://localhost:1420/' failed: Error in connection establishment: net::ERR_CONNECTION_REFUSED @ http://localhost:1420/@vite/client:1034
[ 6342881ms] [ERROR] WebSocket connection to 'ws://localhost:1420/' failed: Error in connection establishment: net::ERR_CONNECTION_REFUSED @ http://localhost:1420/@vite/client:1034
[ 6345140ms] [ERROR] Failed to load resource: net::ERR_CONNECTION_REFUSED @ http://localhost:1420/api/host.describe:0
[ 6345140ms] [WARNING] [web-runtime] connection lost, retry #82 @ http://localhost:1420/plugins/@deepseek-ai/dsh-client-connection/client.js?rev=a2c03f913693:116
[ 6347064ms] [ERROR] WebSocket connection to 'ws://localhost:1420/' failed: Error in connection establishment: net::ERR_CONNECTION_REFUSED @ http://localhost:1420/@vite/client:1034
[ 6350412ms] [ERROR] Failed to load resource: net::ERR_CONNECTION_REFUSED @ http://localhost:1420/api/host.describe:0
[ 6350412ms] [WARNING] [web-runtime] connection lost, retry #83 @ http://localhost:1420/plugins/@deepseek-ai/dsh-client-connection/client.js?rev=a2c03f913693:116
[ 6351511ms] [ERROR] WebSocket connection to 'ws://localhost:1420/' failed: Error in connection establishment: net::ERR_CONNECTION_REFUSED @ http://localhost:1420/@vite/client:1034
[ 6355385ms] [ERROR] WebSocket connection to 'ws://localhost:1420/' failed: Error in connection establishment: net::ERR_CONNECTION_REFUSED @ http://localhost:1420/@vite/client:1034
[ 6356747ms] [ERROR] Failed to load resource: net::ERR_CONNECTION_REFUSED @ http://localhost:1420/api/host.describe:0
[ 6356747ms] [WARNING] [web-runtime] connection lost, retry #84 @ http://localhost:1420/plugins/@deepseek-ai/dsh-client-connection/client.js?rev=a2c03f913693:116
[ 6357886ms] [ERROR] WebSocket connection to 'ws://localhost:1420/' failed: Error in connection establishment: net::ERR_CONNECTION_REFUSED @ http://localhost:1420/@vite/client:1034
[ 6360662ms] [ERROR] WebSocket connection to 'ws://localhost:1420/' failed: Error in connection establishment: net::ERR_CONNECTION_REFUSED @ http://localhost:1420/@vite/client:1034
[ 6365034ms] [ERROR] WebSocket connection to 'ws://localhost:1420/' failed: Error in connection establishment: net::ERR_CONNECTION_REFUSED @ http://localhost:1420/@vite/client:1034
[ 6366486ms] [ERROR] Failed to load resource: net::ERR_CONNECTION_REFUSED @ http://localhost:1420/api/host.describe:0
[ 6366486ms] [WARNING] [web-runtime] connection lost, retry #85 @ http://localhost:1420/plugins/@deepseek-ai/dsh-client-connection/client.js?rev=a2c03f913693:116
[ 6370372ms] [ERROR] WebSocket connection to 'ws://localhost:1420/' failed: Error in connection establishment: net::ERR_CONNECTION_REFUSED @ http://localhost:1420/@vite/client:1034
[ 6374353ms] [ERROR] WebSocket connection to 'ws://localhost:1420/' failed: Error in connection establishment: net::ERR_CONNECTION_REFUSED @ http://localhost:1420/@vite/client:1034
[ 6375563ms] [ERROR] Failed to load resource: net::ERR_CONNECTION_REFUSED @ http://localhost:1420/api/host.describe:0
[ 6375563ms] [WARNING] [web-runtime] connection lost, retry #86 @ http://localhost:1420/plugins/@deepseek-ai/dsh-client-connection/client.js?rev=a2c03f913693:116
[ 6379356ms] [ERROR] WebSocket connection to 'ws://localhost:1420/' failed: Error in connection establishment: net::ERR_CONNECTION_REFUSED @ http://localhost:1420/@vite/client:1034
[ 6383956ms] [ERROR] Failed to load resource: net::ERR_CONNECTION_REFUSED @ http://localhost:1420/api/host.describe:0
[ 6383956ms] [WARNING] [web-runtime] connection lost, retry #87 @ http://localhost:1420/plugins/@deepseek-ai/dsh-client-connection/client.js?rev=a2c03f913693:116
[ 6384009ms] [ERROR] WebSocket connection to 'ws://localhost:1420/' failed: Error in connection establishment: net::ERR_CONNECTION_REFUSED @ http://localhost:1420/@vite/client:1034
[ 6386819ms] [ERROR] WebSocket connection to 'ws://localhost:1420/' failed: Error in connection establishment: net::ERR_CONNECTION_REFUSED @ http://localhost:1420/@vite/client:1034
[ 6389178ms] [ERROR] Failed to load resource: net::ERR_CONNECTION_REFUSED @ http://localhost:1420/api/host.describe:0
[ 6389178ms] [WARNING] [web-runtime] connection lost, retry #88 @ http://localhost:1420/plugins/@deepseek-ai/dsh-client-connection/client.js?rev=a2c03f913693:116
[ 6392401ms] [ERROR] WebSocket connection to 'ws://localhost:1420/' failed: Error in connection establishment: net::ERR_CONNECTION_REFUSED @ http://localhost:1420/@vite/client:1034
[ 6397805ms] [ERROR] Failed to load resource: net::ERR_CONNECTION_REFUSED @ http://localhost:1420/api/host.describe:0
[ 6397805ms] [WARNING] [web-runtime] connection lost, retry #89 @ http://localhost:1420/plugins/@deepseek-ai/dsh-client-connection/client.js?rev=a2c03f913693:116
[ 6398141ms] [ERROR] WebSocket connection to 'ws://localhost:1420/' failed: Error in connection establishment: net::ERR_CONNECTION_REFUSED @ http://localhost:1420/@vite/client:1034
[ 6400936ms] [ERROR] WebSocket connection to 'ws://localhost:1420/' failed: Error in connection establishment: net::ERR_CONNECTION_REFUSED @ http://localhost:1420/@vite/client:1034
[ 6404620ms] [ERROR] WebSocket connection to 'ws://localhost:1420/' failed: Error in connection establishment: net::ERR_CONNECTION_REFUSED @ http://localhost:1420/@vite/client:1034
[ 6407330ms] [ERROR] Failed to load resource: net::ERR_CONNECTION_REFUSED @ http://localhost:1420/api/host.describe:0
[ 6407330ms] [WARNING] [web-runtime] connection lost, retry #90 @ http://localhost:1420/plugins/@deepseek-ai/dsh-client-connection/client.js?rev=a2c03f913693:116
[ 6407641ms] [ERROR] WebSocket connection to 'ws://localhost:1420/' failed: Error in connection establishment: net::ERR_CONNECTION_REFUSED @ http://localhost:1420/@vite/client:1034
[ 6412960ms] [ERROR] WebSocket connection to 'ws://localhost:1420/' failed: Error in connection establishment: net::ERR_CONNECTION_REFUSED @ http://localhost:1420/@vite/client:1034
[ 6415653ms] [ERROR] WebSocket connection to 'ws://localhost:1420/' failed: Error in connection establishment: net::ERR_CONNECTION_REFUSED @ http://localhost:1420/@vite/client:1034
[ 6415863ms] [ERROR] Failed to load resource: net::ERR_CONNECTION_REFUSED @ http://localhost:1420/api/host.describe:0
[ 6415863ms] [WARNING] [web-runtime] connection lost, retry #91 @ http://localhost:1420/plugins/@deepseek-ai/dsh-client-connection/client.js?rev=a2c03f913693:116
[ 6420548ms] [ERROR] WebSocket connection to 'ws://localhost:1420/' failed: Error in connection establishment: net::ERR_CONNECTION_REFUSED @ http://localhost:1420/@vite/client:1034
[ 6423498ms] [ERROR] Failed to load resource: net::ERR_CONNECTION_REFUSED @ http://localhost:1420/api/host.describe:0
[ 6423498ms] [WARNING] [web-runtime] connection lost, retry #92 @ http://localhost:1420/plugins/@deepseek-ai/dsh-client-connection/client.js?rev=a2c03f913693:116
[ 6425051ms] [ERROR] WebSocket connection to 'ws://localhost:1420/' failed: Error in connection establishment: net::ERR_CONNECTION_REFUSED @ http://localhost:1420/@vite/client:1034
[ 6428461ms] [ERROR] WebSocket connection to 'ws://localhost:1420/' failed: Error in connection establishment: net::ERR_CONNECTION_REFUSED @ http://localhost:1420/@vite/client:1034
[ 6430646ms] [ERROR] Failed to load resource: net::ERR_CONNECTION_REFUSED @ http://localhost:1420/api/host.describe:0
[ 6430646ms] [WARNING] [web-runtime] connection lost, retry #93 @ http://localhost:1420/plugins/@deepseek-ai/dsh-client-connection/client.js?rev=a2c03f913693:116
[ 6431928ms] [ERROR] WebSocket connection to 'ws://localhost:1420/' failed: Error in connection establishment: net::ERR_CONNECTION_REFUSED @ http://localhost:1420/@vite/client:1034
[ 6434953ms] [ERROR] WebSocket connection to 'ws://localhost:1420/' failed: Error in connection establishment: net::ERR_CONNECTION_REFUSED @ http://localhost:1420/@vite/client:1034
[ 6436056ms] [ERROR] Failed to load resource: net::ERR_CONNECTION_REFUSED @ http://localhost:1420/api/host.describe:0
[ 6436056ms] [WARNING] [web-runtime] connection lost, retry #94 @ http://localhost:1420/plugins/@deepseek-ai/dsh-client-connection/client.js?rev=a2c03f913693:116
[ 6438322ms] [ERROR] WebSocket connection to 'ws://localhost:1420/' failed: Error in connection establishment: net::ERR_CONNECTION_REFUSED @ http://localhost:1420/@vite/client:1034
[ 6442319ms] [ERROR] WebSocket connection to 'ws://localhost:1420/' failed: Error in connection establishment: net::ERR_CONNECTION_REFUSED @ http://localhost:1420/@vite/client:1034
[ 6443746ms] [ERROR] Failed to load resource: net::ERR_CONNECTION_REFUSED @ http://localhost:1420/api/host.describe:0
[ 6443747ms] [WARNING] [web-runtime] connection lost, retry #95 @ http://localhost:1420/plugins/@deepseek-ai/dsh-client-connection/client.js?rev=a2c03f913693:116
[ 6446506ms] [ERROR] WebSocket connection to 'ws://localhost:1420/' failed: Error in connection establishment: net::ERR_CONNECTION_REFUSED @ http://localhost:1420/@vite/client:1034
[ 6450078ms] [ERROR] WebSocket connection to 'ws://localhost:1420/' failed: Error in connection establishment: net::ERR_CONNECTION_REFUSED @ http://localhost:1420/@vite/client:1034
[ 6451397ms] [ERROR] Failed to load resource: net::ERR_CONNECTION_REFUSED @ http://localhost:1420/api/host.describe:0
[ 6451398ms] [WARNING] [web-runtime] connection lost, retry #96 @ http://localhost:1420/plugins/@deepseek-ai/dsh-client-connection/client.js?rev=a2c03f913693:116
[ 6453420ms] [ERROR] WebSocket connection to 'ws://localhost:1420/' failed: Error in connection establishment: net::ERR_CONNECTION_REFUSED @ http://localhost:1420/@vite/client:1034
[ 6457125ms] [ERROR] WebSocket connection to 'ws://localhost:1420/' failed: Error in connection establishment: net::ERR_CONNECTION_REFUSED @ http://localhost:1420/@vite/client:1034
[ 6459184ms] [ERROR] Failed to load resource: net::ERR_CONNECTION_REFUSED @ http://localhost:1420/api/host.describe:0
[ 6459184ms] [WARNING] [web-runtime] connection lost, retry #97 @ http://localhost:1420/plugins/@deepseek-ai/dsh-client-connection/client.js?rev=a2c03f913693:116
[ 6459535ms] [ERROR] WebSocket connection to 'ws://localhost:1420/' failed: Error in connection establishment: net::ERR_CONNECTION_REFUSED @ http://localhost:1420/@vite/client:1034
[ 6461969ms] [ERROR] WebSocket connection to 'ws://localhost:1420/' failed: Error in connection establishment: net::ERR_CONNECTION_REFUSED @ http://localhost:1420/@vite/client:1034
[ 6465343ms] [ERROR] WebSocket connection to 'ws://localhost:1420/' failed: Error in connection establishment: net::ERR_CONNECTION_REFUSED @ http://localhost:1420/@vite/client:1034
[ 6466593ms] [ERROR] Failed to load resource: net::ERR_CONNECTION_REFUSED @ http://localhost:1420/api/host.describe:0
[ 6466593ms] [WARNING] [web-runtime] connection lost, retry #98 @ http://localhost:1420/plugins/@deepseek-ai/dsh-client-connection/client.js?rev=a2c03f913693:116
[ 6470324ms] [ERROR] WebSocket connection to 'ws://localhost:1420/' failed: Error in connection establishment: net::ERR_CONNECTION_REFUSED @ http://localhost:1420/@vite/client:1034
[ 6475498ms] [ERROR] WebSocket connection to 'ws://localhost:1420/' failed: Error in connection establishment: net::ERR_CONNECTION_REFUSED @ http://localhost:1420/@vite/client:1034
[ 6476121ms] [ERROR] Failed to load resource: net::ERR_CONNECTION_REFUSED @ http://localhost:1420/api/host.describe:0
[ 6476121ms] [WARNING] [web-runtime] connection lost, retry #99 @ http://localhost:1420/plugins/@deepseek-ai/dsh-client-connection/client.js?rev=a2c03f913693:116
[ 6479276ms] [ERROR] WebSocket connection to 'ws://localhost:1420/' failed: Error in connection establishment: net::ERR_CONNECTION_REFUSED @ http://localhost:1420/@vite/client:1034
[ 6481374ms] [ERROR] WebSocket connection to 'ws://localhost:1420/' failed: Error in connection establishment: net::ERR_CONNECTION_REFUSED @ http://localhost:1420/@vite/client:1034
[ 6481657ms] [ERROR] Failed to load resource: net::ERR_CONNECTION_REFUSED @ http://localhost:1420/api/host.describe:0
[ 6481657ms] [WARNING] [web-runtime] connection lost, retry #100 @ http://localhost:1420/plugins/@deepseek-ai/dsh-client-connection/client.js?rev=a2c03f913693:116
[ 6486275ms] [ERROR] WebSocket connection to 'ws://localhost:1420/' failed: Error in connection establishment: net::ERR_CONNECTION_REFUSED @ http://localhost:1420/@vite/client:1034
[ 6487974ms] [ERROR] Failed to load resource: net::ERR_CONNECTION_REFUSED @ http://localhost:1420/api/host.describe:0
[ 6487974ms] [WARNING] [web-runtime] connection lost, retry #101 @ http://localhost:1420/plugins/@deepseek-ai/dsh-client-connection/client.js?rev=a2c03f913693:116
[ 6489924ms] [ERROR] WebSocket connection to 'ws://localhost:1420/' failed: Error in connection establishment: net::ERR_CONNECTION_REFUSED @ http://localhost:1420/@vite/client:1034
[ 6493019ms] [ERROR] Failed to load resource: net::ERR_CONNECTION_REFUSED @ http://localhost:1420/api/host.describe:0
[ 6493019ms] [WARNING] [web-runtime] connection lost, retry #102 @ http://localhost:1420/plugins/@deepseek-ai/dsh-client-connection/client.js?rev=a2c03f913693:116
[ 6494986ms] [ERROR] WebSocket connection to 'ws://localhost:1420/' failed: Error in connection establishment: net::ERR_CONNECTION_REFUSED @ http://localhost:1420/@vite/client:1034
[ 6495991ms] [ERROR] WebSocket connection to 'ws://localhost:1420/' failed: Error in connection establishment: net::ERR_CONNECTION_REFUSED @ http://localhost:1420/@vite/client:1034
[ 6496994ms] [ERROR] WebSocket connection to 'ws://localhost:1420/' failed: Error in connection establishment: net::ERR_CONNECTION_REFUSED @ http://localhost:1420/@vite/client:1034
[ 6497996ms] [ERROR] WebSocket connection to 'ws://localhost:1420/' failed: Error in connection establishment: net::ERR_CONNECTION_REFUSED @ http://localhost:1420/@vite/client:1034
[ 6499000ms] [ERROR] WebSocket connection to 'ws://localhost:1420/' failed: Error in connection establishment: net::ERR_CONNECTION_REFUSED @ http://localhost:1420/@vite/client:1034
[ 6500006ms] [ERROR] WebSocket connection to 'ws://localhost:1420/' failed: Error in connection establishment: net::ERR_CONNECTION_REFUSED @ http://localhost:1420/@vite/client:1034
[ 6500740ms] [ERROR] Failed to load resource: net::ERR_CONNECTION_REFUSED @ http://localhost:1420/api/host.describe:0
[ 6500740ms] [WARNING] [web-runtime] connection lost, retry #103 @ http://localhost:1420/plugins/@deepseek-ai/dsh-client-connection/client.js?rev=a2c03f913693:116
[ 6501010ms] [ERROR] WebSocket connection to 'ws://localhost:1420/' failed: Error in connection establishment: net::ERR_CONNECTION_REFUSED @ http://localhost:1420/@vite/client:1034
[ 6502023ms] [ERROR] WebSocket connection to 'ws://localhost:1420/' failed: Error in connection establishment: net::ERR_CONNECTION_REFUSED @ http://localhost:1420/@vite/client:1034
[ 6503035ms] [ERROR] WebSocket connection to 'ws://localhost:1420/' failed: Error in connection establishment: net::ERR_CONNECTION_REFUSED @ http://localhost:1420/@vite/client:1034
[ 6504065ms] [ERROR] WebSocket connection to 'ws://localhost:1420/' failed: Error in connection establishment: net::ERR_CONNECTION_REFUSED @ http://localhost:1420/@vite/client:1034
[ 6505109ms] [ERROR] WebSocket connection to 'ws://localhost:1420/' failed: Error in connection establishment: net::ERR_CONNECTION_REFUSED @ http://localhost:1420/@vite/client:1034
[ 6506069ms] [ERROR] Failed to load resource: net::ERR_CONNECTION_REFUSED @ http://localhost:1420/api/host.describe:0
[ 6506069ms] [WARNING] [web-runtime] connection lost, retry #104 @ http://localhost:1420/plugins/@deepseek-ai/dsh-client-connection/client.js?rev=a2c03f913693:116
[ 6506225ms] [ERROR] WebSocket connection to 'ws://localhost:1420/' failed: Error in connection establishment: net::ERR_CONNECTION_REFUSED @ http://localhost:1420/@vite/client:1034
[ 6507412ms] [ERROR] WebSocket connection to 'ws://localhost:1420/' failed: Error in connection establishment: net::ERR_CONNECTION_REFUSED @ http://localhost:1420/@vite/client:1034
[ 6508928ms] [ERROR] WebSocket connection to 'ws://localhost:1420/' failed: Error in connection establishment: net::ERR_CONNECTION_REFUSED @ http://localhost:1420/@vite/client:1034
[ 6510248ms] [ERROR] WebSocket connection to 'ws://localhost:1420/' failed: Error in connection establishment: net::ERR_CONNECTION_REFUSED @ http://localhost:1420/@vite/client:1034
[ 6512573ms] [ERROR] WebSocket connection to 'ws://localhost:1420/' failed: Error in connection establishment: net::ERR_CONNECTION_REFUSED @ http://localhost:1420/@vite/client:1034
[ 6512877ms] [ERROR] Failed to load resource: net::ERR_CONNECTION_REFUSED @ http://localhost:1420/api/host.describe:0
[ 6512877ms] [WARNING] [web-runtime] connection lost, retry #105 @ http://localhost:1420/plugins/@deepseek-ai/dsh-client-connection/client.js?rev=a2c03f913693:116
[ 6514652ms] [ERROR] WebSocket connection to 'ws://localhost:1420/' failed: Error in connection establishment: net::ERR_CONNECTION_REFUSED @ http://localhost:1420/@vite/client:1034
[ 6518965ms] [ERROR] WebSocket connection to 'ws://localhost:1420/' failed: Error in connection establishment: net::ERR_CONNECTION_REFUSED @ http://localhost:1420/@vite/client:1034
[ 6522805ms] [ERROR] Failed to load resource: net::ERR_CONNECTION_REFUSED @ http://localhost:1420/api/host.describe:0
[ 6522805ms] [WARNING] [web-runtime] connection lost, retry #106 @ http://localhost:1420/plugins/@deepseek-ai/dsh-client-connection/client.js?rev=a2c03f913693:116
[ 6523326ms] [ERROR] WebSocket connection to 'ws://localhost:1420/' failed: Error in connection establishment: net::ERR_CONNECTION_REFUSED @ http://localhost:1420/@vite/client:1034
[ 6526948ms] [ERROR] WebSocket connection to 'ws://localhost:1420/' failed: Error in connection establishment: net::ERR_CONNECTION_REFUSED @ http://localhost:1420/@vite/client:1034
[ 6529824ms] [ERROR] WebSocket connection to 'ws://localhost:1420/' failed: Error in connection establishment: net::ERR_CONNECTION_REFUSED @ http://localhost:1420/@vite/client:1034
[ 6531353ms] [ERROR] Failed to load resource: net::ERR_CONNECTION_REFUSED @ http://localhost:1420/api/host.describe:0
[ 6531354ms] [WARNING] [web-runtime] connection lost, retry #107 @ http://localhost:1420/plugins/@deepseek-ai/dsh-client-connection/client.js?rev=a2c03f913693:116
[ 6532299ms] [ERROR] WebSocket connection to 'ws://localhost:1420/' failed: Error in connection establishment: net::ERR_CONNECTION_REFUSED @ http://localhost:1420/@vite/client:1034
[ 6534532ms] [ERROR] WebSocket connection to 'ws://localhost:1420/' failed: Error in connection establishment: net::ERR_CONNECTION_REFUSED @ http://localhost:1420/@vite/client:1034
[ 6538865ms] [ERROR] Failed to load resource: net::ERR_CONNECTION_REFUSED @ http://localhost:1420/api/host.describe:0
[ 6538865ms] [WARNING] [web-runtime] connection lost, retry #108 @ http://localhost:1420/plugins/@deepseek-ai/dsh-client-connection/client.js?rev=a2c03f913693:116
[ 6540086ms] [ERROR] WebSocket connection to 'ws://localhost:1420/' failed: Error in connection establishment: net::ERR_CONNECTION_REFUSED @ http://localhost:1420/@vite/client:1034
[ 6542735ms] [ERROR] WebSocket connection to 'ws://localhost:1420/' failed: Error in connection establishment: net::ERR_CONNECTION_REFUSED @ http://localhost:1420/@vite/client:1034
[ 6545967ms] [ERROR] Failed to load resource: net::ERR_CONNECTION_REFUSED @ http://localhost:1420/api/host.describe:0
[ 6545967ms] [WARNING] [web-runtime] connection lost, retry #109 @ http://localhost:1420/plugins/@deepseek-ai/dsh-client-connection/client.js?rev=a2c03f913693:116
[ 6547361ms] [ERROR] WebSocket connection to 'ws://localhost:1420/' failed: Error in connection establishment: net::ERR_CONNECTION_REFUSED @ http://localhost:1420/@vite/client:1034
[ 6553332ms] [ERROR] WebSocket connection to 'ws://localhost:1420/' failed: Error in connection establishment: net::ERR_CONNECTION_REFUSED @ http://localhost:1420/@vite/client:1034
[ 6553689ms] [ERROR] Failed to load resource: net::ERR_CONNECTION_REFUSED @ http://localhost:1420/api/host.describe:0
[ 6553689ms] [WARNING] [web-runtime] connection lost, retry #110 @ http://localhost:1420/plugins/@deepseek-ai/dsh-client-connection/client.js?rev=a2c03f913693:116
[ 6558434ms] [ERROR] WebSocket connection to 'ws://localhost:1420/' failed: Error in connection establishment: net::ERR_CONNECTION_REFUSED @ http://localhost:1420/@vite/client:1034
[ 6559246ms] [ERROR] Failed to load resource: net::ERR_CONNECTION_REFUSED @ http://localhost:1420/api/host.describe:0
[ 6559246ms] [WARNING] [web-runtime] connection lost, retry #111 @ http://localhost:1420/plugins/@deepseek-ai/dsh-client-connection/client.js?rev=a2c03f913693:116
[ 6564227ms] [ERROR] WebSocket connection to 'ws://localhost:1420/' failed: Error in connection establishment: net::ERR_CONNECTION_REFUSED @ http://localhost:1420/@vite/client:1034
[ 6567956ms] [ERROR] WebSocket connection to 'ws://localhost:1420/' failed: Error in connection establishment: net::ERR_CONNECTION_REFUSED @ http://localhost:1420/@vite/client:1034
[ 6569033ms] [ERROR] Failed to load resource: net::ERR_CONNECTION_REFUSED @ http://localhost:1420/api/host.describe:0
[ 6569033ms] [WARNING] [web-runtime] connection lost, retry #112 @ http://localhost:1420/plugins/@deepseek-ai/dsh-client-connection/client.js?rev=a2c03f913693:116
[ 6572136ms] [ERROR] WebSocket connection to 'ws://localhost:1420/' failed: Error in connection establishment: net::ERR_CONNECTION_REFUSED @ http://localhost:1420/@vite/client:1034
[ 6574483ms] [ERROR] WebSocket connection to 'ws://localhost:1420/' failed: Error in connection establishment: net::ERR_CONNECTION_REFUSED @ http://localhost:1420/@vite/client:1034
[ 6578755ms] [ERROR] Failed to load resource: net::ERR_CONNECTION_REFUSED @ http://localhost:1420/api/host.describe:0
[ 6578755ms] [WARNING] [web-runtime] connection lost, retry #113 @ http://localhost:1420/plugins/@deepseek-ai/dsh-client-connection/client.js?rev=a2c03f913693:116
[ 6578933ms] [ERROR] WebSocket connection to 'ws://localhost:1420/' failed: Error in connection establishment: net::ERR_CONNECTION_REFUSED @ http://localhost:1420/@vite/client:1034
[ 6583037ms] [ERROR] WebSocket connection to 'ws://localhost:1420/' failed: Error in connection establishment: net::ERR_CONNECTION_REFUSED @ http://localhost:1420/@vite/client:1034
[ 6585417ms] [ERROR] WebSocket connection to 'ws://localhost:1420/' failed: Error in connection establishment: net::ERR_CONNECTION_REFUSED @ http://localhost:1420/@vite/client:1034
[ 6585861ms] [ERROR] Failed to load resource: net::ERR_CONNECTION_REFUSED @ http://localhost:1420/api/host.describe:0
[ 6585861ms] [WARNING] [web-runtime] connection lost, retry #114 @ http://localhost:1420/plugins/@deepseek-ai/dsh-client-connection/client.js?rev=a2c03f913693:116
[ 6589225ms] [ERROR] WebSocket connection to 'ws://localhost:1420/' failed: Error in connection establishment: net::ERR_CONNECTION_REFUSED @ http://localhost:1420/@vite/client:1034
[ 6591587ms] [ERROR] WebSocket connection to 'ws://localhost:1420/' failed: Error in connection establishment: net::ERR_CONNECTION_REFUSED @ http://localhost:1420/@vite/client:1034
[ 6594308ms] [ERROR] Failed to load resource: net::ERR_CONNECTION_REFUSED @ http://localhost:1420/api/host.describe:0
[ 6594308ms] [WARNING] [web-runtime] connection lost, retry #115 @ http://localhost:1420/plugins/@deepseek-ai/dsh-client-connection/client.js?rev=a2c03f913693:116
[ 6597035ms] [ERROR] WebSocket connection to 'ws://localhost:1420/' failed: Error in connection establishment: net::ERR_CONNECTION_REFUSED @ http://localhost:1420/@vite/client:1034
[ 6599620ms] [ERROR] WebSocket connection to 'ws://localhost:1420/' failed: Error in connection establishment: net::ERR_CONNECTION_REFUSED @ http://localhost:1420/@vite/client:1034
[ 6601853ms] [ERROR] Failed to load resource: net::ERR_CONNECTION_REFUSED @ http://localhost:1420/api/host.describe:0
[ 6601854ms] [WARNING] [web-runtime] connection lost, retry #116 @ http://localhost:1420/plugins/@deepseek-ai/dsh-client-connection/client.js?rev=a2c03f913693:116
[ 6603455ms] [ERROR] WebSocket connection to 'ws://localhost:1420/' failed: Error in connection establishment: net::ERR_CONNECTION_REFUSED @ http://localhost:1420/@vite/client:1034
[ 6608318ms] [ERROR] WebSocket connection to 'ws://localhost:1420/' failed: Error in connection establishment: net::ERR_CONNECTION_REFUSED @ http://localhost:1420/@vite/client:1034
[ 6609586ms] [ERROR] Failed to load resource: net::ERR_CONNECTION_REFUSED @ http://localhost:1420/api/host.describe:0
[ 6609586ms] [WARNING] [web-runtime] connection lost, retry #117 @ http://localhost:1420/plugins/@deepseek-ai/dsh-client-connection/client.js?rev=a2c03f913693:116
[ 6610591ms] [ERROR] WebSocket connection to 'ws://localhost:1420/' failed: Error in connection establishment: net::ERR_CONNECTION_REFUSED @ http://localhost:1420/@vite/client:1034
[ 6615761ms] [ERROR] WebSocket connection to 'ws://localhost:1420/' failed: Error in connection establishment: net::ERR_CONNECTION_REFUSED @ http://localhost:1420/@vite/client:1034
[ 6616763ms] [ERROR] WebSocket connection to 'ws://localhost:1420/' failed: Error in connection establishment: net::ERR_CONNECTION_REFUSED @ http://localhost:1420/@vite/client:1034
[ 6617765ms] [ERROR] WebSocket connection to 'ws://localhost:1420/' failed: Error in connection establishment: net::ERR_CONNECTION_REFUSED @ http://localhost:1420/@vite/client:1034
[ 6617928ms] [ERROR] Failed to load resource: net::ERR_CONNECTION_REFUSED @ http://localhost:1420/api/host.describe:0
[ 6617928ms] [WARNING] [web-runtime] connection lost, retry #118 @ http://localhost:1420/plugins/@deepseek-ai/dsh-client-connection/client.js?rev=a2c03f913693:116
[ 6618768ms] [ERROR] WebSocket connection to 'ws://localhost:1420/' failed: Error in connection establishment: net::ERR_CONNECTION_REFUSED @ http://localhost:1420/@vite/client:1034
[ 6619770ms] [ERROR] WebSocket connection to 'ws://localhost:1420/' failed: Error in connection establishment: net::ERR_CONNECTION_REFUSED @ http://localhost:1420/@vite/client:1034
[ 6620772ms] [ERROR] WebSocket connection to 'ws://localhost:1420/' failed: Error in connection establishment: net::ERR_CONNECTION_REFUSED @ http://localhost:1420/@vite/client:1034
[ 6621778ms] [ERROR] WebSocket connection to 'ws://localhost:1420/' failed: Error in connection establishment: net::ERR_CONNECTION_REFUSED @ http://localhost:1420/@vite/client:1034
[ 6622790ms] [ERROR] WebSocket connection to 'ws://localhost:1420/' failed: Error in connection establishment: net::ERR_CONNECTION_REFUSED @ http://localhost:1420/@vite/client:1034
[ 6623805ms] [ERROR] WebSocket connection to 'ws://localhost:1420/' failed: Error in connection establishment: net::ERR_CONNECTION_REFUSED @ http://localhost:1420/@vite/client:1034
[ 6624835ms] [ERROR] WebSocket connection to 'ws://localhost:1420/' failed: Error in connection establishment: net::ERR_CONNECTION_REFUSED @ http://localhost:1420/@vite/client:1034
[ 6625866ms] [ERROR] WebSocket connection to 'ws://localhost:1420/' failed: Error in connection establishment: net::ERR_CONNECTION_REFUSED @ http://localhost:1420/@vite/client:1034
[ 6626920ms] [ERROR] WebSocket connection to 'ws://localhost:1420/' failed: Error in connection establishment: net::ERR_CONNECTION_REFUSED @ http://localhost:1420/@vite/client:1034
[ 6627712ms] [ERROR] Failed to load resource: net::ERR_CONNECTION_REFUSED @ http://localhost:1420/api/host.describe:0
[ 6627712ms] [WARNING] [web-runtime] connection lost, retry #119 @ http://localhost:1420/plugins/@deepseek-ai/dsh-client-connection/client.js?rev=a2c03f913693:116
[ 6628132ms] [ERROR] WebSocket connection to 'ws://localhost:1420/' failed: Error in connection establishment: net::ERR_CONNECTION_REFUSED @ http://localhost:1420/@vite/client:1034
[ 6629326ms] [ERROR] WebSocket connection to 'ws://localhost:1420/' failed: Error in connection establishment: net::ERR_CONNECTION_REFUSED @ http://localhost:1420/@vite/client:1034
[ 6631196ms] [ERROR] WebSocket connection to 'ws://localhost:1420/' failed: Error in connection establishment: net::ERR_CONNECTION_REFUSED @ http://localhost:1420/@vite/client:1034
[ 6633777ms] [ERROR] WebSocket connection to 'ws://localhost:1420/' failed: Error in connection establishment: net::ERR_CONNECTION_REFUSED @ http://localhost:1420/@vite/client:1034
[ 6635809ms] [ERROR] WebSocket connection to 'ws://localhost:1420/' failed: Error in connection establishment: net::ERR_CONNECTION_REFUSED @ http://localhost:1420/@vite/client:1034
[ 6637039ms] [ERROR] Failed to load resource: net::ERR_CONNECTION_REFUSED @ http://localhost:1420/api/host.describe:0
[ 6637039ms] [WARNING] [web-runtime] connection lost, retry #120 @ http://localhost:1420/plugins/@deepseek-ai/dsh-client-connection/client.js?rev=a2c03f913693:116
[ 6638983ms] [ERROR] WebSocket connection to 'ws://localhost:1420/' failed: Error in connection establishment: net::ERR_CONNECTION_REFUSED @ http://localhost:1420/@vite/client:1034
[ 6643078ms] [ERROR] Failed to load resource: net::ERR_CONNECTION_REFUSED @ http://localhost:1420/api/host.describe:0
[ 6643078ms] [WARNING] [web-runtime] connection lost, retry #121 @ http://localhost:1420/plugins/@deepseek-ai/dsh-client-connection/client.js?rev=a2c03f913693:116
[ 6644457ms] [ERROR] WebSocket connection to 'ws://localhost:1420/' failed: Error in connection establishment: net::ERR_CONNECTION_REFUSED @ http://localhost:1420/@vite/client:1034
[ 6649122ms] [ERROR] Failed to load resource: net::ERR_CONNECTION_REFUSED @ http://localhost:1420/api/host.describe:0
[ 6649122ms] [WARNING] [web-runtime] connection lost, retry #122 @ http://localhost:1420/plugins/@deepseek-ai/dsh-client-connection/client.js?rev=a2c03f913693:116
[ 6649249ms] [ERROR] WebSocket connection to 'ws://localhost:1420/' failed: Error in connection establishment: net::ERR_CONNECTION_REFUSED @ http://localhost:1420/@vite/client:1034
[ 6651932ms] [ERROR] WebSocket connection to 'ws://localhost:1420/' failed: Error in connection establishment: net::ERR_CONNECTION_REFUSED @ http://localhost:1420/@vite/client:1034
[ 6655847ms] [ERROR] WebSocket connection to 'ws://localhost:1420/' failed: Error in connection establishment: net::ERR_CONNECTION_REFUSED @ http://localhost:1420/@vite/client:1034
[ 6656738ms] [ERROR] Failed to load resource: net::ERR_CONNECTION_REFUSED @ http://localhost:1420/api/host.describe:0
[ 6656738ms] [WARNING] [web-runtime] connection lost, retry #123 @ http://localhost:1420/plugins/@deepseek-ai/dsh-client-connection/client.js?rev=a2c03f913693:116
[ 6659685ms] [ERROR] WebSocket connection to 'ws://localhost:1420/' failed: Error in connection establishment: net::ERR_CONNECTION_REFUSED @ http://localhost:1420/@vite/client:1034
[ 6661985ms] [ERROR] WebSocket connection to 'ws://localhost:1420/' failed: Error in connection establishment: net::ERR_CONNECTION_REFUSED @ http://localhost:1420/@vite/client:1034
[ 6663427ms] [ERROR] Failed to load resource: net::ERR_CONNECTION_REFUSED @ http://localhost:1420/api/host.describe:0
[ 6663427ms] [WARNING] [web-runtime] connection lost, retry #124 @ http://localhost:1420/plugins/@deepseek-ai/dsh-client-connection/client.js?rev=a2c03f913693:116
[ 6666202ms] [ERROR] WebSocket connection to 'ws://localhost:1420/' failed: Error in connection establishment: net::ERR_CONNECTION_REFUSED @ http://localhost:1420/@vite/client:1034
[ 6668930ms] [ERROR] Failed to load resource: net::ERR_CONNECTION_REFUSED @ http://localhost:1420/api/host.describe:0
[ 6668930ms] [WARNING] [web-runtime] connection lost, retry #125 @ http://localhost:1420/plugins/@deepseek-ai/dsh-client-connection/client.js?rev=a2c03f913693:116
[ 6672155ms] [ERROR] WebSocket connection to 'ws://localhost:1420/' failed: Error in connection establishment: net::ERR_CONNECTION_REFUSED @ http://localhost:1420/@vite/client:1034
[ 6674720ms] [ERROR] WebSocket connection to 'ws://localhost:1420/' failed: Error in connection establishment: net::ERR_CONNECTION_REFUSED @ http://localhost:1420/@vite/client:1034
[ 6677300ms] [ERROR] Failed to load resource: net::ERR_CONNECTION_REFUSED @ http://localhost:1420/api/host.describe:0
[ 6677300ms] [WARNING] [web-runtime] connection lost, retry #126 @ http://localhost:1420/plugins/@deepseek-ai/dsh-client-connection/client.js?rev=a2c03f913693:116
[ 6679892ms] [ERROR] WebSocket connection to 'ws://localhost:1420/' failed: Error in connection establishment: net::ERR_CONNECTION_REFUSED @ http://localhost:1420/@vite/client:1034
[ 6682688ms] [ERROR] Failed to load resource: net::ERR_CONNECTION_REFUSED @ http://localhost:1420/api/host.describe:0
[ 6682688ms] [WARNING] [web-runtime] connection lost, retry #127 @ http://localhost:1420/plugins/@deepseek-ai/dsh-client-connection/client.js?rev=a2c03f913693:116
[ 6683980ms] [ERROR] WebSocket connection to 'ws://localhost:1420/' failed: Error in connection establishment: net::ERR_CONNECTION_REFUSED @ http://localhost:1420/@vite/client:1034
[ 6686495ms] [ERROR] WebSocket connection to 'ws://localhost:1420/' failed: Error in connection establishment: net::ERR_CONNECTION_REFUSED @ http://localhost:1420/@vite/client:1034
[ 6688718ms] [ERROR] WebSocket connection to 'ws://localhost:1420/' failed: Error in connection establishment: net::ERR_CONNECTION_REFUSED @ http://localhost:1420/@vite/client:1034
[ 6691119ms] [ERROR] Failed to load resource: net::ERR_CONNECTION_REFUSED @ http://localhost:1420/api/host.describe:0
[ 6691119ms] [WARNING] [web-runtime] connection lost, retry #128 @ http://localhost:1420/plugins/@deepseek-ai/dsh-client-connection/client.js?rev=a2c03f913693:116
[ 6691192ms] [ERROR] WebSocket connection to 'ws://localhost:1420/' failed: Error in connection establishment: net::ERR_CONNECTION_REFUSED @ http://localhost:1420/@vite/client:1034
[ 6696911ms] [ERROR] WebSocket connection to 'ws://localhost:1420/' failed: Error in connection establishment: net::ERR_CONNECTION_REFUSED @ http://localhost:1420/@vite/client:1034
[ 6699994ms] [ERROR] Failed to load resource: net::ERR_CONNECTION_REFUSED @ http://localhost:1420/api/host.describe:0
[ 6699994ms] [WARNING] [web-runtime] connection lost, retry #129 @ http://localhost:1420/plugins/@deepseek-ai/dsh-client-connection/client.js?rev=a2c03f913693:116
[ 6701708ms] [ERROR] WebSocket connection to 'ws://localhost:1420/' failed: Error in connection establishment: net::ERR_CONNECTION_REFUSED @ http://localhost:1420/@vite/client:1034
[ 6705050ms] [ERROR] WebSocket connection to 'ws://localhost:1420/' failed: Error in connection establishment: net::ERR_CONNECTION_REFUSED @ http://localhost:1420/@vite/client:1034
[ 6709601ms] [ERROR] Failed to load resource: net::ERR_CONNECTION_REFUSED @ http://localhost:1420/api/host.describe:0
[ 6709601ms] [WARNING] [web-runtime] connection lost, retry #130 @ http://localhost:1420/plugins/@deepseek-ai/dsh-client-connection/client.js?rev=a2c03f913693:116
[ 6709721ms] [ERROR] WebSocket connection to 'ws://localhost:1420/' failed: Error in connection establishment: net::ERR_CONNECTION_REFUSED @ http://localhost:1420/@vite/client:1034
[ 6712402ms] [ERROR] WebSocket connection to 'ws://localhost:1420/' failed: Error in connection establishment: net::ERR_CONNECTION_REFUSED @ http://localhost:1420/@vite/client:1034
[ 6715507ms] [ERROR] WebSocket connection to 'ws://localhost:1420/' failed: Error in connection establishment: net::ERR_CONNECTION_REFUSED @ http://localhost:1420/@vite/client:1034
[ 6718734ms] [ERROR] WebSocket connection to 'ws://localhost:1420/' failed: Error in connection establishment: net::ERR_CONNECTION_REFUSED @ http://localhost:1420/@vite/client:1034
[ 6719483ms] [ERROR] Failed to load resource: net::ERR_CONNECTION_REFUSED @ http://localhost:1420/api/host.describe:0
[ 6719483ms] [WARNING] [web-runtime] connection lost, retry #131 @ http://localhost:1420/plugins/@deepseek-ai/dsh-client-connection/client.js?rev=a2c03f913693:116
[ 6721742ms] [ERROR] WebSocket connection to 'ws://localhost:1420/' failed: Error in connection establishment: net::ERR_CONNECTION_REFUSED @ http://localhost:1420/@vite/client:1034
[ 6724510ms] [ERROR] WebSocket connection to 'ws://localhost:1420/' failed: Error in connection establishment: net::ERR_CONNECTION_REFUSED @ http://localhost:1420/@vite/client:1034
[ 6725034ms] [ERROR] Failed to load resource: net::ERR_CONNECTION_REFUSED @ http://localhost:1420/api/host.describe:0
[ 6725034ms] [WARNING] [web-runtime] connection lost, retry #132 @ http://localhost:1420/plugins/@deepseek-ai/dsh-client-connection/client.js?rev=a2c03f913693:116
[ 6730380ms] [ERROR] WebSocket connection to 'ws://localhost:1420/' failed: Error in connection establishment: net::ERR_CONNECTION_REFUSED @ http://localhost:1420/@vite/client:1034
[ 6733199ms] [ERROR] WebSocket connection to 'ws://localhost:1420/' failed: Error in connection establishment: net::ERR_CONNECTION_REFUSED @ http://localhost:1420/@vite/client:1034
[ 6734493ms] [ERROR] Failed to load resource: net::ERR_CONNECTION_REFUSED @ http://localhost:1420/api/host.describe:0
[ 6734493ms] [WARNING] [web-runtime] connection lost, retry #133 @ http://localhost:1420/plugins/@deepseek-ai/dsh-client-connection/client.js?rev=a2c03f913693:116
[ 6736079ms] [ERROR] WebSocket connection to 'ws://localhost:1420/' failed: Error in connection establishment: net::ERR_CONNECTION_REFUSED @ http://localhost:1420/@vite/client:1034
[ 6737081ms] [ERROR] WebSocket connection to 'ws://localhost:1420/' failed: Error in connection establishment: net::ERR_CONNECTION_REFUSED @ http://localhost:1420/@vite/client:1034
[ 6738083ms] [ERROR] WebSocket connection to 'ws://localhost:1420/' failed: Error in connection establishment: net::ERR_CONNECTION_REFUSED @ http://localhost:1420/@vite/client:1034
[ 6739085ms] [ERROR] WebSocket connection to 'ws://localhost:1420/' failed: Error in connection establishment: net::ERR_CONNECTION_REFUSED @ http://localhost:1420/@vite/client:1034
[ 6740087ms] [ERROR] WebSocket connection to 'ws://localhost:1420/' failed: Error in connection establishment: net::ERR_CONNECTION_REFUSED @ http://localhost:1420/@vite/client:1034
[ 6741089ms] [ERROR] WebSocket connection to 'ws://localhost:1420/' failed: Error in connection establishment: net::ERR_CONNECTION_REFUSED @ http://localhost:1420/@vite/client:1034
[ 6742093ms] [ERROR] WebSocket connection to 'ws://localhost:1420/' failed: Error in connection establishment: net::ERR_CONNECTION_REFUSED @ http://localhost:1420/@vite/client:1034
[ 6743101ms] [ERROR] WebSocket connection to 'ws://localhost:1420/' failed: Error in connection establishment: net::ERR_CONNECTION_REFUSED @ http://localhost:1420/@vite/client:1034
[ 6743872ms] [ERROR] Failed to load resource: net::ERR_CONNECTION_REFUSED @ http://localhost:1420/api/host.describe:0
[ 6743872ms] [WARNING] [web-runtime] connection lost, retry #134 @ http://localhost:1420/plugins/@deepseek-ai/dsh-client-connection/client.js?rev=a2c03f913693:116
[ 6744120ms] [ERROR] WebSocket connection to 'ws://localhost:1420/' failed: Error in connection establishment: net::ERR_CONNECTION_REFUSED @ http://localhost:1420/@vite/client:1034
[ 6745154ms] [ERROR] WebSocket connection to 'ws://localhost:1420/' failed: Error in connection establishment: net::ERR_CONNECTION_REFUSED @ http://localhost:1420/@vite/client:1034
[ 6746174ms] [ERROR] WebSocket connection to 'ws://localhost:1420/' failed: Error in connection establishment: net::ERR_CONNECTION_REFUSED @ http://localhost:1420/@vite/client:1034
[ 6747282ms] [ERROR] WebSocket connection to 'ws://localhost:1420/' failed: Error in connection establishment: net::ERR_CONNECTION_REFUSED @ http://localhost:1420/@vite/client:1034
[ 6748401ms] [ERROR] WebSocket connection to 'ws://localhost:1420/' failed: Error in connection establishment: net::ERR_CONNECTION_REFUSED @ http://localhost:1420/@vite/client:1034
[ 6749707ms] [ERROR] WebSocket connection to 'ws://localhost:1420/' failed: Error in connection establishment: net::ERR_CONNECTION_REFUSED @ http://localhost:1420/@vite/client:1034
[ 6751003ms] [ERROR] WebSocket connection to 'ws://localhost:1420/' failed: Error in connection establishment: net::ERR_CONNECTION_REFUSED @ http://localhost:1420/@vite/client:1034
[ 6753456ms] [ERROR] Failed to load resource: net::ERR_CONNECTION_REFUSED @ http://localhost:1420/api/host.describe:0
[ 6753456ms] [WARNING] [web-runtime] connection lost, retry #135 @ http://localhost:1420/plugins/@deepseek-ai/dsh-client-connection/client.js?rev=a2c03f913693:116
[ 6753733ms] [ERROR] WebSocket connection to 'ws://localhost:1420/' failed: Error in connection establishment: net::ERR_CONNECTION_REFUSED @ http://localhost:1420/@vite/client:1034
[ 6758175ms] [ERROR] WebSocket connection to 'ws://localhost:1420/' failed: Error in connection establishment: net::ERR_CONNECTION_REFUSED @ http://localhost:1420/@vite/client:1034
[ 6762397ms] [ERROR] Failed to load resource: net::ERR_CONNECTION_REFUSED @ http://localhost:1420/api/host.describe:0
[ 6762397ms] [WARNING] [web-runtime] connection lost, retry #136 @ http://localhost:1420/plugins/@deepseek-ai/dsh-client-connection/client.js?rev=a2c03f913693:116
[ 6762557ms] [ERROR] WebSocket connection to 'ws://localhost:1420/' failed: Error in connection establishment: net::ERR_CONNECTION_REFUSED @ http://localhost:1420/@vite/client:1034
[ 6766111ms] [ERROR] WebSocket connection to 'ws://localhost:1420/' failed: Error in connection establishment: net::ERR_CONNECTION_REFUSED @ http://localhost:1420/@vite/client:1034
[ 6769925ms] [ERROR] WebSocket connection to 'ws://localhost:1420/' failed: Error in connection establishment: net::ERR_CONNECTION_REFUSED @ http://localhost:1420/@vite/client:1034
[ 6771244ms] [ERROR] Failed to load resource: net::ERR_CONNECTION_REFUSED @ http://localhost:1420/api/host.describe:0
[ 6771244ms] [WARNING] [web-runtime] connection lost, retry #137 @ http://localhost:1420/plugins/@deepseek-ai/dsh-client-connection/client.js?rev=a2c03f913693:116
[ 6772891ms] [ERROR] WebSocket connection to 'ws://localhost:1420/' failed: Error in connection establishment: net::ERR_CONNECTION_REFUSED @ http://localhost:1420/@vite/client:1034
[ 6775928ms] [ERROR] WebSocket connection to 'ws://localhost:1420/' failed: Error in connection establishment: net::ERR_CONNECTION_REFUSED @ http://localhost:1420/@vite/client:1034
[ 6776664ms] [ERROR] Failed to load resource: net::ERR_CONNECTION_REFUSED @ http://localhost:1420/api/host.describe:0
[ 6776664ms] [WARNING] [web-runtime] connection lost, retry #138 @ http://localhost:1420/plugins/@deepseek-ai/dsh-client-connection/client.js?rev=a2c03f913693:116
[ 6779385ms] [ERROR] WebSocket connection to 'ws://localhost:1420/' failed: Error in connection establishment: net::ERR_CONNECTION_REFUSED @ http://localhost:1420/@vite/client:1034
[ 6782215ms] [ERROR] WebSocket connection to 'ws://localhost:1420/' failed: Error in connection establishment: net::ERR_CONNECTION_REFUSED @ http://localhost:1420/@vite/client:1034
[ 6783662ms] [ERROR] Failed to load resource: net::ERR_CONNECTION_REFUSED @ http://localhost:1420/api/host.describe:0
[ 6783662ms] [WARNING] [web-runtime] connection lost, retry #139 @ http://localhost:1420/plugins/@deepseek-ai/dsh-client-connection/client.js?rev=a2c03f913693:116
[ 6785744ms] [ERROR] WebSocket connection to 'ws://localhost:1420/' failed: Error in connection establishment: net::ERR_CONNECTION_REFUSED @ http://localhost:1420/@vite/client:1034
[ 6791622ms] [ERROR] WebSocket connection to 'ws://localhost:1420/' failed: Error in connection establishment: net::ERR_CONNECTION_REFUSED @ http://localhost:1420/@vite/client:1034
[ 6793272ms] [ERROR] Failed to load resource: net::ERR_CONNECTION_REFUSED @ http://localhost:1420/api/host.describe:0
[ 6793272ms] [WARNING] [web-runtime] connection lost, retry #140 @ http://localhost:1420/plugins/@deepseek-ai/dsh-client-connection/client.js?rev=a2c03f913693:116
[ 6795771ms] [ERROR] WebSocket connection to 'ws://localhost:1420/' failed: Error in connection establishment: net::ERR_CONNECTION_REFUSED @ http://localhost:1420/@vite/client:1034
[ 6800764ms] [ERROR] WebSocket connection to 'ws://localhost:1420/' failed: Error in connection establishment: net::ERR_CONNECTION_REFUSED @ http://localhost:1420/@vite/client:1034
[ 6803156ms] [ERROR] Failed to load resource: net::ERR_CONNECTION_REFUSED @ http://localhost:1420/api/host.describe:0
[ 6803157ms] [WARNING] [web-runtime] connection lost, retry #141 @ http://localhost:1420/plugins/@deepseek-ai/dsh-client-connection/client.js?rev=a2c03f913693:116
[ 6806273ms] [ERROR] WebSocket connection to 'ws://localhost:1420/' failed: Error in connection establishment: net::ERR_CONNECTION_REFUSED @ http://localhost:1420/@vite/client:1034
[ 6809754ms] [ERROR] WebSocket connection to 'ws://localhost:1420/' failed: Error in connection establishment: net::ERR_CONNECTION_REFUSED @ http://localhost:1420/@vite/client:1034
[ 6811610ms] [ERROR] Failed to load resource: net::ERR_CONNECTION_REFUSED @ http://localhost:1420/api/host.describe:0
[ 6811610ms] [WARNING] [web-runtime] connection lost, retry #142 @ http://localhost:1420/plugins/@deepseek-ai/dsh-client-connection/client.js?rev=a2c03f913693:116
[ 6814614ms] [ERROR] WebSocket connection to 'ws://localhost:1420/' failed: Error in connection establishment: net::ERR_CONNECTION_REFUSED @ http://localhost:1420/@vite/client:1034
[ 6820226ms] [ERROR] WebSocket connection to 'ws://localhost:1420/' failed: Error in connection establishment: net::ERR_CONNECTION_REFUSED @ http://localhost:1420/@vite/client:1034
[ 6820921ms] [ERROR] Failed to load resource: net::ERR_CONNECTION_REFUSED @ http://localhost:1420/api/host.describe:0
[ 6820921ms] [WARNING] [web-runtime] connection lost, retry #143 @ http://localhost:1420/plugins/@deepseek-ai/dsh-client-connection/client.js?rev=a2c03f913693:116
[ 6824150ms] [ERROR] WebSocket connection to 'ws://localhost:1420/' failed: Error in connection establishment: net::ERR_CONNECTION_REFUSED @ http://localhost:1420/@vite/client:1034
[ 6828713ms] [ERROR] Failed to load resource: net::ERR_CONNECTION_REFUSED @ http://localhost:1420/api/host.describe:0
[ 6828713ms] [WARNING] [web-runtime] connection lost, retry #144 @ http://localhost:1420/plugins/@deepseek-ai/dsh-client-connection/client.js?rev=a2c03f913693:116
[ 6828826ms] [ERROR] WebSocket connection to 'ws://localhost:1420/' failed: Error in connection establishment: net::ERR_CONNECTION_REFUSED @ http://localhost:1420/@vite/client:1034
[ 6833397ms] [ERROR] WebSocket connection to 'ws://localhost:1420/' failed: Error in connection establishment: net::ERR_CONNECTION_REFUSED @ http://localhost:1420/@vite/client:1034
[ 6836581ms] [ERROR] WebSocket connection to 'ws://localhost:1420/' failed: Error in connection establishment: net::ERR_CONNECTION_REFUSED @ http://localhost:1420/@vite/client:1034
[ 6836717ms] [ERROR] Failed to load resource: net::ERR_CONNECTION_REFUSED @ http://localhost:1420/api/host.describe:0
[ 6836717ms] [WARNING] [web-runtime] connection lost, retry #145 @ http://localhost:1420/plugins/@deepseek-ai/dsh-client-connection/client.js?rev=a2c03f913693:116
[ 6841310ms] [ERROR] WebSocket connection to 'ws://localhost:1420/' failed: Error in connection establishment: net::ERR_CONNECTION_REFUSED @ http://localhost:1420/@vite/client:1034
[ 6842807ms] [ERROR] Failed to load resource: net::ERR_CONNECTION_REFUSED @ http://localhost:1420/api/host.describe:0
[ 6842807ms] [WARNING] [web-runtime] connection lost, retry #146 @ http://localhost:1420/plugins/@deepseek-ai/dsh-client-connection/client.js?rev=a2c03f913693:116
[ 6846668ms] [ERROR] WebSocket connection to 'ws://localhost:1420/' failed: Error in connection establishment: net::ERR_CONNECTION_REFUSED @ http://localhost:1420/@vite/client:1034
[ 6851180ms] [ERROR] WebSocket connection to 'ws://localhost:1420/' failed: Error in connection establishment: net::ERR_CONNECTION_REFUSED @ http://localhost:1420/@vite/client:1034
[ 6852564ms] [ERROR] Failed to load resource: net::ERR_CONNECTION_REFUSED @ http://localhost:1420/api/host.describe:0
[ 6852564ms] [WARNING] [web-runtime] connection lost, retry #147 @ http://localhost:1420/plugins/@deepseek-ai/dsh-client-connection/client.js?rev=a2c03f913693:116
[ 6856783ms] [ERROR] WebSocket connection to 'ws://localhost:1420/' failed: Error in connection establishment: net::ERR_CONNECTION_REFUSED @ http://localhost:1420/@vite/client:1034
[ 6857785ms] [ERROR] WebSocket connection to 'ws://localhost:1420/' failed: Error in connection establishment: net::ERR_CONNECTION_REFUSED @ http://localhost:1420/@vite/client:1034
[ 6858786ms] [ERROR] WebSocket connection to 'ws://localhost:1420/' failed: Error in connection establishment: net::ERR_CONNECTION_REFUSED @ http://localhost:1420/@vite/client:1034
[ 6859788ms] [ERROR] WebSocket connection to 'ws://localhost:1420/' failed: Error in connection establishment: net::ERR_CONNECTION_REFUSED @ http://localhost:1420/@vite/client:1034
[ 6860283ms] [ERROR] Failed to load resource: net::ERR_CONNECTION_REFUSED @ http://localhost:1420/api/host.describe:0
[ 6860283ms] [WARNING] [web-runtime] connection lost, retry #148 @ http://localhost:1420/plugins/@deepseek-ai/dsh-client-connection/client.js?rev=a2c03f913693:116
[ 6860790ms] [ERROR] WebSocket connection to 'ws://localhost:1420/' failed: Error in connection establishment: net::ERR_CONNECTION_REFUSED @ http://localhost:1420/@vite/client:1034
[ 6861793ms] [ERROR] WebSocket connection to 'ws://localhost:1420/' failed: Error in connection establishment: net::ERR_CONNECTION_REFUSED @ http://localhost:1420/@vite/client:1034
[ 6862799ms] [ERROR] WebSocket connection to 'ws://localhost:1420/' failed: Error in connection establishment: net::ERR_CONNECTION_REFUSED @ http://localhost:1420/@vite/client:1034
[ 6863805ms] [ERROR] WebSocket connection to 'ws://localhost:1420/' failed: Error in connection establishment: net::ERR_CONNECTION_REFUSED @ http://localhost:1420/@vite/client:1034
[ 6864821ms] [ERROR] WebSocket connection to 'ws://localhost:1420/' failed: Error in connection establishment: net::ERR_CONNECTION_REFUSED @ http://localhost:1420/@vite/client:1034
[ 6865862ms] [ERROR] WebSocket connection to 'ws://localhost:1420/' failed: Error in connection establishment: net::ERR_CONNECTION_REFUSED @ http://localhost:1420/@vite/client:1034
[ 6866891ms] [ERROR] WebSocket connection to 'ws://localhost:1420/' failed: Error in connection establishment: net::ERR_CONNECTION_REFUSED @ http://localhost:1420/@vite/client:1034
[ 6867991ms] [ERROR] WebSocket connection to 'ws://localhost:1420/' failed: Error in connection establishment: net::ERR_CONNECTION_REFUSED @ http://localhost:1420/@vite/client:1034
[ 6868822ms] [ERROR] Failed to load resource: net::ERR_CONNECTION_REFUSED @ http://localhost:1420/api/host.describe:0
[ 6868822ms] [WARNING] [web-runtime] connection lost, retry #149 @ http://localhost:1420/plugins/@deepseek-ai/dsh-client-connection/client.js?rev=a2c03f913693:116
[ 6869228ms] [ERROR] WebSocket connection to 'ws://localhost:1420/' failed: Error in connection establishment: net::ERR_CONNECTION_REFUSED @ http://localhost:1420/@vite/client:1034
[ 6870528ms] [ERROR] WebSocket connection to 'ws://localhost:1420/' failed: Error in connection establishment: net::ERR_CONNECTION_REFUSED @ http://localhost:1420/@vite/client:1034
[ 6872608ms] [ERROR] WebSocket connection to 'ws://localhost:1420/' failed: Error in connection establishment: net::ERR_CONNECTION_REFUSED @ http://localhost:1420/@vite/client:1034
[ 6874425ms] [ERROR] WebSocket connection to 'ws://localhost:1420/' failed: Error in connection establishment: net::ERR_CONNECTION_REFUSED @ http://localhost:1420/@vite/client:1034
[ 6876151ms] [ERROR] Failed to load resource: net::ERR_CONNECTION_REFUSED @ http://localhost:1420/api/host.describe:0
[ 6876151ms] [WARNING] [web-runtime] connection lost, retry #150 @ http://localhost:1420/plugins/@deepseek-ai/dsh-client-connection/client.js?rev=a2c03f913693:116
[ 6879419ms] [ERROR] WebSocket connection to 'ws://localhost:1420/' failed: Error in connection establishment: net::ERR_CONNECTION_REFUSED @ http://localhost:1420/@vite/client:1034
[ 6884913ms] [ERROR] WebSocket connection to 'ws://localhost:1420/' failed: Error in connection establishment: net::ERR_CONNECTION_REFUSED @ http://localhost:1420/@vite/client:1034
[ 6885806ms] [ERROR] Failed to load resource: net::ERR_CONNECTION_REFUSED @ http://localhost:1420/api/host.describe:0
[ 6885806ms] [WARNING] [web-runtime] connection lost, retry #151 @ http://localhost:1420/plugins/@deepseek-ai/dsh-client-connection/client.js?rev=a2c03f913693:116
[ 6888435ms] [ERROR] WebSocket connection to 'ws://localhost:1420/' failed: Error in connection establishment: net::ERR_CONNECTION_REFUSED @ http://localhost:1420/@vite/client:1034
[ 6892217ms] [ERROR] WebSocket connection to 'ws://localhost:1420/' failed: Error in connection establishment: net::ERR_CONNECTION_REFUSED @ http://localhost:1420/@vite/client:1034
[ 6895040ms] [ERROR] Failed to load resource: net::ERR_CONNECTION_REFUSED @ http://localhost:1420/api/host.describe:0
[ 6895040ms] [WARNING] [web-runtime] connection lost, retry #152 @ http://localhost:1420/plugins/@deepseek-ai/dsh-client-connection/client.js?rev=a2c03f913693:116
[ 6896725ms] [ERROR] WebSocket connection to 'ws://localhost:1420/' failed: Error in connection establishment: net::ERR_CONNECTION_REFUSED @ http://localhost:1420/@vite/client:1034
[ 6901132ms] [ERROR] Failed to load resource: net::ERR_CONNECTION_REFUSED @ http://localhost:1420/api/host.describe:0
[ 6901132ms] [WARNING] [web-runtime] connection lost, retry #153 @ http://localhost:1420/plugins/@deepseek-ai/dsh-client-connection/client.js?rev=a2c03f913693:116
[ 6902629ms] [ERROR] WebSocket connection to 'ws://localhost:1420/' failed: Error in connection establishment: net::ERR_CONNECTION_REFUSED @ http://localhost:1420/@vite/client:1034
[ 6907257ms] [ERROR] WebSocket connection to 'ws://localhost:1420/' failed: Error in connection establishment: net::ERR_CONNECTION_REFUSED @ http://localhost:1420/@vite/client:1034
[ 6909118ms] [ERROR] Failed to load resource: net::ERR_CONNECTION_REFUSED @ http://localhost:1420/api/host.describe:0
[ 6909118ms] [WARNING] [web-runtime] connection lost, retry #154 @ http://localhost:1420/plugins/@deepseek-ai/dsh-client-connection/client.js?rev=a2c03f913693:116
[ 6912938ms] [ERROR] WebSocket connection to 'ws://localhost:1420/' failed: Error in connection establishment: net::ERR_CONNECTION_REFUSED @ http://localhost:1420/@vite/client:1034
[ 6915844ms] [ERROR] WebSocket connection to 'ws://localhost:1420/' failed: Error in connection establishment: net::ERR_CONNECTION_REFUSED @ http://localhost:1420/@vite/client:1034
[ 6918725ms] [ERROR] Failed to load resource: net::ERR_CONNECTION_REFUSED @ http://localhost:1420/api/host.describe:0
[ 6918725ms] [WARNING] [web-runtime] connection lost, retry #155 @ http://localhost:1420/plugins/@deepseek-ai/dsh-client-connection/client.js?rev=a2c03f913693:116
[ 6921030ms] [ERROR] WebSocket connection to 'ws://localhost:1420/' failed: Error in connection establishment: net::ERR_CONNECTION_REFUSED @ http://localhost:1420/@vite/client:1034
[ 6925273ms] [ERROR] WebSocket connection to 'ws://localhost:1420/' failed: Error in connection establishment: net::ERR_CONNECTION_REFUSED @ http://localhost:1420/@vite/client:1034
[ 6927112ms] [ERROR] Failed to load resource: net::ERR_CONNECTION_REFUSED @ http://localhost:1420/api/host.describe:0
[ 6927112ms] [WARNING] [web-runtime] connection lost, retry #156 @ http://localhost:1420/plugins/@deepseek-ai/dsh-client-connection/client.js?rev=a2c03f913693:116
[ 6929263ms] [ERROR] WebSocket connection to 'ws://localhost:1420/' failed: Error in connection establishment: net::ERR_CONNECTION_REFUSED @ http://localhost:1420/@vite/client:1034
[ 6932189ms] [ERROR] WebSocket connection to 'ws://localhost:1420/' failed: Error in connection establishment: net::ERR_CONNECTION_REFUSED @ http://localhost:1420/@vite/client:1034
[ 6936016ms] [ERROR] Failed to load resource: net::ERR_CONNECTION_REFUSED @ http://localhost:1420/api/host.describe:0
[ 6936016ms] [WARNING] [web-runtime] connection lost, retry #157 @ http://localhost:1420/plugins/@deepseek-ai/dsh-client-connection/client.js?rev=a2c03f913693:116
[ 6936463ms] [ERROR] WebSocket connection to 'ws://localhost:1420/' failed: Error in connection establishment: net::ERR_CONNECTION_REFUSED @ http://localhost:1420/@vite/client:1034
[ 6939867ms] [ERROR] WebSocket connection to 'ws://localhost:1420/' failed: Error in connection establishment: net::ERR_CONNECTION_REFUSED @ http://localhost:1420/@vite/client:1034
[ 6941472ms] [ERROR] Failed to load resource: net::ERR_CONNECTION_REFUSED @ http://localhost:1420/api/host.describe:0
[ 6941472ms] [WARNING] [web-runtime] connection lost, retry #158 @ http://localhost:1420/plugins/@deepseek-ai/dsh-client-connection/client.js?rev=a2c03f913693:116
[ 6942357ms] [ERROR] WebSocket connection to 'ws://localhost:1420/' failed: Error in connection establishment: net::ERR_CONNECTION_REFUSED @ http://localhost:1420/@vite/client:1034
[ 6946837ms] [ERROR] WebSocket connection to 'ws://localhost:1420/' failed: Error in connection establishment: net::ERR_CONNECTION_REFUSED @ http://localhost:1420/@vite/client:1034
[ 6951483ms] [ERROR] Failed to load resource: net::ERR_CONNECTION_REFUSED @ http://localhost:1420/api/host.describe:0
[ 6951483ms] [WARNING] [web-runtime] connection lost, retry #159 @ http://localhost:1420/plugins/@deepseek-ai/dsh-client-connection/client.js?rev=a2c03f913693:116
[ 6952328ms] [ERROR] WebSocket connection to 'ws://localhost:1420/' failed: Error in connection establishment: net::ERR_CONNECTION_REFUSED @ http://localhost:1420/@vite/client:1034
[ 6957989ms] [ERROR] WebSocket connection to 'ws://localhost:1420/' failed: Error in connection establishment: net::ERR_CONNECTION_REFUSED @ http://localhost:1420/@vite/client:1034
[ 6959299ms] [ERROR] Failed to load resource: net::ERR_CONNECTION_REFUSED @ http://localhost:1420/api/host.describe:0
[ 6959299ms] [WARNING] [web-runtime] connection lost, retry #160 @ http://localhost:1420/plugins/@deepseek-ai/dsh-client-connection/client.js?rev=a2c03f913693:116
[ 6961993ms] [ERROR] WebSocket connection to 'ws://localhost:1420/' failed: Error in connection establishment: net::ERR_CONNECTION_REFUSED @ http://localhost:1420/@vite/client:1034
[ 6964024ms] [ERROR] WebSocket connection to 'ws://localhost:1420/' failed: Error in connection establishment: net::ERR_CONNECTION_REFUSED @ http://localhost:1420/@vite/client:1034
[ 6966027ms] [ERROR] WebSocket connection to 'ws://localhost:1420/' failed: Error in connection establishment: net::ERR_CONNECTION_REFUSED @ http://localhost:1420/@vite/client:1034
[ 6966619ms] [ERROR] Failed to load resource: net::ERR_CONNECTION_REFUSED @ http://localhost:1420/api/host.describe:0
[ 6966619ms] [WARNING] [web-runtime] connection lost, retry #161 @ http://localhost:1420/plugins/@deepseek-ai/dsh-client-connection/client.js?rev=a2c03f913693:116
[ 6969355ms] [ERROR] WebSocket connection to 'ws://localhost:1420/' failed: Error in connection establishment: net::ERR_CONNECTION_REFUSED @ http://localhost:1420/@vite/client:1034
[ 6972251ms] [ERROR] WebSocket connection to 'ws://localhost:1420/' failed: Error in connection establishment: net::ERR_CONNECTION_REFUSED @ http://localhost:1420/@vite/client:1034
[ 6972418ms] [ERROR] Failed to load resource: net::ERR_CONNECTION_REFUSED @ http://localhost:1420/api/host.describe:0
[ 6972418ms] [WARNING] [web-runtime] connection lost, retry #162 @ http://localhost:1420/plugins/@deepseek-ai/dsh-client-connection/client.js?rev=a2c03f913693:116
[ 6976176ms] [ERROR] WebSocket connection to 'ws://localhost:1420/' failed: Error in connection establishment: net::ERR_CONNECTION_REFUSED @ http://localhost:1420/@vite/client:1034
[ 6979797ms] [ERROR] Failed to load resource: net::ERR_CONNECTION_REFUSED @ http://localhost:1420/api/host.describe:0
[ 6979797ms] [WARNING] [web-runtime] connection lost, retry #163 @ http://localhost:1420/plugins/@deepseek-ai/dsh-client-connection/client.js?rev=a2c03f913693:116
[ 6980561ms] [ERROR] WebSocket connection to 'ws://localhost:1420/' failed: Error in connection establishment: net::ERR_CONNECTION_REFUSED @ http://localhost:1420/@vite/client:1034
[ 6984404ms] [ERROR] WebSocket connection to 'ws://localhost:1420/' failed: Error in connection establishment: net::ERR_CONNECTION_REFUSED @ http://localhost:1420/@vite/client:1034
[ 6988733ms] [ERROR] WebSocket connection to 'ws://localhost:1420/' failed: Error in connection establishment: net::ERR_CONNECTION_REFUSED @ http://localhost:1420/@vite/client:1034
[ 6989588ms] [ERROR] Failed to load resource: net::ERR_CONNECTION_REFUSED @ http://localhost:1420/api/host.describe:0
[ 6989588ms] [WARNING] [web-runtime] connection lost, retry #164 @ http://localhost:1420/plugins/@deepseek-ai/dsh-client-connection/client.js?rev=a2c03f913693:116
[ 6993692ms] [ERROR] WebSocket connection to 'ws://localhost:1420/' failed: Error in connection establishment: net::ERR_CONNECTION_REFUSED @ http://localhost:1420/@vite/client:1034
[ 6995744ms] [ERROR] Failed to load resource: net::ERR_CONNECTION_REFUSED @ http://localhost:1420/api/host.describe:0
[ 6995744ms] [WARNING] [web-runtime] connection lost, retry #165 @ http://localhost:1420/plugins/@deepseek-ai/dsh-client-connection/client.js?rev=a2c03f913693:116
[ 6998856ms] [ERROR] WebSocket connection to 'ws://localhost:1420/' failed: Error in connection establishment: net::ERR_CONNECTION_REFUSED @ http://localhost:1420/@vite/client:1034
[ 7001350ms] [ERROR] WebSocket connection to 'ws://localhost:1420/' failed: Error in connection establishment: net::ERR_CONNECTION_REFUSED @ http://localhost:1420/@vite/client:1034
[ 7002297ms] [ERROR] Failed to load resource: net::ERR_CONNECTION_REFUSED @ http://localhost:1420/api/host.describe:0
[ 7002297ms] [WARNING] [web-runtime] connection lost, retry #166 @ http://localhost:1420/plugins/@deepseek-ai/dsh-client-connection/client.js?rev=a2c03f913693:116
[ 7006336ms] [ERROR] WebSocket connection to 'ws://localhost:1420/' failed: Error in connection establishment: net::ERR_CONNECTION_REFUSED @ http://localhost:1420/@vite/client:1034
[ 7009731ms] [ERROR] WebSocket connection to 'ws://localhost:1420/' failed: Error in connection establishment: net::ERR_CONNECTION_REFUSED @ http://localhost:1420/@vite/client:1034
[ 7009923ms] [ERROR] Failed to load resource: net::ERR_CONNECTION_REFUSED @ http://localhost:1420/api/host.describe:0
[ 7009923ms] [WARNING] [web-runtime] connection lost, retry #167 @ http://localhost:1420/plugins/@deepseek-ai/dsh-client-connection/client.js?rev=a2c03f913693:116
[ 7011914ms] [ERROR] WebSocket connection to 'ws://localhost:1420/' failed: Error in connection establishment: net::ERR_CONNECTION_REFUSED @ http://localhost:1420/@vite/client:1034
[ 7015439ms] [ERROR] Failed to load resource: net::ERR_CONNECTION_REFUSED @ http://localhost:1420/api/host.describe:0
[ 7015439ms] [WARNING] [web-runtime] connection lost, retry #168 @ http://localhost:1420/plugins/@deepseek-ai/dsh-client-connection/client.js?rev=a2c03f913693:116
[ 7015577ms] [ERROR] WebSocket connection to 'ws://localhost:1420/' failed: Error in connection establishment: net::ERR_CONNECTION_REFUSED @ http://localhost:1420/@vite/client:1034
[ 7019572ms] [ERROR] WebSocket connection to 'ws://localhost:1420/' failed: Error in connection establishment: net::ERR_CONNECTION_REFUSED @ http://localhost:1420/@vite/client:1034
[ 7022632ms] [ERROR] WebSocket connection to 'ws://localhost:1420/' failed: Error in connection establishment: net::ERR_CONNECTION_REFUSED @ http://localhost:1420/@vite/client:1034
[ 7023906ms] [ERROR] Failed to load resource: net::ERR_CONNECTION_REFUSED @ http://localhost:1420/api/host.describe:0
[ 7023906ms] [WARNING] [web-runtime] connection lost, retry #169 @ http://localhost:1420/plugins/@deepseek-ai/dsh-client-connection/client.js?rev=a2c03f913693:116
[ 7027614ms] [ERROR] WebSocket connection to 'ws://localhost:1420/' failed: Error in connection establishment: net::ERR_CONNECTION_REFUSED @ http://localhost:1420/@vite/client:1034
[ 7030793ms] [ERROR] Failed to load resource: net::ERR_CONNECTION_REFUSED @ http://localhost:1420/api/host.describe:0
[ 7030793ms] [WARNING] [web-runtime] connection lost, retry #170 @ http://localhost:1420/plugins/@deepseek-ai/dsh-client-connection/client.js?rev=a2c03f913693:116
[ 7032003ms] [ERROR] WebSocket connection to 'ws://localhost:1420/' failed: Error in connection establishment: net::ERR_CONNECTION_REFUSED @ http://localhost:1420/@vite/client:1034
[ 7036278ms] [ERROR] WebSocket connection to 'ws://localhost:1420/' failed: Error in connection establishment: net::ERR_CONNECTION_REFUSED @ http://localhost:1420/@vite/client:1034
[ 7036893ms] [ERROR] Failed to load resource: net::ERR_CONNECTION_REFUSED @ http://localhost:1420/api/host.describe:0
[ 7036893ms] [WARNING] [web-runtime] connection lost, retry #171 @ http://localhost:1420/plugins/@deepseek-ai/dsh-client-connection/client.js?rev=a2c03f913693:116
[ 7040751ms] [ERROR] WebSocket connection to 'ws://localhost:1420/' failed: Error in connection establishment: net::ERR_CONNECTION_REFUSED @ http://localhost:1420/@vite/client:1034
[ 7044535ms] [ERROR] Failed to load resource: net::ERR_CONNECTION_REFUSED @ http://localhost:1420/api/host.describe:0
[ 7044535ms] [WARNING] [web-runtime] connection lost, retry #172 @ http://localhost:1420/plugins/@deepseek-ai/dsh-client-connection/client.js?rev=a2c03f913693:116
[ 7046268ms] [ERROR] WebSocket connection to 'ws://localhost:1420/' failed: Error in connection establishment: net::ERR_CONNECTION_REFUSED @ http://localhost:1420/@vite/client:1034
[ 7051271ms] [ERROR] WebSocket connection to 'ws://localhost:1420/' failed: Error in connection establishment: net::ERR_CONNECTION_REFUSED @ http://localhost:1420/@vite/client:1034
[ 7053303ms] [ERROR] Failed to load resource: net::ERR_CONNECTION_REFUSED @ http://localhost:1420/api/host.describe:0
[ 7053303ms] [WARNING] [web-runtime] connection lost, retry #173 @ http://localhost:1420/plugins/@deepseek-ai/dsh-client-connection/client.js?rev=a2c03f913693:116
[ 7056118ms] [ERROR] WebSocket connection to 'ws://localhost:1420/' failed: Error in connection establishment: net::ERR_CONNECTION_REFUSED @ http://localhost:1420/@vite/client:1034
[ 7061215ms] [ERROR] WebSocket connection to 'ws://localhost:1420/' failed: Error in connection establishment: net::ERR_CONNECTION_REFUSED @ http://localhost:1420/@vite/client:1034
[ 7062836ms] [ERROR] Failed to load resource: net::ERR_CONNECTION_REFUSED @ http://localhost:1420/api/host.describe:0
[ 7062836ms] [WARNING] [web-runtime] connection lost, retry #174 @ http://localhost:1420/plugins/@deepseek-ai/dsh-client-connection/client.js?rev=a2c03f913693:116
[ 7066317ms] [ERROR] WebSocket connection to 'ws://localhost:1420/' failed: Error in connection establishment: net::ERR_CONNECTION_REFUSED @ http://localhost:1420/@vite/client:1034
[ 7069480ms] [ERROR] Failed to load resource: net::ERR_CONNECTION_REFUSED @ http://localhost:1420/api/host.describe:0
[ 7069480ms] [WARNING] [web-runtime] connection lost, retry #175 @ http://localhost:1420/plugins/@deepseek-ai/dsh-client-connection/client.js?rev=a2c03f913693:116
[ 7070891ms] [ERROR] WebSocket connection to 'ws://localhost:1420/' failed: Error in connection establishment: net::ERR_CONNECTION_REFUSED @ http://localhost:1420/@vite/client:1034
[ 7074315ms] [ERROR] WebSocket connection to 'ws://localhost:1420/' failed: Error in connection establishment: net::ERR_CONNECTION_REFUSED @ http://localhost:1420/@vite/client:1034
[ 7078014ms] [ERROR] Failed to load resource: net::ERR_CONNECTION_REFUSED @ http://localhost:1420/api/host.describe:0
[ 7078014ms] [WARNING] [web-runtime] connection lost, retry #176 @ http://localhost:1420/plugins/@deepseek-ai/dsh-client-connection/client.js?rev=a2c03f913693:116
[ 7079291ms] [ERROR] WebSocket connection to 'ws://localhost:1420/' failed: Error in connection establishment: net::ERR_CONNECTION_REFUSED @ http://localhost:1420/@vite/client:1034
[ 7085165ms] [ERROR] WebSocket connection to 'ws://localhost:1420/' failed: Error in connection establishment: net::ERR_CONNECTION_REFUSED @ http://localhost:1420/@vite/client:1034
[ 7087512ms] [ERROR] Failed to load resource: net::ERR_CONNECTION_REFUSED @ http://localhost:1420/api/host.describe:0
[ 7087512ms] [WARNING] [web-runtime] connection lost, retry #177 @ http://localhost:1420/plugins/@deepseek-ai/dsh-client-connection/client.js?rev=a2c03f913693:116
[ 7088265ms] [ERROR] WebSocket connection to 'ws://localhost:1420/' failed: Error in connection establishment: net::ERR_CONNECTION_REFUSED @ http://localhost:1420/@vite/client:1034
[ 7090438ms] [ERROR] WebSocket connection to 'ws://localhost:1420/' failed: Error in connection establishment: net::ERR_CONNECTION_REFUSED @ http://localhost:1420/@vite/client:1034
[ 7094823ms] [ERROR] WebSocket connection to 'ws://localhost:1420/' failed: Error in connection establishment: net::ERR_CONNECTION_REFUSED @ http://localhost:1420/@vite/client:1034
[ 7095620ms] [ERROR] Failed to load resource: net::ERR_CONNECTION_REFUSED @ http://localhost:1420/api/host.describe:0
[ 7095620ms] [WARNING] [web-runtime] connection lost, retry #178 @ http://localhost:1420/plugins/@deepseek-ai/dsh-client-connection/client.js?rev=a2c03f913693:116
[ 7098615ms] [ERROR] WebSocket connection to 'ws://localhost:1420/' failed: Error in connection establishment: net::ERR_CONNECTION_REFUSED @ http://localhost:1420/@vite/client:1034
[ 7102454ms] [ERROR] WebSocket connection to 'ws://localhost:1420/' failed: Error in connection establishment: net::ERR_CONNECTION_REFUSED @ http://localhost:1420/@vite/client:1034
[ 7102510ms] [ERROR] Failed to load resource: net::ERR_CONNECTION_REFUSED @ http://localhost:1420/api/host.describe:0
[ 7102510ms] [WARNING] [web-runtime] connection lost, retry #179 @ http://localhost:1420/plugins/@deepseek-ai/dsh-client-connection/client.js?rev=a2c03f913693:116
[ 7106115ms] [ERROR] WebSocket connection to 'ws://localhost:1420/' failed: Error in connection establishment: net::ERR_CONNECTION_REFUSED @ http://localhost:1420/@vite/client:1034
[ 7111285ms] [ERROR] Failed to load resource: net::ERR_CONNECTION_REFUSED @ http://localhost:1420/api/host.describe:0
[ 7111285ms] [WARNING] [web-runtime] connection lost, retry #180 @ http://localhost:1420/plugins/@deepseek-ai/dsh-client-connection/client.js?rev=a2c03f913693:116
[ 7111903ms] [ERROR] WebSocket connection to 'ws://localhost:1420/' failed: Error in connection establishment: net::ERR_CONNECTION_REFUSED @ http://localhost:1420/@vite/client:1034
[ 7116290ms] [ERROR] Failed to load resource: net::ERR_CONNECTION_REFUSED @ http://localhost:1420/api/host.describe:0
[ 7116290ms] [WARNING] [web-runtime] connection lost, retry #181 @ http://localhost:1420/plugins/@deepseek-ai/dsh-client-connection/client.js?rev=a2c03f913693:116
[ 7116432ms] [ERROR] WebSocket connection to 'ws://localhost:1420/' failed: Error in connection establishment: net::ERR_CONNECTION_REFUSED @ http://localhost:1420/@vite/client:1034
[ 7122015ms] [ERROR] WebSocket connection to 'ws://localhost:1420/' failed: Error in connection establishment: net::ERR_CONNECTION_REFUSED @ http://localhost:1420/@vite/client:1034
[ 7122078ms] [ERROR] Failed to load resource: net::ERR_CONNECTION_REFUSED @ http://localhost:1420/api/host.describe:0
[ 7122078ms] [WARNING] [web-runtime] connection lost, retry #182 @ http://localhost:1420/plugins/@deepseek-ai/dsh-client-connection/client.js?rev=a2c03f913693:116
[ 7126321ms] [ERROR] WebSocket connection to 'ws://localhost:1420/' failed: Error in connection establishment: net::ERR_CONNECTION_REFUSED @ http://localhost:1420/@vite/client:1034
[ 7127795ms] [ERROR] Failed to load resource: net::ERR_CONNECTION_REFUSED @ http://localhost:1420/api/host.describe:0
[ 7127795ms] [WARNING] [web-runtime] connection lost, retry #183 @ http://localhost:1420/plugins/@deepseek-ai/dsh-client-connection/client.js?rev=a2c03f913693:116
[ 7131971ms] [ERROR] WebSocket connection to 'ws://localhost:1420/' failed: Error in connection establishment: net::ERR_CONNECTION_REFUSED @ http://localhost:1420/@vite/client:1034
[ 7135261ms] [ERROR] Failed to load resource: net::ERR_CONNECTION_REFUSED @ http://localhost:1420/api/host.describe:0
[ 7135261ms] [WARNING] [web-runtime] connection lost, retry #184 @ http://localhost:1420/plugins/@deepseek-ai/dsh-client-connection/client.js?rev=a2c03f913693:116
[ 7135761ms] [ERROR] WebSocket connection to 'ws://localhost:1420/' failed: Error in connection establishment: net::ERR_CONNECTION_REFUSED @ http://localhost:1420/@vite/client:1034
[ 7138099ms] [ERROR] WebSocket connection to 'ws://localhost:1420/' failed: Error in connection establishment: net::ERR_CONNECTION_REFUSED @ http://localhost:1420/@vite/client:1034
[ 7141311ms] [ERROR] WebSocket connection to 'ws://localhost:1420/' failed: Error in connection establishment: net::ERR_CONNECTION_REFUSED @ http://localhost:1420/@vite/client:1034
[ 7143719ms] [ERROR] Failed to load resource: net::ERR_CONNECTION_REFUSED @ http://localhost:1420/api/host.describe:0
[ 7143719ms] [WARNING] [web-runtime] connection lost, retry #185 @ http://localhost:1420/plugins/@deepseek-ai/dsh-client-connection/client.js?rev=a2c03f913693:116
[ 7146347ms] [ERROR] WebSocket connection to 'ws://localhost:1420/' failed: Error in connection establishment: net::ERR_CONNECTION_REFUSED @ http://localhost:1420/@vite/client:1034
[ 7149424ms] [ERROR] WebSocket connection to 'ws://localhost:1420/' failed: Error in connection establishment: net::ERR_CONNECTION_REFUSED @ http://localhost:1420/@vite/client:1034
[ 7149442ms] [ERROR] Failed to load resource: net::ERR_CONNECTION_REFUSED @ http://localhost:1420/api/host.describe:0
[ 7149442ms] [WARNING] [web-runtime] connection lost, retry #186 @ http://localhost:1420/plugins/@deepseek-ai/dsh-client-connection/client.js?rev=a2c03f913693:116
[ 7151506ms] [ERROR] WebSocket connection to 'ws://localhost:1420/' failed: Error in connection establishment: net::ERR_CONNECTION_REFUSED @ http://localhost:1420/@vite/client:1034
[ 7157358ms] [ERROR] WebSocket connection to 'ws://localhost:1420/' failed: Error in connection establishment: net::ERR_CONNECTION_REFUSED @ http://localhost:1420/@vite/client:1034
[ 7157954ms] [ERROR] Failed to load resource: net::ERR_CONNECTION_REFUSED @ http://localhost:1420/api/host.describe:0
[ 7157954ms] [WARNING] [web-runtime] connection lost, retry #187 @ http://localhost:1420/plugins/@deepseek-ai/dsh-client-connection/client.js?rev=a2c03f913693:116
[ 7161311ms] [ERROR] WebSocket connection to 'ws://localhost:1420/' failed: Error in connection establishment: net::ERR_CONNECTION_REFUSED @ http://localhost:1420/@vite/client:1034
[ 7163626ms] [ERROR] Failed to load resource: net::ERR_CONNECTION_REFUSED @ http://localhost:1420/api/host.describe:0
[ 7163626ms] [WARNING] [web-runtime] connection lost, retry #188 @ http://localhost:1420/plugins/@deepseek-ai/dsh-client-connection/client.js?rev=a2c03f913693:116
[ 7166265ms] [ERROR] WebSocket connection to 'ws://localhost:1420/' failed: Error in connection establishment: net::ERR_CONNECTION_REFUSED @ http://localhost:1420/@vite/client:1034
[ 7170015ms] [ERROR] WebSocket connection to 'ws://localhost:1420/' failed: Error in connection establishment: net::ERR_CONNECTION_REFUSED @ http://localhost:1420/@vite/client:1034
[ 7172666ms] [ERROR] Failed to load resource: net::ERR_CONNECTION_REFUSED @ http://localhost:1420/api/host.describe:0
[ 7172666ms] [WARNING] [web-runtime] connection lost, retry #189 @ http://localhost:1420/plugins/@deepseek-ai/dsh-client-connection/client.js?rev=a2c03f913693:116
[ 7172844ms] [ERROR] WebSocket connection to 'ws://localhost:1420/' failed: Error in connection establishment: net::ERR_CONNECTION_REFUSED @ http://localhost:1420/@vite/client:1034
[ 7176415ms] [ERROR] WebSocket connection to 'ws://localhost:1420/' failed: Error in connection establishment: net::ERR_CONNECTION_REFUSED @ http://localhost:1420/@vite/client:1034
[ 7178887ms] [ERROR] Failed to load resource: net::ERR_CONNECTION_REFUSED @ http://localhost:1420/api/host.describe:0
[ 7178887ms] [WARNING] [web-runtime] connection lost, retry #190 @ http://localhost:1420/plugins/@deepseek-ai/dsh-client-connection/client.js?rev=a2c03f913693:116
[ 7180099ms] [ERROR] WebSocket connection to 'ws://localhost:1420/' failed: Error in connection establishment: net::ERR_CONNECTION_REFUSED @ http://localhost:1420/@vite/client:1034
[ 7182508ms] [ERROR] WebSocket connection to 'ws://localhost:1420/' failed: Error in connection establishment: net::ERR_CONNECTION_REFUSED @ http://localhost:1420/@vite/client:1034
[ 7184436ms] [ERROR] Failed to load resource: net::ERR_CONNECTION_REFUSED @ http://localhost:1420/api/host.describe:0
[ 7184437ms] [WARNING] [web-runtime] connection lost, retry #191 @ http://localhost:1420/plugins/@deepseek-ai/dsh-client-connection/client.js?rev=a2c03f913693:116
[ 7186416ms] [ERROR] WebSocket connection to 'ws://localhost:1420/' failed: Error in connection establishment: net::ERR_CONNECTION_REFUSED @ http://localhost:1420/@vite/client:1034
[ 7191458ms] [ERROR] WebSocket connection to 'ws://localhost:1420/' failed: Error in connection establishment: net::ERR_CONNECTION_REFUSED @ http://localhost:1420/@vite/client:1034
[ 7193410ms] [ERROR] Failed to load resource: net::ERR_CONNECTION_REFUSED @ http://localhost:1420/api/host.describe:0
[ 7193410ms] [WARNING] [web-runtime] connection lost, retry #192 @ http://localhost:1420/plugins/@deepseek-ai/dsh-client-connection/client.js?rev=a2c03f913693:116
[ 7196499ms] [ERROR] WebSocket connection to 'ws://localhost:1420/' failed: Error in connection establishment: net::ERR_CONNECTION_REFUSED @ http://localhost:1420/@vite/client:1034
[ 7199466ms] [ERROR] WebSocket connection to 'ws://localhost:1420/' failed: Error in connection establishment: net::ERR_CONNECTION_REFUSED @ http://localhost:1420/@vite/client:1034
[ 7202453ms] [ERROR] Failed to load resource: net::ERR_CONNECTION_REFUSED @ http://localhost:1420/api/host.describe:0
[ 7202453ms] [WARNING] [web-runtime] connection lost, retry #193 @ http://localhost:1420/plugins/@deepseek-ai/dsh-client-connection/client.js?rev=a2c03f913693:116
[ 7203235ms] [ERROR] WebSocket connection to 'ws://localhost:1420/' failed: Error in connection establishment: net::ERR_CONNECTION_REFUSED @ http://localhost:1420/@vite/client:1034
[ 7208222ms] [ERROR] WebSocket connection to 'ws://localhost:1420/' failed: Error in connection establishment: net::ERR_CONNECTION_REFUSED @ http://localhost:1420/@vite/client:1034
[ 7212186ms] [ERROR] Failed to load resource: net::ERR_CONNECTION_REFUSED @ http://localhost:1420/api/host.describe:0
[ 7212186ms] [WARNING] [web-runtime] connection lost, retry #194 @ http://localhost:1420/plugins/@deepseek-ai/dsh-client-connection/client.js?rev=a2c03f913693:116
[ 7214082ms] [ERROR] WebSocket connection to 'ws://localhost:1420/' failed: Error in connection establishment: net::ERR_CONNECTION_REFUSED @ http://localhost:1420/@vite/client:1034
[ 7217601ms] [ERROR] WebSocket connection to 'ws://localhost:1420/' failed: Error in connection establishment: net::ERR_CONNECTION_REFUSED @ http://localhost:1420/@vite/client:1034
[ 7218531ms] [ERROR] Failed to load resource: net::ERR_CONNECTION_REFUSED @ http://localhost:1420/api/host.describe:0
[ 7218531ms] [WARNING] [web-runtime] connection lost, retry #195 @ http://localhost:1420/plugins/@deepseek-ai/dsh-client-connection/client.js?rev=a2c03f913693:116
[ 7218604ms] [ERROR] WebSocket connection to 'ws://localhost:1420/' failed: Error in connection establishment: net::ERR_CONNECTION_REFUSED @ http://localhost:1420/@vite/client:1034
[ 7219608ms] [ERROR] WebSocket connection to 'ws://localhost:1420/' failed: Error in connection establishment: net::ERR_CONNECTION_REFUSED @ http://localhost:1420/@vite/client:1034
[ 7220610ms] [ERROR] WebSocket connection to 'ws://localhost:1420/' failed: Error in connection establishment: net::ERR_CONNECTION_REFUSED @ http://localhost:1420/@vite/client:1034
[ 7221613ms] [ERROR] WebSocket connection to 'ws://localhost:1420/' failed: Error in connection establishment: net::ERR_CONNECTION_REFUSED @ http://localhost:1420/@vite/client:1034
[ 7222621ms] [ERROR] WebSocket connection to 'ws://localhost:1420/' failed: Error in connection establishment: net::ERR_CONNECTION_REFUSED @ http://localhost:1420/@vite/client:1034
[ 7223628ms] [ERROR] WebSocket connection to 'ws://localhost:1420/' failed: Error in connection establishment: net::ERR_CONNECTION_REFUSED @ http://localhost:1420/@vite/client:1034
[ 7224570ms] [ERROR] Failed to load resource: net::ERR_CONNECTION_REFUSED @ http://localhost:1420/api/host.describe:0
[ 7224570ms] [WARNING] [web-runtime] connection lost, retry #196 @ http://localhost:1420/plugins/@deepseek-ai/dsh-client-connection/client.js?rev=a2c03f913693:116
[ 7224642ms] [ERROR] WebSocket connection to 'ws://localhost:1420/' failed: Error in connection establishment: net::ERR_CONNECTION_REFUSED @ http://localhost:1420/@vite/client:1034
[ 7225666ms] [ERROR] WebSocket connection to 'ws://localhost:1420/' failed: Error in connection establishment: net::ERR_CONNECTION_REFUSED @ http://localhost:1420/@vite/client:1034
[ 7226680ms] [ERROR] WebSocket connection to 'ws://localhost:1420/' failed: Error in connection establishment: net::ERR_CONNECTION_REFUSED @ http://localhost:1420/@vite/client:1034
[ 7227725ms] [ERROR] WebSocket connection to 'ws://localhost:1420/' failed: Error in connection establishment: net::ERR_CONNECTION_REFUSED @ http://localhost:1420/@vite/client:1034
[ 7228816ms] [ERROR] WebSocket connection to 'ws://localhost:1420/' failed: Error in connection establishment: net::ERR_CONNECTION_REFUSED @ http://localhost:1420/@vite/client:1034
[ 7229938ms] [ERROR] WebSocket connection to 'ws://localhost:1420/' failed: Error in connection establishment: net::ERR_CONNECTION_REFUSED @ http://localhost:1420/@vite/client:1034
[ 7231343ms] [ERROR] Failed to load resource: net::ERR_CONNECTION_REFUSED @ http://localhost:1420/api/host.describe:0
[ 7231343ms] [WARNING] [web-runtime] connection lost, retry #197 @ http://localhost:1420/plugins/@deepseek-ai/dsh-client-connection/client.js?rev=a2c03f913693:116
[ 7231371ms] [ERROR] WebSocket connection to 'ws://localhost:1420/' failed: Error in connection establishment: net::ERR_CONNECTION_REFUSED @ http://localhost:1420/@vite/client:1034
[ 7232869ms] [ERROR] WebSocket connection to 'ws://localhost:1420/' failed: Error in connection establishment: net::ERR_CONNECTION_REFUSED @ http://localhost:1420/@vite/client:1034
[ 7235966ms] [ERROR] WebSocket connection to 'ws://localhost:1420/' failed: Error in connection establishment: net::ERR_CONNECTION_REFUSED @ http://localhost:1420/@vite/client:1034
[ 7238292ms] [ERROR] WebSocket connection to 'ws://localhost:1420/' failed: Error in connection establishment: net::ERR_CONNECTION_REFUSED @ http://localhost:1420/@vite/client:1034
[ 7239783ms] [ERROR] Failed to load resource: net::ERR_CONNECTION_REFUSED @ http://localhost:1420/api/host.describe:0
[ 7239783ms] [WARNING] [web-runtime] connection lost, retry #198 @ http://localhost:1420/plugins/@deepseek-ai/dsh-client-connection/client.js?rev=a2c03f913693:116
[ 7240885ms] [ERROR] WebSocket connection to 'ws://localhost:1420/' failed: Error in connection establishment: net::ERR_CONNECTION_REFUSED @ http://localhost:1420/@vite/client:1034
[ 7246754ms] [ERROR] WebSocket connection to 'ws://localhost:1420/' failed: Error in connection establishment: net::ERR_CONNECTION_REFUSED @ http://localhost:1420/@vite/client:1034
[ 7247292ms] [ERROR] Failed to load resource: net::ERR_CONNECTION_REFUSED @ http://localhost:1420/api/host.describe:0
[ 7247292ms] [WARNING] [web-runtime] connection lost, retry #199 @ http://localhost:1420/plugins/@deepseek-ai/dsh-client-connection/client.js?rev=a2c03f913693:116
[ 7251767ms] [ERROR] WebSocket connection to 'ws://localhost:1420/' failed: Error in connection establishment: net::ERR_CONNECTION_REFUSED @ http://localhost:1420/@vite/client:1034
[ 7255104ms] [ERROR] Failed to load resource: net::ERR_CONNECTION_REFUSED @ http://localhost:1420/api/host.describe:0
[ 7255104ms] [WARNING] [web-runtime] connection lost, retry #200 @ http://localhost:1420/plugins/@deepseek-ai/dsh-client-connection/client.js?rev=a2c03f913693:116
[ 7255833ms] [ERROR] WebSocket connection to 'ws://localhost:1420/' failed: Error in connection establishment: net::ERR_CONNECTION_REFUSED @ http://localhost:1420/@vite/client:1034
